algorithm,primal_lb,gap_pct,instance,status,time_elapsed,rnd_seed,num_items,num_classes,optimal
mckp,506594.0,0.0,ytntyj_800_20,feasible,48.415031861,ytntyj,800,20,True
mckp,601756.0,0.0,jhzljs_1200_20,feasible,42.713358458,jhzljs,1200,20,True
compact,1001334.0,9.949250122393795e-05,rwwpdi_400_20,feasible,6.756212949752808,rwwpdi,400,20,True
mckp,501937.0,0.0,xoihse_1000_20,feasible,47.398855598,xoihse,1000,20,True
mckp,511699.0,0.0,gkhbxg_600_20,feasible,73.18952916799999,gkhbxg,600,20,True
mckp,1008218.0,0.0,kwcuya_400_100,feasible,150.23113034899998,kwcuya,400,100,True
compact,1002347.0,6.206649308283091e-05,quggrd_600_20,feasible,0.1688427925109863,quggrd,600,20,True
mckp,1003926.0,0.0,qsplie_1000_20,feasible,48.345756893,qsplie,1000,20,True
compact,1003577.0,9.998799750203418e-05,hojopw_400_20,feasible,3333.734299182892,hojopw,400,20,True
compact,502885.0,0.0,awwpjb_800_20,feasible,0.0228538513183593,awwpjb,800,20,True
mckp,1001480.0,0.0,thhscj_600_20,feasible,73.79405031499999,thhscj,600,20,True
compact,979571.0,2.433069468023242,lhxjcj_1000_100,feasible,3600.0007708072662,lhxjcj,1000,100,False
compact,972623.0,0.0,rjdhmd_600_20,feasible,1.5409479141235352,rjdhmd,600,20,True
mckp,1008880.0,0.0,dmbgod_800_100,feasible,219.932311159,dmbgod,800,100,True
mckp,999986.0,0.0,nfigil_600_20,feasible,78.42841588900001,nfigil,600,20,True
mckp,994319.0,0.0,cpfujy_600_20,feasible,69.942708271,cpfujy,600,20,True
compact,974688.0,0.0,bbffdb_1000_20,feasible,0.2564270496368408,bbffdb,1000,20,True
compact,1002038.0,0.0,jleqwk_800_100,feasible,0.0761950016021728,jleqwk,800,100,True
mckp,1001669.0,0.0,xdpjjz_1200_20,feasible,53.422567925,xdpjjz,1200,20,True
compact,1005711.0,9.943204416373672e-05,izqrdo_800_100,feasible,0.2713360786437988,izqrdo,800,100,True
mckp,504705.0,0.0,rcngtm_600_20,feasible,79.182455441,rcngtm,600,20,True
compact,1003174.0,9.96835048720313e-05,zwpzoy_400_100,feasible,0.4531741142272949,zwpzoy,400,100,True
mckp,1004146.0,0.0,jfhrui_600_20,feasible,78.97988199,jfhrui,600,20,True
mckp,1004446.0,0.0,ouolig_600_20,feasible,98.16373346,ouolig,600,20,True
mckp,517452.0,0.0,pcglor_1000_100,feasible,301.300310061,pcglor,1000,100,True
compact,1001466.0,9.770105399688953e-05,vgmifu_600_20,feasible,0.1812601089477539,vgmifu,600,20,True
mckp,972788.0,0.0,pqrhdv_600_20,feasible,67.3717828,pqrhdv,600,20,True
compact,1005079.0,0.0131195544270838,ubmoir_1000_100,feasible,3600.0005090236664,ubmoir,1000,100,False
compact,999438.0,0.0504029233695438,lzdqxg_1200_20,feasible,3600.000853061676,lzdqxg,1200,20,False
mckp,1012111.0,0.0,euyllj_800_100,feasible,310.733670256,euyllj,800,100,True
mckp,995627.0,0.0,uqhwlv_800_20,feasible,43.749559323,uqhwlv,800,20,True
mckp,1005196.0,0.0,mshdgx_800_100,feasible,175.279292243,mshdgx,800,100,True
compact,1018466.0,0.0,arnrjh_1200_100,feasible,0.0601558685302734,arnrjh,1200,100,True
mckp,1002970.0,0.0,syqyvv_800_20,feasible,52.357247006,syqyvv,800,20,True
mckp,972623.0,0.0,rjdhmd_600_20,feasible,72.007191748,rjdhmd,600,20,True
mckp,1001496.0,0.0,zedxos_600_20,feasible,80.74784532400001,zedxos,600,20,True
compact,1001638.0,9.977862599993996e-05,kgbzqo_1000_20,feasible,0.6636600494384766,kgbzqo,1000,20,True
mckp,1001445.0,0.0,dsusdb_1000_20,feasible,50.092512977,dsusdb,1000,20,True
compact,1018658.0,9.816827809895166e-05,tezvfh_1200_100,feasible,0.1179099082946777,tezvfh,1200,100,True
compact,1004603.0,0.0025563966783895,stsueb_600_100,feasible,3600.00052690506,stsueb,600,100,False
compact,502368.0,0.0,fpcqvo_600_20,feasible,0.0055921077728271,fpcqvo,600,20,True
mckp,997468.0,0.0,rwluzt_800_20,feasible,45.564551137,rwluzt,800,20,True
compact,503853.0,0.0,yxuvcu_1200_20,feasible,0.0081171989440917,yxuvcu,1200,20,True
compact,984440.0,2.2456213966808103,qpsryb_800_100,feasible,3600.0007309913635,qpsryb,800,100,False
mckp,974663.0,0.0,wopizf_600_20,feasible,78.621605796,wopizf,600,20,True
mckp,1001394.0,0.0,tjcypi_1200_20,feasible,50.418766598,tjcypi,1200,20,True
compact,1005665.0,9.943659226820831e-05,licfja_1000_100,feasible,0.9893090724945068,licfja,1000,100,True
compact,513711.0,0.0,weaoes_1200_20,feasible,0.0242688655853271,weaoes,1200,20,True
compact,1004551.0,0.0,kthphr_600_20,feasible,0.1532161235809326,kthphr,600,20,True
mckp,1005142.0,0.0,yqdlcg_1000_100,feasible,238.573359817,yqdlcg,1000,100,True
mckp,1001336.0,0.0,wmmrup_400_20,feasible,66.53286053299999,wmmrup,400,20,True
mckp,1004112.0,0.0,xqixvo_600_100,feasible,137.230337442,xqixvo,600,100,True
compact,1004344.0,8.161735320748946e-05,tbkjvd_800_20,feasible,1.4121088981628418,tbkjvd,800,20,True
mckp,999019.0,0.0,jtqney_600_20,feasible,65.015319609,jtqney,600,20,True
mckp,1003877.0,0.0,dbqsdm_1200_20,feasible,50.883209615,dbqsdm,1200,20,True
compact,1001461.0,9.999750304109536e-05,hbodyh_1000_20,feasible,2988.45774102211,hbodyh,1000,20,True
compact,1006001.0,0.0,lmtutv_1200_100,feasible,0.105720043182373,lmtutv,1200,100,True
compact,504811.0,0.0,vrakyi_600_20,feasible,0.0026979446411132,vrakyi,600,20,True
compact,503568.0,0.0,tkzact_800_20,feasible,0.0065679550170898,tkzact,800,20,True
compact,997602.0,0.5250717649579614,vkdcku_1200_20,feasible,3600.000706911087,vkdcku,1200,20,False
mckp,1000026.0,0.0,upevzp_1200_20,feasible,50.290220751,upevzp,1200,20,True
compact,1005473.0,9.945558015423572e-05,npbptw_800_100,feasible,0.1279869079589843,npbptw,800,100,True
compact,1004774.0,8.695868275154268e-05,qfatxn_800_20,feasible,0.1692259311676025,qfatxn,800,20,True
compact,1003831.0,9.981735670616966e-05,kghauy_400_20,feasible,64.02967715263367,kghauy,400,20,True
mckp,504675.0,0.0,ndfikk_1000_20,feasible,43.202423566,ndfikk,1000,20,True
compact,1003656.0,0.0228113777972576,akdftn_600_100,feasible,3600.000791072845,akdftn,600,100,False
mckp,994017.0,0.0,jwsajq_400_20,feasible,63.733255061,jwsajq,400,20,True
compact,1003877.0,9.9338222609229e-05,dbqsdm_1200_20,feasible,14.81658101081848,dbqsdm,1200,20,True
compact,1012107.0,9.88036849822351e-05,oosesk_1000_100,feasible,0.1172201633453369,oosesk,1000,100,True
compact,1004226.0,4.802397786160273e-05,dnfshm_400_20,feasible,0.3037118911743164,dnfshm,400,20,True
mckp,515546.0,0.0,knxpxx_1200_20,feasible,48.669362794,knxpxx,1200,20,True
mckp,1003181.0,0.0,mqdhsp_1200_20,feasible,48.56753602,mqdhsp,1200,20,True
compact,1003100.0,9.969085864733462e-05,rwfbur_800_20,feasible,0.4491150379180908,rwfbur,800,20,True
mckp,997326.0,0.0,hxzpls_800_20,feasible,42.106092964,hxzpls,800,20,True
mckp,995686.0,0.0,orhpoo_1000_100,feasible,283.1200838,orhpoo,1000,100,True
mckp,999933.0,0.0,bvuuya_400_20,feasible,77.80199573300001,bvuuya,400,20,True
mckp,976524.0,0.0,zbitjc_1000_20,feasible,44.985902998,zbitjc,1000,20,True
mckp,502850.0,0.0,vjylrn_1200_20,feasible,47.293176308,vjylrn,1200,20,True
compact,972527.0,6.854988873833418e-05,wlapwk_400_20,feasible,0.0267958641052246,wlapwk,400,20,True
compact,1011008.0,9.89110878340351e-05,flxecx_400_100,feasible,0.3398549556732178,flxecx,400,100,True
mckp,1005826.0,0.0,vpxssj_1200_100,feasible,294.979958302,vpxssj,1200,100,True
compact,1004260.0,0.0,mtvcut_800_100,feasible,0.022170066833496,mtvcut,800,100,True
compact,1007812.0,0.0,kysakj_1000_100,feasible,0.0735130310058593,kysakj,1000,100,True
compact,995494.0,0.5504448047486232,zjxbmh_1200_20,feasible,3600.000627040863,zjxbmh,1200,20,False
compact,513319.0,0.0,rhxluy_400_20,feasible,0.013031005859375,rhxluy,400,20,True
compact,972701.0,1.8280141349604888,hxfkyd_1200_20,feasible,3600.0009429454803,hxfkyd,1200,20,False
compact,1012216.0,0.0,yollvg_1200_100,feasible,0.0812878608703613,yollvg,1200,100,True
mckp,1007523.0,0.0,plqkzm_400_100,feasible,114.256413203,plqkzm,400,100,True
mckp,1003832.0,0.0,inmnaf_800_20,feasible,57.441496701000005,inmnaf,800,20,True
mckp,1003167.0,0.0,vnjhxp_1000_20,feasible,48.848536277,vnjhxp,1000,20,True
mckp,1004251.0,0.0,ngxkda_400_20,feasible,72.28475419,ngxkda,400,20,True
mckp,501887.0,0.0,hhnbfy_800_20,feasible,48.634511547,hhnbfy,800,20,True
compact,992487.0,9.710832720140996e-05,kozclw_800_20,feasible,20.499237060546875,kozclw,800,20,True
compact,1001669.0,9.98332784250302e-05,testig_1000_20,feasible,0.1059491634368896,testig,1000,20,True
mckp,975427.0,0.0,pafbdz_1200_100,feasible,339.176115487,pafbdz,1200,100,True
compact,1010975.0,0.0017773862172205,yeeclu_1200_100,feasible,3600.000843048096,yeeclu,1200,100,False
mckp,1002938.0,0.0,tbxddm_600_20,feasible,98.019234387,tbxddm,600,20,True
compact,502936.0,0.0,jtgvwi_1200_20,feasible,0.0074021816253662,jtgvwi,1200,20,True
mckp,1010340.0,0.0,tlhdcf_1000_100,feasible,256.901626932,tlhdcf,1000,100,True
mckp,1003343.0,0.0,zgpsmt_1000_20,feasible,62.010273716,zgpsmt,1000,20,True
mckp,990695.0,0.0,hxvdkz_1200_20,feasible,53.890304685,hxvdkz,1200,20,True
compact,1002815.0,9.98941557141746e-05,czkbxt_800_20,feasible,15.587131023406982,czkbxt,800,20,True
mckp,1001526.0,0.0,tlmuee_600_20,feasible,70.64896543,tlmuee,600,20,True
compact,1001293.0,9.17453905642138e-05,tgqljq_600_20,feasible,1.184431076049805,tgqljq,600,20,True
compact,1000019.0,0.1623632255009948,awfngg_1200_20,feasible,3600.0006380081177,awfngg,1200,20,False
mckp,972646.0,0.0,tztxnl_1000_20,feasible,49.019143745,tztxnl,1000,20,True
compact,1004222.0,0.0059566863108233,tenfqf_800_100,feasible,3600.0005559921265,tenfqf,800,100,False
mckp,1002723.0,0.0,bifiul_400_20,feasible,68.272685994,bifiul,400,20,True
compact,1010239.0,9.898637947418437e-05,bqxhei_1000_100,feasible,1.531491994857788,bqxhei,1000,100,True
compact,970751.0,0.0,xsxoef_400_20,feasible,0.1844298839569091,xsxoef,400,20,True
mckp,1003104.0,0.0,pxzpft_400_100,feasible,94.888744242,pxzpft,400,100,True
compact,511585.0,0.0,hgvlor_800_20,feasible,0.0050680637359619,hgvlor,800,20,True
mckp,997292.0,0.0,zicnvb_1200_20,feasible,50.327257427,zicnvb,1200,20,True
compact,1003944.0,0.0,vpgdkz_800_100,feasible,1.9041359424591064,vpgdkz,800,100,True
mckp,503660.0,0.0,evkifm_400_20,feasible,69.00956534000001,evkifm,400,20,True
mckp,976468.0,0.0,cemctw_800_100,feasible,282.103750164,cemctw,800,100,True
compact,1010636.0,9.89474954904679e-05,objmzg_600_100,feasible,0.2760589122772217,objmzg,600,100,True
compact,1006098.0,9.939379723069002e-05,goococ_1200_100,feasible,0.3568739891052246,goococ,1200,100,True
mckp,970712.0,0.0,vcunin_1000_20,feasible,46.254287668,vcunin,1000,20,True
mckp,501800.0,0.0,ulyxaz_600_20,feasible,62.425653621,ulyxaz,600,20,True
compact,999427.0,0.1943541263115175,pzsttz_800_20,feasible,3600.0006790161133,pzsttz,800,20,False
mckp,503443.0,0.0,owyibx_1000_20,feasible,40.336541327,owyibx,1000,20,True
compact,1003187.0,8.458414305872436e-05,pkowig_1000_20,feasible,0.2063150405883789,pkowig,1000,20,True
compact,1002039.0,0.1381817594581589,fgepsn_1000_100,feasible,3600.0007519721985,fgepsn,1000,100,False
compact,503615.0,0.0,alednf_1000_20,feasible,0.0069470405578613,alednf,1000,20,True
compact,1003991.0,9.98928796817942e-05,ltbyky_600_20,feasible,218.37001299858093,ltbyky,600,20,True
compact,985723.0,2.367476293633175,ejoylq_1200_100,feasible,3600.001056909561,ejoylq,1200,100,False
mckp,982501.0,0.0,gozmth_1200_100,feasible,349.858437067,gozmth,1200,100,True
mckp,503142.0,0.0,scauyx_600_20,feasible,75.316883706,scauyx,600,20,True
compact,1002910.0,9.990149425060502e-05,htpapa_600_20,feasible,40.02075409889221,htpapa,600,20,True
mckp,1013042.0,0.0,oawfyb_1200_100,feasible,204.262994551,oawfyb,1200,100,True
mckp,974391.0,0.0,aiwfll_600_20,feasible,72.635040566,aiwfll,600,20,True
compact,1000162.0,0.1263534260879369,utzbal_800_20,feasible,3600.0007090568542,utzbal,800,20,False
mckp,501810.0,0.0,svietx_1000_20,feasible,44.01215902,svietx,1000,20,True
mckp,1001766.0,0.0,ziizbq_600_100,feasible,240.017285589,ziizbq,600,100,True
compact,990678.0,0.0,onwvvy_1200_20,feasible,1.177433967590332,onwvvy,1200,20,True
mckp,1005020.0,0.0,pnshaz_1000_100,feasible,236.48322173000005,pnshaz,1000,100,True
mckp,975998.0,0.0,ycvoap_400_20,feasible,72.400216397,ycvoap,400,20,True
mckp,1004627.0,0.0,kjsttv_600_20,feasible,103.414337122,kjsttv,600,20,True
compact,972619.0,0.6321538161746167,mgayqw_800_20,feasible,3600.000441074372,mgayqw,800,20,False
mckp,1013289.0,0.0,silbpw_800_100,feasible,226.704813989,silbpw,800,100,True
mckp,975825.0,0.0,kbjkis_400_20,feasible,63.440441229,kbjkis,400,20,True
mckp,501724.0,0.0,ymctvg_800_20,feasible,44.228347523,ymctvg,800,20,True
mckp,1003309.0,0.0,tndwpg_1200_20,feasible,95.042782637,tndwpg,1200,20,True
mckp,1012233.0,0.0,gxvpgf_600_100,feasible,163.43801196799998,gxvpgf,600,100,True
mckp,505766.0,0.0,saiuzs_800_20,feasible,45.093859573,saiuzs,800,20,True
mckp,502765.0,0.0,bcwuat_400_20,feasible,69.725802016,bcwuat,400,20,True
compact,999222.0,0.402700174123074,njlsjj_800_20,feasible,3600.000445127487,njlsjj,800,20,False
mckp,1001981.0,0.0,eqncbc_800_20,feasible,46.819188444000005,eqncbc,800,20,True
mckp,974529.0,0.0,fmvvvl_600_20,feasible,71.503476131,fmvvvl,600,20,True
compact,1003808.0,0.0640463356323419,wvlvra_1000_100,feasible,3600.000696182251,wvlvra,1000,100,False
mckp,1004226.0,0.0,dnfshm_400_20,feasible,72.459594008,dnfshm,400,20,True
compact,1004596.0,6.283847011675322e-05,savgfg_600_20,feasible,0.3209631443023681,savgfg,600,20,True
mckp,974600.0,0.0,eyheuh_1200_20,feasible,53.342641571,eyheuh,1200,20,True
compact,1005453.0,9.94575584760715e-05,nvmiqd_1200_100,feasible,0.2202789783477783,nvmiqd,1200,100,True
mckp,1012955.0,0.0,wyngng_1200_100,feasible,334.68708726700004,wyngng,1200,100,True
compact,1010394.0,9.897119443386004e-05,gnpsfe_400_100,feasible,0.1027441024780273,gnpsfe,400,100,True
compact,1002906.0,9.430647234577193e-05,wwebjn_400_20,feasible,0.3869609832763672,wwebjn,400,20,True
mckp,972540.0,0.0,zswojk_600_20,feasible,70.71750753,zswojk,600,20,True
compact,974631.0,0.0,qdhgug_800_20,feasible,0.1625509262084961,qdhgug,800,20,True
mckp,1010636.0,0.0,objmzg_600_100,feasible,178.023092373,objmzg,600,100,True
compact,998215.0,9.67245992372694e-05,zamzpb_400_20,feasible,0.6780529022216797,zamzpb,400,20,True
mckp,1001630.0,0.0,oibttc_1200_20,feasible,54.606874824,oibttc,1200,20,True
compact,1016606.0,9.83664287182756e-05,epngbw_1000_100,feasible,0.0803999900817871,epngbw,1000,100,True
mckp,1016606.0,0.0,epngbw_1000_100,feasible,164.427327519,epngbw,1000,100,True
compact,1015844.0,9.844021479654868e-05,wtiozt_1200_100,feasible,8.675359010696411,wtiozt,1200,100,True
mckp,1003202.0,0.0,kvuhjg_1000_20,feasible,45.476986835,kvuhjg,1000,20,True
mckp,1004310.0,0.0,iatdfg_400_20,feasible,70.318484285,iatdfg,400,20,True
compact,1001480.0,9.98521190117436e-05,thhscj_600_20,feasible,0.0856440067291259,thhscj,600,20,True
compact,1017258.0,9.830338193124856e-05,ltxabf_1000_100,feasible,0.1749129295349121,ltxabf,1000,100,True
mckp,1004557.0,0.0,pfrawo_600_20,feasible,88.56986853,pfrawo,600,20,True
compact,999976.0,0.1488601542863831,vemhyg_600_20,feasible,3600.00040102005,vemhyg,600,20,False
mckp,1000635.0,0.0,ijfgfx_1000_100,feasible,367.238026941,ijfgfx,1000,100,True
compact,1004379.0,9.956391007387642e-05,olulvl_600_100,feasible,0.1919810771942138,olulvl,600,100,True
compact,1003982.0,7.491478415274342e-05,nrvift_400_20,feasible,0.3074071407318115,nrvift,400,20,True
mckp,976441.0,0.0,kwphyl_800_20,feasible,44.985789682,kwphyl,800,20,True
compact,970715.0,2.0128636755925835,telskb_1200_20,feasible,3600.0007870197296,telskb,1200,20,False
compact,976559.0,0.0,ffrpeh_1200_20,feasible,0.0670459270477294,ffrpeh,1200,20,True
compact,1012830.0,9.87331548896114e-05,fxipuu_1200_100,feasible,0.1156671047210693,fxipuu,1200,100,True
compact,1004170.0,0.0,hmqlnu_400_20,feasible,0.2135770320892334,hmqlnu,400,20,True
mckp,1017075.0,0.0,oepmph_1000_100,feasible,195.843523906,oepmph,1000,100,True
mckp,1012095.0,0.0,cpxwpg_1200_100,feasible,205.792927797,cpxwpg,1200,100,True
compact,1001553.0,0.0,ezrfei_1000_20,feasible,0.073009967803955,ezrfei,1000,20,True
compact,503843.0,0.0,rtuwls_1000_20,feasible,0.0069880485534667,rtuwls,1000,20,True
mckp,995350.0,0.0,jlvhwb_1200_100,feasible,363.785481609,jlvhwb,1200,100,True
compact,974443.0,1.2771727100473944,ezuebw_400_20,feasible,3600.0003609657288,ezuebw,400,20,False
compact,1004125.0,9.154439949138358e-05,lqyhsi_400_20,feasible,4.225166082382202,lqyhsi,400,20,True
mckp,503930.0,0.0,hokaoo_1200_20,feasible,49.078063048,hokaoo,1200,20,True
compact,1001343.0,9.986578039115428e-05,kntgxd_400_20,feasible,328.5461127758026,kntgxd,400,20,True
mckp,501212.0,0.0,knszgm_400_20,feasible,72.442644098,knszgm,400,20,True
mckp,1001880.0,0.0,noigss_600_20,feasible,72.59772403699999,noigss,600,20,True
compact,1004403.0,9.956153101739935e-05,baxdqz_1000_20,feasible,0.0820198059082031,baxdqz,1000,20,True
mckp,1001660.0,0.0,mxxmta_1000_20,feasible,112.177440654,mxxmta,1000,20,True
mckp,602677.0,0.0,boqbxp_400_20,feasible,65.479388515,boqbxp,400,20,True
mckp,1011269.0,0.0,jxslap_1000_100,feasible,216.920248888,jxslap,1000,100,True
compact,1000198.0,0.1366621636381019,uujgzr_1200_20,feasible,3600.001037836075,uujgzr,1200,20,False
compact,970684.0,1.1321334717038227,iukhmv_600_20,feasible,3600.0005111694336,iukhmv,600,20,False
mckp,1004570.0,0.0,xlqxzf_600_20,feasible,79.202578856,xlqxzf,600,20,True
compact,976805.0,4.0021028046547576e-05,wnpdwe_1200_100,feasible,2.328940868377685,wnpdwe,1200,100,True
compact,1005732.0,9.94299679934933e-05,yzehni_400_100,feasible,0.1082580089569091,yzehni,400,100,True
mckp,976190.0,0.0,zkyqoe_1000_100,feasible,333.828453065,zkyqoe,1000,100,True
mckp,1011440.0,0.0,xphdhl_1200_100,feasible,266.068708556,xphdhl,1200,100,True
compact,1004494.0,0.0,hkiapy_600_20,feasible,0.1223180294036865,hkiapy,600,20,True
mckp,1011602.0,0.0,dbucyr_1000_100,feasible,336.95061521900004,dbucyr,1000,100,True
compact,1001000.0,9.99000000999e-05,wfgceu_400_20,feasible,10.646646976470947,wfgceu,400,20,True
compact,1003867.0,0.0419966012711295,tgxvpt_600_20,feasible,3600.000515937805,tgxvpt,600,20,False
compact,976441.0,0.0,kwphyl_800_20,feasible,0.2307190895080566,kwphyl,800,20,True
mckp,992543.0,0.0,kbhhsc_1000_20,feasible,48.28225105200001,kbhhsc,1000,20,True
mckp,1000024.0,0.0,awfngg_1200_20,feasible,53.946647175,awfngg,1200,20,True
compact,501887.0,0.0,hhnbfy_800_20,feasible,0.0076549053192138,hhnbfy,800,20,True
mckp,1003187.0,0.0,pkowig_1000_20,feasible,110.276223463,pkowig,1000,20,True
mckp,1005249.0,0.0,mbdyyp_1200_100,feasible,285.366211852,mbdyyp,1200,100,True
compact,515533.0,0.0,qcxbkt_600_20,feasible,0.014927864074707,qcxbkt,600,20,True
compact,503577.0,0.0,awbaut_800_20,feasible,0.0144019126892089,awbaut,800,20,True
compact,502018.0,0.0,swbkrg_1000_20,feasible,0.0308330059051513,swbkrg,1000,20,True
mckp,974731.0,0.0,xpmdnv_1200_20,feasible,50.074205618,xpmdnv,1200,20,True
compact,615395.0,0.0,iqdulz_1200_100,feasible,0.0032229423522949,iqdulz,1200,100,True
mckp,1003181.0,0.0,dxnalb_800_20,feasible,48.456061686,dxnalb,800,20,True
mckp,1017373.0,0.0,igjmuv_1200_100,feasible,237.311354999,igjmuv,1200,100,True
compact,1004750.0,9.952714652685093e-05,dcrtiq_600_100,feasible,0.1128768920898437,dcrtiq,600,100,True
compact,505783.0,0.0,nfkzft_1000_20,feasible,0.0371780395507812,nfkzft,1000,20,True
compact,1003784.0,0.0448214339640079,hltzid_600_20,feasible,3600.000447034836,hltzid,600,20,False
mckp,502544.0,0.0,lauswa_400_20,feasible,59.40410774,lauswa,400,20,True
mckp,515299.0,0.0,qzlegy_1200_100,feasible,359.834947042,qzlegy,1200,100,True
compact,1009870.0,9.902254842450176e-05,rgnlie_400_100,feasible,0.1365430355072021,rgnlie,400,100,True
mckp,985661.0,0.0,dskmln_1000_100,feasible,263.513726391,dskmln,1000,100,True
mckp,972660.0,0.0,lhccyq_1200_20,feasible,50.79463849,lhccyq,1200,20,True
compact,1003227.0,9.967823864565184e-05,kdpggm_1200_20,feasible,0.4225661754608154,kdpggm,1200,20,True
compact,1003746.0,0.0487011158750845,ncktqf_600_20,feasible,3600.000347137451,ncktqf,600,20,False
compact,1004968.0,1.4361744141967593e-05,ksoguz_1000_20,feasible,0.1660521030426025,ksoguz,1000,20,True
compact,521804.0,0.0,wkzkve_1200_100,feasible,0.0030000209808349,wkzkve,1200,100,True
compact,994076.0,2.026908951907709,kdgyax_1200_100,feasible,3600.000776052475,kdgyax,1200,100,False
mckp,1004125.0,0.0,lqyhsi_400_20,feasible,74.587445952,lqyhsi,400,20,True
mckp,1002642.0,0.0,mhlray_600_20,feasible,66.998179308,mhlray,600,20,True
compact,1012111.0,0.0,euyllj_800_100,feasible,0.0369629859924316,euyllj,800,100,True
compact,1006962.0,0.0,yuwtnj_800_100,feasible,0.0773100852966308,yuwtnj,800,100,True
mckp,503761.0,0.0,oznuvs_1200_20,feasible,48.186742587,oznuvs,1200,20,True
mckp,1002946.0,0.0,bebcyr_400_20,feasible,68.736713028,bebcyr,400,20,True
mckp,1003129.0,0.0,rtivta_800_20,feasible,86.592411595,rtivta,800,20,True
mckp,1002523.0,0.0,wdqsdt_800_20,feasible,47.862097507,wdqsdt,800,20,True
compact,995426.0,0.5501609236602697,szqhek_800_20,feasible,3600.0007650852203,szqhek,800,20,False
compact,994404.0,0.0,pqxuaq_1000_20,feasible,0.2353360652923584,pqxuaq,1000,20,True
compact,1017557.0,0.0,zjuuef_1000_100,feasible,0.0676541328430175,zjuuef,1000,100,True
mckp,1004057.0,0.0,jjdpbt_1000_20,feasible,56.675920086,jjdpbt,1000,20,True
compact,1006783.0,9.932617125421145e-05,ytxvwr_1000_100,feasible,364.0893228054047,ytxvwr,1000,100,True
mckp,974717.0,0.0,vkerpv_1200_20,feasible,52.390928958,vkerpv,1200,20,True
mckp,1004424.0,0.0,yyqogr_800_100,feasible,211.771556971,yyqogr,800,100,True
mckp,1011257.0,0.0,elmhyx_1000_100,feasible,291.783566518,elmhyx,1000,100,True
compact,1004874.0,4.890619099117261e-05,fyiqhf_1000_20,feasible,0.2395260334014892,fyiqhf,1000,20,True
compact,603154.0,0.0,qxcdku_800_20,feasible,0.012557029724121,qxcdku,800,20,True
mckp,990548.0,0.0,kzaxan_600_20,feasible,64.176558227,kzaxan,600,20,True
mckp,999208.0,0.0,ysjxpp_400_20,feasible,67.932563098,ysjxpp,400,20,True
compact,992564.0,0.8232836631811243,cmidff_1000_20,feasible,3600.000730037689,cmidff,1000,20,False
compact,999392.0,0.027637739261471,uotyvv_1000_20,feasible,3600.000540971756,uotyvv,1000,20,False
compact,1001766.0,0.075774363197159,ziizbq_600_100,feasible,3600.000403881073,ziizbq,600,100,False
compact,1001684.0,0.0,wwsdwc_1200_20,feasible,0.1713109016418457,wwsdwc,1200,20,True
mckp,1001283.0,0.0,wxbhxi_400_20,feasible,71.67047738,wxbhxi,400,20,True
mckp,1012333.0,0.0,uhulky_400_100,feasible,65.894084083,uhulky,400,100,True
compact,974555.0,0.0,urbfiw_1000_20,feasible,1.3468050956726074,urbfiw,1000,20,True
mckp,999526.0,0.0,jrpwcf_1200_20,feasible,47.053830431,jrpwcf,1200,20,True
mckp,1011441.0,0.0,ilabym_1000_100,feasible,222.104896587,ilabym,1000,100,True
compact,501644.0,0.0,egcuct_400_20,feasible,0.0134670734405517,egcuct,400,20,True
mckp,1005732.0,0.0,yzehni_400_100,feasible,112.383215766,yzehni,400,100,True
mckp,1016387.0,0.0,nldttp_1000_100,feasible,252.138881454,nldttp,1000,100,True
mckp,1002873.0,0.0,tsannf_600_20,feasible,82.13376791,tsannf,600,20,True
compact,974692.0,0.0,cuzltb_1000_20,feasible,0.8837859630584717,cuzltb,1000,20,True
mckp,505136.0,0.0,vvxnwl_1000_20,feasible,43.432746515000005,vvxnwl,1000,20,True
mckp,988391.0,0.0,qabhng_800_100,feasible,288.299794099,qabhng,800,100,True
compact,506594.0,0.0,ytntyj_800_20,feasible,0.0365800857543945,ytntyj,800,20,True
mckp,1000099.0,0.0,mzidoy_400_20,feasible,74.145491063,mzidoy,400,20,True
compact,1003702.0,9.992337563430884e-05,vslfiq_400_20,feasible,51.102618932724,vslfiq,400,20,True
compact,1001806.0,9.981962593593376e-05,hphlqj_400_20,feasible,34.358717918396,hphlqj,400,20,True
mckp,1001620.0,0.0,sayrtl_1000_20,feasible,60.084197716,sayrtl,1000,20,True
mckp,506218.0,0.0,symeje_600_20,feasible,72.638340319,symeje,600,20,True
compact,1004752.0,9.952694841418736e-05,odotzz_800_100,feasible,0.0736839771270752,odotzz,800,100,True
compact,1003346.0,0.0426930184297798,nfvvrk_1200_20,feasible,3600.0008478164677,nfvvrk,1200,20,False
compact,513763.0,0.0,nhfszv_800_20,feasible,0.0262789726257324,nhfszv,800,20,True
mckp,1008590.0,0.0,dyxbmi_600_100,feasible,152.37892048900002,dyxbmi,600,100,True
compact,1004816.0,9.244408432817472e-05,paqqex_800_20,feasible,0.5500221252441406,paqqex,800,20,True
mckp,1001626.0,0.0,qihmcz_1200_20,feasible,66.899610848,qihmcz,1200,20,True
compact,1000003.0,0.1574228429198972,mvdamc_1200_20,feasible,3600.0008070468903,mvdamc,1200,20,False
mckp,1004181.0,0.0,tslxbf_400_20,feasible,67.767595105,tslxbf,400,20,True
compact,1003279.0,9.64499424984122e-05,cpjyzp_1000_20,feasible,0.2457711696624755,cpjyzp,1000,20,True
compact,1002203.0,9.978008469333588e-05,xkxrjx_800_100,feasible,0.0456500053405761,xkxrjx,800,100,True
mckp,503747.0,0.0,czgmzj_1200_20,feasible,45.254687008000005,czgmzj,1200,20,True
compact,1004500.0,9.974176533397628e-05,urzugz_600_20,feasible,141.6164469718933,urzugz,600,20,True
compact,501937.0,0.0,xoihse_1000_20,feasible,0.0185630321502685,xoihse,1000,20,True
mckp,1003243.0,0.0,zmwpiq_1200_20,feasible,53.556622165,zmwpiq,1200,20,True
compact,1004511.0,0.0,fwzhxo_800_20,feasible,0.1036720275878906,fwzhxo,800,20,True
compact,1003260.0,0.0288974141796621,pzzrlk_800_100,feasible,3600.000494003296,pzzrlk,800,100,False
mckp,994192.0,0.0,jnnofx_800_20,feasible,53.915535561,jnnofx,800,20,True
compact,1002993.0,9.970149372777902e-05,cisnaw_600_20,feasible,0.4296941757202148,cisnaw,600,20,True
compact,1003181.0,9.808652679171612e-05,mqdhsp_1200_20,feasible,2.607808828353882,mqdhsp,1200,20,True
mckp,1016617.0,0.0,jmtwop_800_100,feasible,153.11963839,jmtwop,800,100,True
compact,1005441.0,0.0350670038795373,kjtcxl_1000_100,feasible,3600.000757932663,kjtcxl,1000,100,False
mckp,1007415.0,0.0,netego_400_100,feasible,73.23257370500001,netego,400,100,True
compact,972611.0,0.0,rfzmlc_1000_20,feasible,0.2515809535980224,rfzmlc,1000,20,True
mckp,1001293.0,0.0,vxoebs_800_100,feasible,317.980478221,vxoebs,800,100,True
mckp,1014367.0,0.0,kiaput_600_100,feasible,101.66401055,kiaput,600,100,True
mckp,1004732.0,0.0,mzbvie_1000_20,feasible,99.149224435,mzbvie,1000,20,True
mckp,1003973.0,0.0,wbxvod_400_100,feasible,91.854233347,wbxvod,400,100,True
mckp,1001562.0,0.0,dauaxo_800_20,feasible,48.972746594,dauaxo,800,20,True
compact,1004521.0,4.7797076902598754e-05,sufdxq_600_20,feasible,0.2657070159912109,sufdxq,600,20,True
compact,502009.0,0.0,ipoczq_800_20,feasible,0.0063819885253906,ipoczq,800,20,True
mckp,1004962.0,0.0,hdggcg_1200_20,feasible,113.875367135,hdggcg,1200,20,True
mckp,1004004.0,0.0,dgvpmi_400_20,feasible,78.560842663,dgvpmi,400,20,True
mckp,601588.0,0.0,nzuzde_800_20,feasible,47.867042133000005,nzuzde,800,20,True
mckp,1009651.0,0.0,nabdip_600_100,feasible,115.525440136,nabdip,600,100,True
mckp,601738.0,0.0,fzzlbq_600_20,feasible,72.06515073,fzzlbq,600,20,True
compact,1003952.0,9.953645537392894e-05,lnittc_400_20,feasible,0.182772159576416,lnittc,400,20,True
mckp,1003433.0,0.0,acuqkl_400_100,feasible,109.915555215,acuqkl,400,100,True
compact,504184.0,0.0,jqsupj_800_20,feasible,0.0092601776123046,jqsupj,800,20,True
compact,974743.0,0.5949360485597389,gjwdpo_800_20,feasible,3600.000592947006,gjwdpo,800,20,False
compact,1013863.0,9.863255821293586e-05,wfgobr_800_100,feasible,182.11084008216855,wfgobr,800,100,True
compact,976871.0,2.740978302866861,nzqaub_1000_100,feasible,3600.00056385994,nzqaub,1000,100,False
mckp,521804.0,0.0,wkzkve_1200_100,feasible,349.024036527,wkzkve,1200,100,True
compact,1004363.0,0.0226084009124013,mdiasc_1200_100,feasible,3600.000972032547,mdiasc,1200,100,False
mckp,1003203.0,0.0,bjaogw_1000_20,feasible,78.334505041,bjaogw,1000,20,True
compact,1005951.0,9.94083216694236e-05,shosrr_1200_100,feasible,0.1011190414428711,shosrr,1200,100,True
mckp,504888.0,0.0,lcqvdx_400_20,feasible,73.73078231,lcqvdx,400,20,True
mckp,992606.0,0.0,ossidc_800_100,feasible,296.546974944,ossidc,800,100,True
compact,999507.0,0.4563023894227876,vexydu_1000_20,feasible,3600.000556945801,vexydu,1000,20,False
mckp,503831.0,0.0,azrxdm_1200_20,feasible,45.090998579,azrxdm,1200,20,True
compact,970580.0,0.0,brzwzd_400_20,feasible,0.2060081958770752,brzwzd,400,20,True
compact,1003155.0,0.0649374164816368,hrvqox_400_20,feasible,3600.000769853592,hrvqox,400,20,False
compact,501788.0,0.0,djhwai_800_20,feasible,0.0077409744262695,djhwai,800,20,True
compact,1001626.0,9.99481827811026e-05,wphxcp_1000_20,feasible,14.469799995422363,wphxcp,1000,20,True
mckp,1004621.0,0.0,dzwqxc_600_20,feasible,65.544586818,dzwqxc,600,20,True
compact,974756.0,0.0,eqoglm_1200_20,feasible,0.9511618614196776,eqoglm,1200,20,True
mckp,1000181.0,0.0,nlqkve_800_20,feasible,46.234735157,nlqkve,800,20,True
mckp,504310.0,0.0,nbntmp_400_20,feasible,61.127057388,nbntmp,400,20,True
compact,1003821.0,2.324922152169484e-05,bmspvw_800_20,feasible,0.7946929931640625,bmspvw,800,20,True
compact,1004922.0,9.951011172000245e-05,zahxpw_600_100,feasible,0.1996088027954101,zahxpw,600,100,True
mckp,990898.0,0.0,rfalzo_600_100,feasible,256.493816954,rfalzo,600,100,True
mckp,1001553.0,0.0,ezrfei_1000_20,feasible,82.32765992099999,ezrfei,1000,20,True
mckp,1001977.0,0.0,oefxxq_1000_20,feasible,51.617828399,oefxxq,1000,20,True
mckp,1001171.0,0.0,wnviko_800_20,feasible,46.464564393,wnviko,800,20,True
mckp,1006031.0,0.0,xlvdaa_1200_100,feasible,292.303734507,xlvdaa,1200,100,True
compact,997541.0,0.5038329650022927,lefxkb_800_20,feasible,3600.000643968582,lefxkb,800,20,False
mckp,1018572.0,0.0,icmfvz_1000_100,feasible,144.706717124,icmfvz,1000,100,True
compact,1003044.0,9.969642438773934e-05,akqkty_800_20,feasible,0.0941400527954101,akqkty,800,20,True
compact,1005140.0,8.833596721904814e-05,daafbd_1200_20,feasible,0.2144739627838134,daafbd,1200,20,True
mckp,970832.0,0.0,oikwxr_600_20,feasible,75.300603279,oikwxr,600,20,True
compact,1001620.0,9.992151834151184e-05,vvcska_1200_20,feasible,10.143198013305664,vvcska,1200,20,True
mckp,1004006.0,0.0,tzoeds_600_20,feasible,68.602838726,tzoeds,600,20,True
compact,975427.0,0.0,pafbdz_1200_100,feasible,1.251465082168579,pafbdz,1200,100,True
compact,999979.0,0.1541988749673206,ioxpcm_800_20,feasible,3600.000622987747,ioxpcm,800,20,False
mckp,1002409.0,0.0,gniiqg_600_100,feasible,199.494722434,gniiqg,600,100,True
compact,1001298.0,0.0113309574374524,evrymp_600_20,feasible,3600.0004408359528,evrymp,600,20,False
compact,506731.0,0.0,wnkbug_1200_20,feasible,0.007706880569458,wnkbug,1200,20,True
compact,1008231.0,9.918352125304492e-05,vsmetv_600_100,feasible,2.1349401473999023,vsmetv,600,100,True
mckp,501657.0,0.0,ojevwd_400_20,feasible,65.738187857,ojevwd,400,20,True
compact,1005404.0,0.0387931167772369,chjzmb_1200_100,feasible,3600.000731229782,chjzmb,1200,100,False
compact,990654.0,0.3446276620873524,kqroyd_1000_20,feasible,3600.0007178783417,kqroyd,1000,20,False
compact,1003036.0,9.969721954424412e-05,yquhsb_800_20,feasible,0.1177649497985839,yquhsb,800,20,True
mckp,1004903.0,0.0,awxcly_1000_20,feasible,68.24664996999999,awxcly,1000,20,True
compact,1002734.0,7.885048881969264e-05,eoeopo_400_20,feasible,0.6564381122589111,eoeopo,400,20,True
compact,999377.0,0.0274429230428371,qjsndq_1200_20,feasible,3600.0007829666138,qjsndq,1200,20,False
mckp,513376.0,0.0,dtsxjh_1200_20,feasible,42.804880565,dtsxjh,1200,20,True
compact,1003334.0,9.966760852556724e-05,osivnl_1200_20,feasible,0.1343040466308593,osivnl,1200,20,True
compact,999993.0,0.1401142529139168,uvdvpt_600_20,feasible,3600.000456094742,uvdvpt,600,20,False
mckp,979424.0,0.0,qbtdoz_800_100,feasible,272.648355777,qbtdoz,800,100,True
compact,1005678.0,0.0005798635716549,dahlgt_1200_100,feasible,3600.0007541179657,dahlgt,1200,100,False
compact,1003034.0,0.1193288001640029,mvrkvc_1200_100,feasible,3600.0009422302246,mvrkvc,1200,100,False
compact,1000002.0,0.1609435514093503,dxhygf_1000_20,feasible,3600.0006341934204,dxhygf,1000,20,False
mckp,1001500.0,0.0,qynxpz_800_20,feasible,110.028172464,qynxpz,800,20,True
mckp,1001577.0,0.0,borhfu_1000_20,feasible,80.542392874,borhfu,1000,20,True
compact,1004991.0,9.950327962809654e-05,ehikus_800_100,feasible,0.8111608028411865,ehikus,800,100,True
compact,1010139.0,9.899617874750036e-05,urhjfh_400_100,feasible,0.0641620159149169,urhjfh,400,100,True
compact,1010037.0,9.90061760052592e-05,qtweln_600_100,feasible,0.0589020252227783,qtweln,600,100,True
compact,1003138.0,9.997477916799568e-05,ybrmql_1200_20,feasible,239.94486212730408,ybrmql,1200,20,True
compact,1004181.0,0.0,tslxbf_400_20,feasible,0.1824781894683838,tslxbf,400,20,True
compact,502630.0,0.0,jdmhoy_1200_20,feasible,0.0172100067138671,jdmhoy,1200,20,True
mckp,501854.0,0.0,egdkwq_1200_20,feasible,49.206847848,egdkwq,1200,20,True
compact,1004976.0,9.183011830659552e-05,xfrwam_1200_20,feasible,0.2278680801391601,xfrwam,1200,20,True
mckp,505971.0,0.0,gkummn_800_20,feasible,40.935083577,gkummn,800,20,True
mckp,1002353.0,0.0,zsamez_400_20,feasible,62.745940017,zsamez,400,20,True
mckp,1015586.0,0.0,ltuacn_1000_100,feasible,237.211721225,ltuacn,1000,100,True
compact,1002127.0,0.1033760213819579,ykrzhm_1200_20,feasible,3600.000568151474,ykrzhm,1200,20,False
compact,501878.0,0.0,tyxpzj_600_20,feasible,0.0166950225830078,tyxpzj,600,20,True
compact,1004091.0,2.046307791242267e-05,dikebl_400_20,feasible,0.0905718803405761,dikebl,400,20,True
mckp,1015759.0,0.0,mrsjxl_1000_100,feasible,263.111510708,mrsjxl,1000,100,True
compact,503747.0,0.0,czgmzj_1200_20,feasible,0.0188279151916503,czgmzj,1200,20,True
compact,1004804.0,9.71682684907712e-05,bwbuqu_1200_20,feasible,2.7627899646759038,bwbuqu,1200,20,True
compact,985151.0,0.025361193154478,nkmkgw_1000_100,feasible,3600.000801086426,nkmkgw,1000,100,False
compact,1007336.0,9.927164394835096e-05,sqfzly_400_100,feasible,0.589392900466919,sqfzly,400,100,True
mckp,990596.0,0.0,xfdewk_600_100,feasible,221.472061322,xfdewk,600,100,True
compact,1001331.0,9.986697718638774e-05,xserjy_400_20,feasible,0.1417028903961181,xserjy,400,20,True
mckp,1001080.0,0.0,hamrak_400_20,feasible,65.35341239399999,hamrak,400,20,True
compact,970713.0,1.745845267333123,tmmwoi_800_20,feasible,3600.000427961349,tmmwoi,800,20,False
compact,1005036.0,0.0051274917661137,nlhnpt_1000_100,feasible,3600.0007870197296,nlhnpt,1000,100,False
compact,1010429.0,9.896776619854914e-05,bdvizw_400_100,feasible,0.0673480033874511,bdvizw,400,100,True
mckp,1002148.0,0.0,frfbiy_1200_20,feasible,55.022307362,frfbiy,1200,20,True
compact,970703.0,0.0,qpvwuz_1000_20,feasible,0.6098918914794922,qpvwuz,1000,20,True
compact,1010350.0,9.897550455237832e-05,orfxoi_800_100,feasible,0.1820919513702392,orfxoi,800,100,True
compact,1006829.0,9.932163324493708e-05,hamciz_400_100,feasible,0.0609958171844482,hamciz,400,100,True
mckp,1004293.0,0.0,moaute_400_20,feasible,60.381433769,moaute,400,20,True
mckp,1005955.0,0.0,dpxoae_1200_100,feasible,286.566004057,dpxoae,1200,100,True
mckp,995662.0,0.0,cjjsvy_800_20,feasible,51.215857367,cjjsvy,800,20,True
mckp,1013974.0,0.0,beebkb_1000_100,feasible,302.53005311,beebkb,1000,100,True
mckp,1005240.0,0.0,cinyir_800_100,feasible,215.641427032,cinyir,800,100,True
mckp,999428.0,0.0,qqecar_800_20,feasible,43.49133973,qqecar,800,20,True
mckp,1017775.0,0.0,ryvvii_1000_100,feasible,143.048795476,ryvvii,1000,100,True
compact,995674.0,0.5656394743394716,gnnoap_1200_20,feasible,3600.0016191005707,gnnoap,1200,20,False
mckp,1012237.0,0.0,sunfus_600_100,feasible,149.62681719600002,sunfus,600,100,True
compact,1005784.0,9.942482737364348e-05,hckgeo_1000_100,feasible,0.4420990943908691,hckgeo,1000,100,True
mckp,1011475.0,0.0,vdnnam_400_100,feasible,59.587551939,vdnnam,400,100,True
mckp,970880.0,0.0,wanyki_800_20,feasible,46.324927635,wanyki,800,20,True
mckp,605418.0,0.0,rycuel_800_20,feasible,45.032234427,rycuel,800,20,True
compact,503735.0,0.0,dsxpju_1000_20,feasible,0.0210950374603271,dsxpju,1000,20,True
mckp,972567.0,0.0,fpadoo_1000_20,feasible,46.910160933,fpadoo,1000,20,True
compact,1010317.0,0.0,ighpwp_1200_100,feasible,0.047015905380249,ighpwp,1200,100,True
mckp,1011945.0,0.0,slgyeh_1000_100,feasible,271.981807069,slgyeh,1000,100,True
mckp,1004797.0,0.0,jsvvxd_600_20,feasible,83.40885150300001,jsvvxd,600,20,True
mckp,990210.0,0.0,ujrnkz_1000_100,feasible,315.640242907,ujrnkz,1000,100,True
mckp,1011227.0,0.0,wsixvk_800_100,feasible,157.644395742,wsixvk,800,100,True
compact,1002819.0,0.0233287772430768,nnkfyw_1200_100,feasible,3600.0006029605865,nnkfyw,1200,100,False
mckp,1003773.0,0.0,gaesih_400_20,feasible,72.589594885,gaesih,400,20,True
mckp,1003724.0,0.0,cnnjbo_400_100,feasible,74.312635933,cnnjbo,400,100,True
mckp,992629.0,0.0,vocxic_1000_20,feasible,43.526055827,vocxic,1000,20,True
mckp,502025.0,0.0,valodz_1200_20,feasible,48.371466425,valodz,1200,20,True
compact,505410.0,0.0,fivspw_800_20,feasible,0.0293350219726562,fivspw,800,20,True
compact,1000000.0,0.1514548335020937,qraytr_800_20,feasible,3600.0005099773407,qraytr,800,20,False
mckp,1010222.0,0.0,wbswsj_800_100,feasible,144.90935943300002,wbswsj,800,100,True
mckp,1009870.0,0.0,rgnlie_400_100,feasible,68.68993099,rgnlie,400,100,True
mckp,1014858.0,0.0,gfmftr_1000_100,feasible,300.821673374,gfmftr,1000,100,True
compact,1003050.0,9.969582801707838e-05,mwcfwu_1000_20,feasible,0.4038760662078857,mwcfwu,1000,20,True
mckp,1004729.0,0.0,badoie_800_20,feasible,73.607719535,badoie,800,20,True
mckp,1011544.0,0.0,oodwkk_1000_100,feasible,183.417920014,oodwkk,1000,100,True
compact,1001371.0,9.986298798049075e-05,apgbae_400_20,feasible,0.4854230880737304,apgbae,400,20,True
mckp,502233.0,0.0,xunhny_400_20,feasible,74.304362791,xunhny,400,20,True
mckp,1012783.0,0.0,rcrslt_600_100,feasible,124.649424208,rcrslt,600,100,True
mckp,1001813.0,0.0,olxbcb_400_20,feasible,68.581539185,olxbcb,400,20,True
mckp,603631.0,0.0,qpoqxk_1200_20,feasible,50.717411207,qpoqxk,1200,20,True
compact,1013184.0,0.0,eymfca_1200_100,feasible,0.0708811283111572,eymfca,1200,100,True
compact,972840.0,0.0,xigpet_1000_20,feasible,0.8797361850738525,xigpet,1000,20,True
mckp,1001366.0,0.0,kepbrq_800_20,feasible,49.616693814,kepbrq,800,20,True
mckp,970713.0,0.0,tmmwoi_800_20,feasible,50.076567135000005,tmmwoi,800,20,True
mckp,503342.0,0.0,hvufxy_400_20,feasible,75.113609622,hvufxy,400,20,True
mckp,1002667.0,0.0,xgviam_1000_20,feasible,44.573075076,xgviam,1000,20,True
compact,1001667.0,9.983347775909785e-05,extfyz_1200_20,feasible,1.4057819843292236,extfyz,1200,20,True
mckp,1000156.0,0.0,wwugar_800_20,feasible,50.162405878,wwugar,800,20,True
compact,1017355.0,9.829400917672868e-05,iaoxkh_1000_100,feasible,22.32778286933899,iaoxkh,1000,100,True
compact,1000019.0,0.1541650220011934,oajide_1000_20,feasible,3600.0007820129395,oajide,1000,20,False
compact,1016617.0,9.836536437481926e-05,jmtwop_800_100,feasible,0.281883955001831,jmtwop,800,100,True
compact,1003210.0,0.0,hikfqi_1200_20,feasible,0.0735549926757812,hikfqi,1200,20,True
mckp,1003238.0,0.0,hggens_1000_20,feasible,48.032412667,hggens,1000,20,True
compact,1001395.0,0.1519349912554185,vcixcf_1000_20,feasible,3600.000561952591,vcixcf,1000,20,False
compact,976480.0,0.0,ysrkcw_1200_20,feasible,0.486415147781372,ysrkcw,1200,20,True
compact,999568.0,0.4583542847925705,jyxohr_1200_20,feasible,3600.0008358955383,jyxohr,1200,20,False
mckp,505119.0,0.0,mmguzu_1200_20,feasible,46.674604604,mmguzu,1200,20,True
compact,1016240.0,9.840185546538666e-05,ywwuga_800_100,feasible,0.0661761760711669,ywwuga,800,100,True
compact,1003433.0,9.965777519996331e-05,acuqkl_400_100,feasible,11.405205965042114,acuqkl,400,100,True
compact,1003302.0,9.96707873892533e-05,hixckt_1000_20,feasible,0.6869251728057861,hixckt,1000,20,True
mckp,1004994.0,0.0,xvriww_1200_20,feasible,47.699018223,xvriww,1200,20,True
compact,1017585.0,9.82717922612929e-05,rrnnht_1000_100,feasible,0.0872480869293212,rrnnht,1000,100,True
mckp,972605.0,0.0,sljcqm_600_20,feasible,73.687606412,sljcqm,600,20,True
compact,1016231.0,9.840272693636886e-05,pfbirf_1200_100,feasible,81.75603199005127,pfbirf,1200,100,True
compact,972788.0,0.0,pqrhdv_600_20,feasible,0.2843689918518066,pqrhdv,600,20,True
mckp,1001999.0,0.0,qndpem_400_20,feasible,77.127120446,qndpem,400,20,True
mckp,1011666.0,0.0,wstmqk_400_100,feasible,65.968025884,wstmqk,400,100,True
compact,1004928.0,8.082974372151689e-05,orccvo_1200_20,feasible,0.4784510135650635,orccvo,1200,20,True
compact,1015137.0,0.0,gwacex_800_100,feasible,0.0310540199279785,gwacex,800,100,True
mckp,1003323.0,0.0,jxdrtt_1200_20,feasible,84.735991965,jxdrtt,1200,20,True
compact,1012192.0,9.879538783611426e-05,gyhfha_1000_100,feasible,0.3335380554199219,gyhfha,1000,100,True
compact,1006894.0,9.931522154743047e-05,drueno_400_100,feasible,0.0764510631561279,drueno,400,100,True
mckp,1003129.0,0.0,qreiyo_1000_20,feasible,67.41079591399999,qreiyo,1000,20,True
mckp,502831.0,0.0,vdexcr_800_20,feasible,40.43332127,vdexcr,800,20,True
mckp,1016943.0,0.0,hsqmdc_1000_100,feasible,167.202964429,hsqmdc,1000,100,True
compact,1003933.0,0.0760612723945653,jkqtay_1200_20,feasible,3600.000907897949,jkqtay,1200,20,False
compact,502233.0,0.0,xunhny_400_20,feasible,0.0016088485717773,xunhny,400,20,True
mckp,1002099.0,0.0,fgepsn_1000_100,feasible,304.401801142,fgepsn,1000,100,True
compact,1000211.0,0.1414236323697166,nhbmer_1200_20,feasible,3600.0006580352783,nhbmer,1200,20,False
compact,501787.0,0.0,gabrtk_1200_20,feasible,0.0066940784454345,gabrtk,1200,20,True
mckp,991536.0,0.0,ybzjgo_800_100,feasible,287.258354834,ybzjgo,800,100,True
compact,1002523.0,9.974823546532704e-05,wdqsdt_800_20,feasible,4.614959001541138,wdqsdt,800,20,True
mckp,1004379.0,0.0,olulvl_600_100,feasible,179.616410895,olulvl,600,100,True
mckp,1001638.0,0.0,kgbzqo_1000_20,feasible,63.363783512,kgbzqo,1000,20,True
mckp,1004649.0,0.0,tkkept_600_100,feasible,223.984332954,tkkept,600,100,True
mckp,1003302.0,0.0,hixckt_1000_20,feasible,89.245037951,hixckt,1000,20,True
compact,515328.0,0.0,kwoavw_400_20,feasible,0.0162611007690429,kwoavw,400,20,True
compact,1002589.0,0.0,apznjr_400_20,feasible,0.0355288982391357,apznjr,400,20,True
mckp,501829.0,0.0,ywwhkl_1000_20,feasible,43.783035193,ywwhkl,1000,20,True
compact,1003893.0,0.0944264930155293,uqhbcl_1200_20,feasible,3600.00150513649,uqhbcl,1200,20,False
mckp,1000008.0,0.0,mvdamc_1200_20,feasible,65.879890151,mvdamc,1200,20,True
compact,1005140.0,4.310274283860551e-05,mrbbbg_1000_20,feasible,0.0814290046691894,mrbbbg,1000,20,True
mckp,501932.0,0.0,atkedw_600_20,feasible,68.364361238,atkedw,600,20,True
compact,1007023.0,0.0,ymwikh_400_100,feasible,0.0170819759368896,ymwikh,400,100,True
mckp,503577.0,0.0,awbaut_800_20,feasible,43.814765115,awbaut,800,20,True
mckp,1008747.0,0.0,tiyueo_400_100,feasible,105.612393726,tiyueo,400,100,True
mckp,997610.0,0.0,zedepu_1000_20,feasible,47.843395135,zedepu,1000,20,True
mckp,1002578.0,0.0,erwgtl_400_100,feasible,113.829869301,erwgtl,400,100,True
mckp,974649.0,0.0,xetytu_1200_20,feasible,51.228300658,xetytu,1200,20,True
compact,974558.0,0.0,twobxp_600_20,feasible,4.57522988319397,twobxp,600,20,True
mckp,505318.0,0.0,tbwnhk_400_20,feasible,67.58878982399999,tbwnhk,400,20,True
mckp,1006124.0,0.0,upwody_400_100,feasible,114.683026556,upwody,400,100,True
compact,1015701.0,9.845407412804148e-05,ugickt_1200_100,feasible,0.0202350616455078,ugickt,1200,100,True
mckp,1003447.0,0.0,aigviv_400_100,feasible,83.372359609,aigviv,400,100,True
mckp,601859.0,0.0,hpuzin_600_20,feasible,66.086731249,hpuzin,600,20,True
compact,994192.0,0.0,jnnofx_800_20,feasible,4.623274087905884,jnnofx,800,20,True
compact,504705.0,0.0,rcngtm_600_20,feasible,0.0362739562988281,rcngtm,600,20,True
mckp,1003256.0,0.0,rmimbh_400_100,feasible,119.605406641,rmimbh,400,100,True
mckp,995494.0,0.0,zjxbmh_1200_20,feasible,45.881006482,zjxbmh,1200,20,True
mckp,503004.0,0.0,fvkzix_600_20,feasible,66.72724998999999,fvkzix,600,20,True
mckp,1004282.0,0.0,pcjspv_600_20,feasible,75.854412283,pcjspv,600,20,True
mckp,1004511.0,0.0,fwzhxo_800_20,feasible,72.0166323,fwzhxo,800,20,True
compact,977221.0,0.0,pryazi_1200_100,feasible,1.9493310451507568,pryazi,1200,100,True
mckp,974640.0,0.0,whklml_600_20,feasible,66.93906045599999,whklml,600,20,True
compact,997314.0,0.4427192968791038,cihfma_400_20,feasible,3600.000407934189,cihfma,400,20,False
compact,505391.0,0.0,wrqgon_600_20,feasible,0.0163459777832031,wrqgon,600,20,True
mckp,1003936.0,0.0,jkqtay_1200_20,feasible,61.242971404,jkqtay,1200,20,True
mckp,603729.0,0.0,owsrhv_800_20,feasible,56.307290429,owsrhv,800,20,True
mckp,994209.0,0.0,mogwri_600_20,feasible,70.906356202,mogwri,600,20,True
mckp,1006101.0,0.0,pochjs_1200_100,feasible,205.483971155,pochjs,1200,100,True
compact,1001292.0,0.006348199317582,lwhsup_400_20,feasible,3600.0004239082336,lwhsup,400,20,False
mckp,1005463.0,0.0,jemvug_400_100,feasible,115.0615999,jemvug,400,100,True
compact,1003602.0,9.99212414831666e-05,qwcaff_400_20,feasible,169.81918501853943,qwcaff,400,20,True
compact,505386.0,0.0,qxotcc_800_20,feasible,0.0205070972442626,qxotcc,800,20,True
compact,1004048.0,0.082583995384769,yjapfk_1000_20,feasible,3600.0005629062653,yjapfk,1000,20,False
compact,1001648.0,9.983537147244194e-05,azbzmn_1000_20,feasible,0.1307740211486816,azbzmn,1000,20,True
compact,503127.0,0.0,mtgytw_400_20,feasible,0.0015499591827392,mtgytw,400,20,True
compact,1006101.0,9.939350085776592e-05,pochjs_1200_100,feasible,0.5410439968109131,pochjs,1200,100,True
mckp,1005678.0,0.0,dahlgt_1200_100,feasible,269.273472823,dahlgt,1200,100,True
compact,970581.0,0.0,eiajgc_400_20,feasible,0.2430610656738281,eiajgc,400,20,True
mckp,990630.0,0.0,fgwytp_600_20,feasible,65.187674405,fgwytp,600,20,True
mckp,501887.0,0.0,pkpfzz_400_20,feasible,66.312092507,pkpfzz,400,20,True
mckp,1005822.0,0.0,jkcpya_1200_100,feasible,269.758080385,jkcpya,1200,100,True
compact,1011318.0,9.888076858043802e-05,vhzgyv_400_100,feasible,0.0253140926361084,vhzgyv,400,100,True
compact,1001608.0,7.881922658727885e-05,kbhlxo_800_20,feasible,0.068666934967041,kbhlxo,800,20,True
compact,503233.0,0.0,zkjspt_800_20,feasible,0.0183510780334472,zkjspt,800,20,True
mckp,1002819.0,0.0,nnkfyw_1200_100,feasible,302.081127446,nnkfyw,1200,100,True
mckp,1003260.0,0.0,pzzrlk_800_100,feasible,278.652510635,pzzrlk,800,100,True
mckp,1012717.0,0.0,beicxs_600_100,feasible,191.05587135,beicxs,600,100,True
compact,505837.0,0.0,qqgzcu_1200_20,feasible,0.0093059539794921,qqgzcu,1200,20,True
compact,976031.0,0.8077408156068372,dknbpd_1000_100,feasible,3600.000739097595,dknbpd,1000,100,False
mckp,985329.0,0.0,sjngap_1200_100,feasible,327.973150732,sjngap,1200,100,True
compact,1001505.0,9.198100307252956e-05,vbshew_1000_20,feasible,2.380979061126709,vbshew,1000,20,True
mckp,1001197.0,0.0,dgkamj_1000_20,feasible,48.504853162,dgkamj,1000,20,True
mckp,999360.0,0.0,zegfox_800_20,feasible,50.598185331,zegfox,800,20,True
compact,1012249.0,9.878982464806126e-05,tutnlx_600_100,feasible,40.44775414466858,tutnlx,600,100,True
mckp,1003005.0,0.0,mpwauf_600_20,feasible,96.172380611,mpwauf,600,20,True
compact,1002661.0,8.734931149129057e-05,cuebcl_800_20,feasible,0.9828708171844482,cuebcl,800,20,True
mckp,1005279.0,0.0,xznmnn_800_100,feasible,129.16237514300002,xznmnn,800,100,True
mckp,503694.0,0.0,utukbm_1000_20,feasible,42.20456988,utukbm,1000,20,True
compact,501901.0,0.0,bomdri_1200_20,feasible,0.0083470344543457,bomdri,1200,20,True
compact,505506.0,0.0,anscxf_400_20,feasible,0.0153930187225341,anscxf,400,20,True
compact,1005719.0,9.943125323151572e-05,kmukvh_800_100,feasible,0.1756889820098877,kmukvh,800,100,True
compact,1006142.0,9.938945060493388e-05,lnvvvn_1200_100,feasible,0.1424989700317382,lnvvvn,1200,100,True
compact,1002970.0,8.849701201933056e-05,syqyvv_800_20,feasible,0.7778661251068115,syqyvv,800,20,True
compact,501669.0,0.0,aionjo_1200_20,feasible,0.0115528106689453,aionjo,1200,20,True
compact,1014882.0,9.853352553939716e-05,hjsqeh_800_100,feasible,8.561924934387207,hjsqeh,800,100,True
mckp,1003299.0,0.0,wuflgh_1200_20,feasible,124.652829302,wuflgh,1200,20,True
compact,1011161.0,9.889612149190732e-05,nvvvnf_400_100,feasible,0.0349218845367431,nvvvnf,400,100,True
compact,992065.0,0.0,dhaduc_400_20,feasible,0.2462048530578613,dhaduc,400,20,True
compact,504621.0,0.0,wcjzcr_600_20,feasible,0.0107479095458984,wcjzcr,600,20,True
mckp,1017298.0,0.0,mtlltn_1200_100,feasible,314.111854265,mtlltn,1200,100,True
compact,1001935.0,0.0953876420956416,zrpbhm_600_20,feasible,3600.000451087952,zrpbhm,600,20,False
compact,505701.0,0.0,wszqcz_1200_20,feasible,0.0206949710845947,wszqcz,1200,20,True
compact,1003658.0,0.0382812496576894,prfoqq_400_20,feasible,3600.000339984894,prfoqq,400,20,False
mckp,1006191.0,0.0,youqlw_1200_100,feasible,184.257046832,youqlw,1200,100,True
compact,515262.0,0.0,tpxefi_600_20,feasible,0.010948896408081,tpxefi,600,20,True
mckp,1001452.0,0.0,jqkdcz_400_20,feasible,68.373656264,jqkdcz,400,20,True
compact,1003123.0,9.96885728982658e-05,gliwib_400_100,feasible,1.9488601684570312,gliwib,400,100,True
mckp,992214.0,0.0,mimvqe_400_20,feasible,72.185495669,mimvqe,400,20,True
compact,514805.0,0.0,sywxop_600_20,feasible,0.0017030239105224,sywxop,600,20,True
mckp,504165.0,0.0,qskygt_1000_20,feasible,47.392869104,qskygt,1000,20,True
mckp,990668.0,0.0,uowrvl_1000_20,feasible,52.297291323,uowrvl,1000,20,True
mckp,522928.0,0.0,haxvmn_1000_100,feasible,316.325970061,haxvmn,1000,100,True
compact,1007487.0,0.0200458673261293,kryxzc_1200_100,feasible,3600.000792980194,kryxzc,1200,100,False
compact,995611.0,0.5424278266299069,vwykot_1000_20,feasible,3600.000711917877,vwykot,1000,20,False
compact,501724.0,0.0,ymctvg_800_20,feasible,0.0136868953704833,ymctvg,800,20,True
compact,1017583.0,9.82719854085756e-05,fxyvlt_1000_100,feasible,0.9340870380401612,fxyvlt,1000,100,True
mckp,1002779.0,0.0,ysevuc_400_100,feasible,108.837053415,ysevuc,400,100,True
compact,1012333.0,0.0,uhulky_400_100,feasible,0.0329649448394775,uhulky,400,100,True
mckp,990537.0,0.0,utaapt_400_20,feasible,61.520210019,utaapt,400,20,True
mckp,505069.0,0.0,xmyost_1000_20,feasible,50.371496051,xmyost,1000,20,True
mckp,1003653.0,0.0,hhdydk_800_100,feasible,254.19539144,hhdydk,800,100,True
compact,1003296.0,8.796399128552335e-05,ysukwo_1000_20,feasible,0.3431160449981689,ysukwo,1000,20,True
mckp,999576.0,0.0,jyxohr_1200_20,feasible,49.433350646,jyxohr,1200,20,True
compact,974391.0,0.0,aiwfll_600_20,feasible,0.7578558921813965,aiwfll,600,20,True
mckp,970889.0,0.0,simoej_1200_20,feasible,45.898261787,simoej,1200,20,True
compact,1004464.0,9.955548476054416e-05,cghqnw_400_100,feasible,0.0412931442260742,cghqnw,400,100,True
mckp,1004300.0,0.0,ivoinh_1000_100,feasible,258.13717219200004,ivoinh,1000,100,True
compact,1005582.0,0.0043753840891146,vatxss_400_100,feasible,3600.000397205353,vatxss,400,100,False
compact,1016400.0,9.83863652239618e-05,owgpnt_1000_100,feasible,0.212860107421875,owgpnt,1000,100,True
compact,976445.0,0.0,tgbwzh_1000_20,feasible,0.0537250041961669,tgbwzh,1000,20,True
compact,1001305.0,9.986957034113448e-05,kmvhbx_400_20,feasible,0.1333301067352295,kmvhbx,400,20,True
mckp,1011251.0,0.0,qfqtxr_800_100,feasible,153.729605068,qfqtxr,800,100,True
mckp,976027.0,0.0,gtsggh_600_100,feasible,247.967580151,gtsggh,600,100,True
mckp,974601.0,0.0,hnsbtx_1200_20,feasible,53.825682421,hnsbtx,1200,20,True
compact,1005790.0,9.94242342594038e-05,isctlj_1000_100,feasible,2933.578877925873,isctlj,1000,100,True
compact,972636.0,0.0,sdihqr_800_20,feasible,0.265956163406372,sdihqr,800,20,True
mckp,513496.0,0.0,frihck_600_20,feasible,66.850008121,frihck,600,20,True
compact,1009758.0,9.90335317635198e-05,hethgw_1000_100,feasible,54.84683108329773,hethgw,1000,100,True
mckp,1005541.0,0.0,bghwrj_1000_100,feasible,230.205137617,bghwrj,1000,100,True
compact,1004594.0,3.857097236376772e-05,knoyhp_800_20,feasible,0.2835710048675537,knoyhp,800,20,True
compact,501833.0,0.0,yngebn_1200_20,feasible,0.0184130668640136,yngebn,1200,20,True
mckp,1008022.0,0.0,iihrog_600_100,feasible,178.578626332,iihrog,600,100,True
mckp,974557.0,0.0,vtmymr_800_20,feasible,46.800908660000005,vtmymr,800,20,True
mckp,1001978.0,0.0,azctkf_1200_20,feasible,47.188747994,azctkf,1200,20,True
compact,1004931.0,7.026795462060938e-05,zhxfaz_1200_20,feasible,0.247636079788208,zhxfaz,1200,20,True
mckp,605297.0,0.0,zyrdzc_400_20,feasible,71.01389989,zyrdzc,400,20,True
compact,970700.0,0.0,sbigeh_800_20,feasible,0.0660429000854492,sbigeh,800,20,True
compact,1013974.0,0.0,beebkb_1000_100,feasible,0.0187749862670898,beebkb,1000,100,True
compact,1001600.0,9.968178455988183e-05,ksnqbb_800_20,feasible,7.352725028991699,ksnqbb,800,20,True
mckp,1004000.0,0.0,yzxxft_600_100,feasible,137.882034205,yzxxft,600,100,True
compact,503142.0,0.0,scauyx_600_20,feasible,0.0019268989562988,scauyx,600,20,True
compact,1002873.0,0.0,tsannf_600_20,feasible,0.0686068534851074,tsannf,600,20,True
compact,1002893.0,9.96307721079243e-05,ivxumh_600_20,feasible,0.3532769680023193,ivxumh,600,20,True
mckp,1017261.0,0.0,hwdtfk_1200_100,feasible,264.48408524,hwdtfk,1200,100,True
compact,603750.0,0.0,hsjqml_1200_20,feasible,0.0051789283752441,hsjqml,1200,20,True
mckp,984881.0,0.0,zoxfep_1200_100,feasible,375.340493675,zoxfep,1200,100,True
mckp,1000277.0,0.0,ctmrms_800_100,feasible,299.456513744,ctmrms,800,100,True
compact,1000183.0,0.1374563413336819,lvfban_1000_20,feasible,3600.000587940216,lvfban,1000,20,False
compact,1008632.0,9.914408907898116e-05,czrkoh_800_100,feasible,0.1110060214996337,czrkoh,800,100,True
mckp,1001231.0,0.0,gcwbtf_1000_100,feasible,323.966102307,gcwbtf,1000,100,True
mckp,1017513.0,0.0,hhqolb_1200_100,feasible,277.643948411,hhqolb,1200,100,True
compact,505069.0,0.0,xmyost_1000_20,feasible,0.0134439468383789,xmyost,1000,20,True
compact,1004774.0,9.952476922694136e-05,rygjnt_800_20,feasible,0.0947101116180419,rygjnt,800,20,True
mckp,995683.0,0.0,mbulql_1000_20,feasible,51.890426966,mbulql,1000,20,True
mckp,503894.0,0.0,bmsfjj_1000_20,feasible,43.862096336,bmsfjj,1000,20,True
compact,1017075.0,9.832106941860783e-05,oepmph_1000_100,feasible,0.1960020065307617,oepmph,1000,100,True
compact,994479.0,3.885215225097398e-05,ydiffo_1200_20,feasible,2.26676082611084,ydiffo,1200,20,True
mckp,1002785.0,0.0,kpchkz_400_20,feasible,61.288158229,kpchkz,400,20,True
mckp,1003171.0,0.0,qjbdoq_600_20,feasible,78.52277665400001,qjbdoq,600,20,True
compact,1000095.0,0.1350143889075028,fvlzfw_600_20,feasible,3600.0005099773407,fvlzfw,600,20,False
compact,1013289.0,9.868843075526256e-05,silbpw_800_100,feasible,24.549805879592896,silbpw,800,100,True
compact,1009832.0,0.0,viajua_600_100,feasible,0.021043062210083,viajua,600,100,True
mckp,1001546.0,0.0,ishxyq_800_20,feasible,72.693118579,ishxyq,800,20,True
mckp,1004494.0,0.0,hkiapy_600_20,feasible,115.390850332,hkiapy,600,20,True
compact,503694.0,0.0,utukbm_1000_20,feasible,0.0050179958343505,utukbm,1000,20,True
mckp,503772.0,0.0,tpoivi_1200_20,feasible,50.597488481,tpoivi,1200,20,True
compact,1002695.0,9.6972059949553e-05,vtcpwz_600_20,feasible,0.3170790672302246,vtcpwz,600,20,True
compact,1001779.0,0.076674651193305,juefxx_400_20,feasible,3600.000330924988,juefxx,400,20,False
mckp,972604.0,0.0,auwxtf_600_20,feasible,76.023685704,auwxtf,600,20,True
mckp,1002821.0,0.0,ovwfyl_400_20,feasible,76.423187697,ovwfyl,400,20,True
mckp,1001343.0,0.0,kntgxd_400_20,feasible,81.224832776,kntgxd,400,20,True
mckp,503828.0,0.0,lvaybn_600_20,feasible,74.82336932999999,lvaybn,600,20,True
compact,974144.0,0.0,rlicyc_400_20,feasible,0.2679371833801269,rlicyc,400,20,True
compact,983879.0,0.0,eiojbc_1000_100,feasible,2.236962080001831,eiojbc,1000,100,True
compact,1005479.0,9.945498667303178e-05,jfweoe_1000_100,feasible,0.4475021362304687,jfweoe,1000,100,True
mckp,1017539.0,0.0,jagadx_1000_100,feasible,162.25924889799998,jagadx,1000,100,True
compact,1003144.0,0.0,pdmaid_600_100,feasible,0.8474030494689941,pdmaid,600,100,True
compact,1004940.0,9.896683562571664e-05,yanxib_800_20,feasible,0.2201769351959228,yanxib,800,20,True
compact,1009595.0,9.904952079841838e-05,jwsovg_800_100,feasible,0.0819880962371826,jwsovg,800,100,True
compact,1007406.0,9.926474602618406e-05,bzjvvv_800_100,feasible,1.3319590091705322,bzjvvv,800,100,True
compact,995662.0,0.5596024586130465,cjjsvy_800_20,feasible,3600.000691890717,cjjsvy,800,20,False
mckp,1005295.0,0.0,xuxlcc_1200_100,feasible,338.808174452,xuxlcc,1200,100,True
mckp,974537.0,0.0,ccasda_1000_20,feasible,52.676805988,ccasda,1000,20,True
mckp,1016867.0,0.0,cotshr_1000_100,feasible,225.042462005,cotshr,1000,100,True
compact,1004772.0,9.952496733092947e-05,mrunto_1200_20,feasible,0.8320841789245605,mrunto,1200,20,True
mckp,1012061.0,0.0,ckjnnj_1000_100,feasible,225.256369928,ckjnnj,1000,100,True
mckp,1004031.0,0.0,scvtwp_600_100,feasible,119.535328116,scvtwp,600,100,True
compact,998864.0,0.3978817903063432,raonsg_800_20,feasible,3600.000559091568,raonsg,800,20,False
mckp,1004817.0,0.0,exirzm_1000_20,feasible,97.976785141,exirzm,1000,20,True
compact,1001592.0,9.984095336129546e-05,edqtwr_1000_20,feasible,0.1799650192260742,edqtwr,1000,20,True
mckp,503127.0,0.0,mtgytw_400_20,feasible,64.52265909100001,mtgytw,400,20,True
compact,1000095.0,0.1238291167488542,mzidoy_400_20,feasible,3600.0003938674927,mzidoy,400,20,False
compact,602905.0,0.0,boqzpn_600_20,feasible,0.0020241737365722,boqzpn,600,20,True
mckp,1007919.0,0.0,gmbqpz_600_100,feasible,151.582024834,gmbqpz,600,100,True
compact,1001503.0,9.984982585027964e-05,nntwqf_600_20,feasible,0.2793128490447998,nntwqf,600,20,True
mckp,1006327.0,0.0,bonpup_1200_100,feasible,185.515046557,bonpup,1200,100,True
mckp,503645.0,0.0,xhiphl_1200_20,feasible,43.39587916,xhiphl,1200,20,True
mckp,501454.0,0.0,lxmwgy_600_20,feasible,70.881542395,lxmwgy,600,20,True
compact,972581.0,0.0,tkdjgf_600_20,feasible,0.2298998832702636,tkdjgf,600,20,True
compact,1011715.0,0.0,qnxgyp_1200_100,feasible,0.0621790885925293,qnxgyp,1200,100,True
compact,1009016.0,9.910635797018286e-05,qztaos_600_100,feasible,0.3226590156555176,qztaos,600,100,True
mckp,1009232.0,0.0,wiultp_600_100,feasible,146.06708202000002,wiultp,600,100,True
mckp,1004978.0,0.0,sxxyrx_1000_100,feasible,194.018353583,sxxyrx,1000,100,True
compact,1004108.0,0.0506576178799209,xqixvo_600_100,feasible,3600.0004529953003,xqixvo,600,100,False
mckp,1010703.0,0.0,bttnog_1000_100,feasible,246.597680436,bttnog,1000,100,True
mckp,1017355.0,0.0,iaoxkh_1000_100,feasible,231.195548879,iaoxkh,1000,100,True
mckp,1015822.0,0.0,srhqzc_1000_100,feasible,202.558773047,srhqzc,1000,100,True
compact,1005221.0,9.9480512762355e-05,junvxu_1000_100,feasible,0.1532998085021972,junvxu,1000,100,True
mckp,1006507.0,0.0,nfwuhp_1200_100,feasible,202.033824462,nfwuhp,1200,100,True
mckp,1001125.0,0.0,nrppap_400_20,feasible,63.038046136000006,nrppap,400,20,True
mckp,974630.0,0.0,cliikl_1000_20,feasible,48.558649578,cliikl,1000,20,True
mckp,972615.0,0.0,inzuda_800_20,feasible,51.409292171,inzuda,800,20,True
mckp,1003602.0,0.0,qwcaff_400_20,feasible,68.77027407599999,qwcaff,400,20,True
mckp,999934.0,0.0,tblnlj_400_20,feasible,63.401802001,tblnlj,400,20,True
compact,986820.0,2.0256685957330203,jouwni_1200_100,feasible,3600.0007140636444,jouwni,1200,100,False
compact,1005924.0,9.941098988493178e-05,utioaa_1000_100,feasible,0.3338770866394043,utioaa,1000,100,True
compact,1005179.0,0.0538461192161916,yghnov_1000_100,feasible,3600.0007469654083,yghnov,1000,100,False
compact,1007860.0,9.922003133368588e-05,vrblrj_1000_100,feasible,0.1488709449768066,vrblrj,1000,100,True
mckp,1003238.0,0.0,bonppa_800_20,feasible,43.696793930000005,bonppa,800,20,True
mckp,1001819.0,0.0,ktlvas_400_20,feasible,66.24438336099999,ktlvas,400,20,True
compact,1002951.0,7.748157698396005e-05,nqjnoo_400_20,feasible,0.1667637825012207,nqjnoo,400,20,True
mckp,1001959.0,0.0,vqxxtb_1000_20,feasible,71.598441371,vqxxtb,1000,20,True
mckp,1004498.0,0.0,yxdndq_600_20,feasible,73.385708885,yxdndq,600,20,True
compact,603741.0,0.0,maqefp_1000_20,feasible,0.0189700126647949,maqefp,1000,20,True
mckp,1014962.0,0.0,qddezl_600_100,feasible,97.544009838,qddezl,600,100,True
mckp,1005243.0,0.0,zlciyw_800_100,feasible,137.578097642,zlciyw,800,100,True
mckp,1001628.0,0.0,lzalel_1200_20,feasible,49.668660339,lzalel,1200,20,True
compact,976245.0,0.0,ocybaj_400_20,feasible,0.1172599792480468,ocybaj,400,20,True
mckp,972506.0,0.0,knsmtc_400_20,feasible,76.36984723900001,knsmtc,400,20,True
mckp,1004931.0,0.0,zhxfaz_1200_20,feasible,74.839788516,zhxfaz,1200,20,True
mckp,1005047.0,0.0,elbkke_600_100,feasible,115.380613076,elbkke,600,100,True
compact,1004774.0,9.28979578528232e-05,ohxadz_800_20,feasible,0.7414958477020264,ohxadz,800,20,True
mckp,1016231.0,0.0,pfbirf_1200_100,feasible,317.693586865,pfbirf,1200,100,True
mckp,1003091.0,0.0,bnoixl_1000_20,feasible,69.99172543799999,bnoixl,1000,20,True
compact,505318.0,0.0,tbwnhk_400_20,feasible,0.0167739391326904,tbwnhk,400,20,True
compact,1002076.0,0.0784968799909096,xwhlar_800_20,feasible,3600.0006561279297,xwhlar,800,20,False
mckp,1004414.0,0.0,kmfdgc_800_20,feasible,47.560561086,kmfdgc,800,20,True
compact,1004797.0,0.0,jsvvxd_600_20,feasible,0.0239050388336181,jsvvxd,600,20,True
compact,987580.0,2.052679708934704,njogzi_1000_100,feasible,3600.000561952591,njogzi,1000,100,False
mckp,511890.0,0.0,hhdkzj_1000_20,feasible,40.613636427,hhdkzj,1000,20,True
mckp,1001251.0,0.0,zunjkh_600_20,feasible,78.889541817,zunjkh,600,20,True
compact,1002977.0,0.0,txdzpi_400_20,feasible,0.0390601158142089,txdzpi,400,20,True
mckp,515395.0,0.0,rinwhe_1200_100,feasible,346.819628216,rinwhe,1200,100,True
compact,992489.0,0.0,jdbiyw_800_20,feasible,0.9921870231628418,jdbiyw,800,20,True
compact,1003212.0,9.850560887370947e-05,oncpio_1000_20,feasible,0.7620048522949219,oncpio,1000,20,True
mckp,1004936.0,0.0,pivycj_1000_20,feasible,53.212234789,pivycj,1000,20,True
mckp,1003167.0,0.0,ftafcj_800_20,feasible,111.649816318,ftafcj,800,20,True
compact,605492.0,0.0,rndvoe_600_20,feasible,0.0141561031341552,rndvoe,600,20,True
compact,1013656.0,9.865270007507472e-05,qvbmry_600_100,feasible,458.37830996513367,qvbmry,600,100,True
compact,1003910.0,0.0835122440590284,rlxwnp_800_20,feasible,3600.0008850097656,rlxwnp,800,20,False
compact,974600.0,0.0,eyheuh_1200_20,feasible,0.339094877243042,eyheuh,1200,20,True
compact,503828.0,0.0,lvaybn_600_20,feasible,0.0021069049835205,lvaybn,600,20,True
compact,1003714.0,0.0213748423164514,soktfb_400_20,feasible,3600.00035405159,soktfb,400,20,False
compact,1004649.0,0.0597861228550111,tkkept_600_100,feasible,3600.0004889965057,tkkept,600,100,False
mckp,1005900.0,0.0,irlitk_400_100,feasible,84.43399421400001,irlitk,400,100,True
mckp,1001580.0,0.0,lkjoeg_600_20,feasible,73.833598511,lkjoeg,600,20,True
compact,1004498.0,7.294768991311061e-05,yxdndq_600_20,feasible,0.6843729019165039,yxdndq,600,20,True
compact,999360.0,5.420132485943586e-05,zegfox_800_20,feasible,2.426433086395264,zegfox,800,20,True
mckp,1007226.0,0.0,xcljtb_400_100,feasible,143.392498901,xcljtb,400,100,True
mckp,1003204.0,0.0,dzynka_400_100,feasible,115.247880584,dzynka,400,100,True
mckp,1003051.0,0.0,obeube_1200_20,feasible,51.608882621,obeube,1200,20,True
compact,1011947.0,9.881930692090898e-05,vfnnim_1000_100,feasible,0.2704389095306396,vfnnim,1000,100,True
compact,1001669.0,9.98332784250302e-05,xdpjjz_1200_20,feasible,4.226689100265503,xdpjjz,1200,20,True
compact,504834.0,0.0,vmglpd_1200_20,feasible,0.0079600811004638,vmglpd,1200,20,True
compact,1003129.0,9.968797663313828e-05,rtivta_800_20,feasible,0.2108650207519531,rtivta,800,20,True
mckp,1003047.0,0.0,veejqn_600_20,feasible,112.727147661,veejqn,600,20,True
compact,1004271.0,1.745219039255062e-05,olegap_1200_20,feasible,0.189918041229248,olegap,1200,20,True
mckp,976868.0,0.0,lcbnkf_800_100,feasible,288.480852619,lcbnkf,800,100,True
mckp,970700.0,0.0,sbigeh_800_20,feasible,51.012956523,sbigeh,800,20,True
mckp,1001989.0,0.0,tvixjo_1200_20,feasible,55.372786315,tvixjo,1200,20,True
mckp,970804.0,0.0,isdqjb_800_20,feasible,42.761271073,isdqjb,800,20,True
mckp,1003779.0,0.0,ejloip_400_100,feasible,146.269445235,ejloip,400,100,True
mckp,983537.0,0.0,izijtu_600_100,feasible,229.822375524,izijtu,600,100,True
mckp,986917.0,0.0,wfgxsm_800_100,feasible,294.858456714,wfgxsm,800,100,True
compact,1008660.0,0.0,udzsky_400_100,feasible,0.0356161594390869,udzsky,400,100,True
mckp,1006022.0,0.0,lccvfc_400_100,feasible,112.249459877,lccvfc,400,100,True
compact,1010698.0,0.0003896813033523,aqngrr_1200_100,feasible,3600.000853061676,aqngrr,1200,100,False
compact,605568.0,0.0,luydnu_1000_20,feasible,0.0055370330810546,luydnu,1000,20,True
mckp,1018658.0,0.0,tezvfh_1200_100,feasible,245.626933571,tezvfh,1200,100,True
compact,1007120.0,0.0,xfxgii_600_100,feasible,0.0956790447235107,xfxgii,600,100,True
mckp,1001566.0,0.0,amitns_800_20,feasible,95.51122227,amitns,800,20,True
mckp,975513.0,0.0,vqbxxa_800_100,feasible,335.778382583,vqbxxa,800,100,True
mckp,972609.0,0.0,wckign_400_20,feasible,63.416612133,wckign,400,20,True
compact,1005541.0,9.94488544486456e-05,gnonob_800_100,feasible,0.391427993774414,gnonob,800,100,True
mckp,1010190.0,0.0,roowvm_800_100,feasible,168.076653731,roowvm,800,100,True
compact,994486.0,0.2182584349839961,mvgcjr_800_20,feasible,3600.0006260871887,mvgcjr,800,20,False
compact,506559.0,0.0,xgkjgq_1000_20,feasible,0.0056591033935546,xgkjgq,1000,20,True
compact,982845.0,2.249024822518693,qrjxex_600_100,feasible,3600.000451087952,qrjxex,600,100,False
compact,972523.0,0.0,qhzsmf_400_20,feasible,1.325977087020874,qhzsmf,400,20,True
compact,502834.0,0.0,ubvrpw_1000_20,feasible,0.0048110485076904,ubvrpw,1000,20,True
compact,1003179.0,9.999840650820707e-05,rfeals_1200_20,feasible,1649.1660850048063,rfeals,1200,20,True
compact,1001298.0,0.1374029598865811,qvgjgi_600_20,feasible,3600.0004720687866,qvgjgi,600,20,False
compact,1011764.0,0.0,owcehb_1000_100,feasible,0.048628807067871,owcehb,1000,100,True
compact,990577.0,0.3413686365423948,ahkjtk_400_20,feasible,3600.0003640651703,ahkjtk,400,20,False
mckp,1005479.0,0.0,jfweoe_1000_100,feasible,201.180015055,jfweoe,1000,100,True
compact,502850.0,0.0,vjylrn_1200_20,feasible,0.030592918395996,vjylrn,1200,20,True
mckp,993248.0,0.0,ybgezg_1000_100,feasible,283.589735247,ybgezg,1000,100,True
mckp,1003190.0,0.0,zwntye_400_100,feasible,111.802806862,zwntye,400,100,True
compact,1003538.0,9.964734803530308e-05,wlpzto_400_100,feasible,0.0902280807495117,wlpzto,400,100,True
mckp,989663.0,0.0,trciww_800_100,feasible,296.22181569,trciww,800,100,True
compact,1005974.0,9.9406048858073e-05,mhmllv_1200_100,feasible,20.394162893295288,mhmllv,1200,100,True
mckp,994525.0,0.0,jzhtxf_1000_20,feasible,46.165294929,jzhtxf,1000,20,True
mckp,505506.0,0.0,anscxf_400_20,feasible,62.843770879,anscxf,400,20,True
mckp,1001908.0,0.0,oqrhwm_600_20,feasible,66.585867291,oqrhwm,600,20,True
compact,1001464.0,9.9853714308538e-05,bddtmt_800_20,feasible,16.291786909103394,bddtmt,800,20,True
mckp,994486.0,0.0,mvgcjr_800_20,feasible,49.498350981,mvgcjr,800,20,True
compact,1001366.0,0.0084087427848915,jdknny_800_20,feasible,3600.000612020493,jdknny,800,20,False
mckp,1003144.0,0.0,pdmaid_600_100,feasible,196.951836417,pdmaid,600,100,True
mckp,1003056.0,0.0,pnqxoy_400_20,feasible,72.88596617399999,pnqxoy,400,20,True
mckp,1012394.0,0.0,iejzhq_1200_100,feasible,208.397152006,iejzhq,1200,100,True
mckp,1001530.0,0.0,bjwonb_1200_20,feasible,60.424714859,bjwonb,1200,20,True
mckp,1001468.0,0.0,fgvfpu_600_20,feasible,86.770692046,fgvfpu,600,20,True
compact,972571.0,2.615557801180344,dbvndy_600_20,feasible,3600.0004119873047,dbvndy,600,20,False
mckp,1005582.0,0.0,vatxss_400_100,feasible,116.973846115,vatxss,400,100,True
compact,605542.0,0.0,oxxpiw_1000_20,feasible,0.0274078845977783,oxxpiw,1000,20,True
mckp,974537.0,0.0,irkcgs_1000_20,feasible,50.691481756,irkcgs,1000,20,True
compact,1002522.0,9.974833495091884e-05,qpbxci_800_100,feasible,133.35408306121826,qpbxci,800,100,True
mckp,1001562.0,0.0,aooduf_600_20,feasible,79.35273015199999,aooduf,600,20,True
compact,1005240.0,9.947863248713492e-05,cinyir_800_100,feasible,1246.8754971027374,cinyir,800,100,True
mckp,1003311.0,0.0,lwoqhd_1200_20,feasible,141.05348926000002,lwoqhd,1200,20,True
mckp,1014737.0,0.0,sqplep_600_100,feasible,100.884137689,sqplep,600,100,True
compact,1018643.0,9.81697236718618e-05,gcoaww_1200_100,feasible,0.1490170955657959,gcoaww,1200,100,True
mckp,1004118.0,0.0,oyydwf_1200_20,feasible,60.975251192,oyydwf,1200,20,True
compact,503707.0,0.0,baxehp_600_20,feasible,0.009671926498413,baxehp,600,20,True
compact,993940.0,0.0,bctjak_800_100,feasible,2.416757106781006,bctjak,800,100,True
mckp,1001473.0,0.0,mjsrid_800_20,feasible,43.822912317,mjsrid,800,20,True
mckp,1007115.0,0.0,lgieec_400_100,feasible,120.964061513,lgieec,400,100,True
compact,974529.0,0.5031158481434078,fmvvvl_600_20,feasible,3600.000513076782,fmvvvl,600,20,False
compact,1004983.0,8.494692463841956e-05,sajdpn_1000_20,feasible,3.174855947494507,sajdpn,1000,20,True
mckp,1005013.0,0.0,tlimrt_1000_20,feasible,54.159116417,tlimrt,1000,20,True
mckp,974433.0,0.0,rsdfsz_600_20,feasible,62.843867921,rsdfsz,600,20,True
mckp,1016240.0,0.0,ywwuga_800_100,feasible,127.75978145,ywwuga,800,100,True
mckp,601948.0,0.0,poemju_1200_20,feasible,54.176914173,poemju,1200,20,True
compact,1016638.0,9.836333251036011e-05,vrugan_1200_100,feasible,0.2479569911956787,vrugan,1200,100,True
compact,1004879.0,9.951436987500996e-05,civduw_600_100,feasible,0.2178878784179687,civduw,600,100,True
mckp,1005231.0,0.0,silrvd_800_100,feasible,164.87280768300002,silrvd,800,100,True
compact,1010458.0,9.896492584063282e-05,zxbagu_1000_100,feasible,3549.10910487175,zxbagu,1000,100,True
mckp,1014967.0,0.0,xhzalx_800_100,feasible,153.081624517,xhzalx,800,100,True
mckp,501757.0,0.0,dylnbi_800_20,feasible,54.241254839,dylnbi,800,20,True
mckp,505391.0,0.0,wrqgon_600_20,feasible,76.28755392000001,wrqgon,600,20,True
mckp,992513.0,0.0,rmjplb_1200_20,feasible,49.058762725,rmjplb,1200,20,True
compact,1002446.0,6.109357015478792e-05,wgsute_400_20,feasible,0.2713649272918701,wgsute,400,20,True
mckp,999456.0,0.0,igytrr_1000_20,feasible,47.869324966,igytrr,1000,20,True
mckp,1004976.0,0.0,xfrwam_1200_20,feasible,87.302803709,xfrwam,1200,20,True
compact,1004818.0,9.95204111387225e-05,ybuqfw_800_20,feasible,0.0826799869537353,ybuqfw,800,20,True
compact,1011169.0,9.889533906266996e-05,srzwhr_800_100,feasible,0.0236299037933349,srzwhr,800,100,True
mckp,1005924.0,0.0,utioaa_1000_100,feasible,216.998793012,utioaa,1000,100,True
mckp,977748.0,0.0,iqgjzz_800_100,feasible,310.159365452,iqgjzz,800,100,True
compact,604830.0,0.0,ptggck_1200_20,feasible,0.0058960914611816,ptggck,1200,20,True
mckp,1008302.0,0.0,yguthi_600_100,feasible,175.420297478,yguthi,600,100,True
mckp,1004603.0,0.0,stsueb_600_100,feasible,177.641518506,stsueb,600,100,True
compact,1004129.0,9.958869867447442e-05,zdimbt_600_100,feasible,0.0921649932861328,zdimbt,600,100,True
compact,1001400.0,6.616265384162573e-05,npjcdt_600_20,feasible,0.1167800426483154,npjcdt,600,20,True
compact,501854.0,0.0,egdkwq_1200_20,feasible,0.0206799507141113,egdkwq,1200,20,True
compact,1002961.0,9.970467475338048e-05,uhiihi_1000_20,feasible,0.339224100112915,uhiihi,1000,20,True
mckp,1004075.0,0.0,sgxciy_400_20,feasible,72.459538517,sgxciy,400,20,True
compact,1003091.0,9.984972739093875e-05,osrgbg_800_20,feasible,0.9078009128570556,osrgbg,800,20,True
compact,1006603.0,9.93439326686562e-05,zdcakg_600_100,feasible,0.095884084701538,zdcakg,600,100,True
mckp,1002807.0,0.0,bqdnza_600_20,feasible,62.696335748,bqdnza,600,20,True
compact,1011279.0,9.888458191598766e-05,baxzkg_400_100,feasible,0.1078839302062988,baxzkg,400,100,True
mckp,1001607.0,0.0,pmxwqo_1200_20,feasible,120.884758402,pmxwqo,1200,20,True
mckp,1001449.0,0.0,lfbugg_600_20,feasible,89.256970369,lfbugg,600,20,True
mckp,504537.0,0.0,amxurf_800_20,feasible,46.87026052,amxurf,800,20,True
compact,1011499.0,9.886307464162137e-05,bsasdx_1000_100,feasible,0.0849239826202392,bsasdx,1000,100,True
compact,1013422.0,9.86754790447819e-05,gyqmrc_800_100,feasible,0.2299139499664306,gyqmrc,800,100,True
compact,977527.0,0.0,smozjo_1200_100,feasible,0.1024889945983886,smozjo,1200,100,True
compact,511733.0,0.0,bfsmkt_1000_20,feasible,0.0176529884338378,bfsmkt,1000,20,True
compact,999484.0,0.4498804448592917,rybpee_1000_20,feasible,3600.000692129135,rybpee,1000,20,False
mckp,990678.0,0.0,onwvvy_1200_20,feasible,49.597438021,onwvvy,1200,20,True
compact,1001283.0,9.899504798899014e-05,wxbhxi_400_20,feasible,1.6332228183746338,wxbhxi,400,20,True
compact,1009952.0,0.0,txjmso_1000_100,feasible,3.114145040512085,txjmso,1000,100,True
mckp,992304.0,0.0,ztyvif_600_20,feasible,63.866884429,ztyvif,600,20,True
compact,503645.0,0.0,xhiphl_1200_20,feasible,0.0174019336700439,xhiphl,1200,20,True
mckp,1011602.0,0.0,rkrzzr_1000_100,feasible,230.879239562,rkrzzr,1000,100,True
compact,974731.0,0.0,xpmdnv_1200_20,feasible,0.0511479377746582,xpmdnv,1200,20,True
mckp,517025.0,0.0,qnxutb_1200_100,feasible,310.13783953,qnxutb,1200,100,True
mckp,999458.0,0.0,qzqpzu_1200_20,feasible,53.029103679,qzqpzu,1200,20,True
mckp,1001496.0,0.0,gemdtb_1000_20,feasible,50.558293785,gemdtb,1000,20,True
compact,605418.0,0.0,rycuel_800_20,feasible,0.0092201232910156,rycuel,800,20,True
mckp,985013.0,0.0,grmwbo_600_100,feasible,222.900490017,grmwbo,600,100,True
mckp,601759.0,0.0,kmolad_400_20,feasible,62.46847805,kmolad,400,20,True
compact,501672.0,0.0,rryksq_800_20,feasible,0.0020780563354492,rryksq,800,20,True
compact,1005295.0,9.947318998583502e-05,xbjtlp_800_100,feasible,0.7739951610565186,xbjtlp,800,100,True
mckp,1003909.0,0.0,nwbrhh_1000_20,feasible,48.779047294,nwbrhh,1000,20,True
compact,507520.0,0.0,rzuqhw_1200_100,feasible,0.0589461326599121,rzuqhw,1200,100,True
compact,1009491.0,9.905972508945093e-05,nxshyg_600_100,feasible,0.1318368911743164,nxshyg,600,100,True
mckp,605035.0,0.0,qecovn_1000_20,feasible,39.216084564,qecovn,1000,20,True
mckp,1009680.0,0.0,ftkvtc_1200_100,feasible,333.482676314,ftkvtc,1200,100,True
mckp,1004652.0,0.0,oinasv_1000_20,feasible,108.247387384,oinasv,1000,20,True
compact,1008141.0,9.919237567723596e-05,phjbpe_600_100,feasible,4.258002042770386,phjbpe,600,100,True
compact,1008803.0,9.912728339697305e-05,wkjjan_400_100,feasible,0.0795190334320068,wkjjan,400,100,True
mckp,1011404.0,0.0,jsared_600_100,feasible,187.462984338,jsared,600,100,True
mckp,999978.0,0.0,vemhyg_600_20,feasible,73.38402733,vemhyg,600,20,True
mckp,995142.0,0.0,kzqcxb_1000_100,feasible,315.382333489,kzqcxb,1000,100,True
mckp,1004344.0,0.0,tbkjvd_800_20,feasible,48.11220938,tbkjvd,800,20,True
compact,1001868.0,0.0896745220206717,beujxd_600_20,feasible,3600.000499010086,beujxd,600,20,False
mckp,1001269.0,0.0,kbjpjw_400_20,feasible,85.010332685,kbjpjw,400,20,True
mckp,1003790.0,0.0,hltzid_600_20,feasible,67.556094682,hltzid,600,20,True
mckp,605492.0,0.0,rndvoe_600_20,feasible,68.967227626,rndvoe,600,20,True
compact,502390.0,0.0,dtraps_400_20,feasible,0.0012581348419189,dtraps,400,20,True
compact,1001595.0,9.984065431571212e-05,balgcx_800_20,feasible,0.276630163192749,balgcx,800,20,True
compact,999214.0,0.3981286191379985,aaapdx_1200_20,feasible,3600.0006029605865,aaapdx,1200,20,False
compact,980464.0,0.0,ywpoyn_600_100,feasible,1.1095030307769775,ywpoyn,600,100,True
mckp,1004149.0,0.0,ettlse_400_20,feasible,80.354202789,ettlse,400,20,True
compact,1001467.0,2.299247165295065e-05,krcbly_600_20,feasible,0.5541501045227051,krcbly,600,20,True
mckp,1014010.0,0.0,aecqce_600_100,feasible,127.586454513,aecqce,600,100,True
mckp,1003972.0,0.0,qmkxsl_1200_20,feasible,59.054463888,qmkxsl,1200,20,True
mckp,999993.0,0.0,uvdvpt_600_20,feasible,66.524319605,uvdvpt,600,20,True
compact,1002975.0,0.0,fubxzd_600_20,feasible,0.560460090637207,fubxzd,600,20,True
compact,605103.0,0.0,vfbwop_400_20,feasible,0.0110900402069091,vfbwop,400,20,True
compact,995142.0,0.0,kzqcxb_1000_100,feasible,0.0206668376922607,kzqcxb,1000,100,True
compact,1001631.0,9.983706592005998e-05,ithndx_1200_20,feasible,9.770447015762327,ithndx,1200,20,True
compact,1001607.0,9.983945815129272e-05,qdubne_1200_20,feasible,0.4967398643493652,qdubne,1200,20,True
compact,1001580.0,9.98421495615432e-05,fljehc_1000_20,feasible,0.3034489154815674,fljehc,1000,20,True
compact,1005002.0,8.929684678375159e-05,pwnprv_1200_20,feasible,0.0374159812927246,pwnprv,1200,20,True
mckp,505721.0,0.0,xslvjr_1000_20,feasible,44.76497591,xslvjr,1000,20,True
mckp,1004129.0,0.0,zdimbt_600_100,feasible,167.470568352,zdimbt,600,100,True
mckp,1007984.0,0.0,wusbve_1000_100,feasible,273.915435748,wusbve,1000,100,True
compact,620480.0,0.0,nngesz_1200_100,feasible,0.003566026687622,nngesz,1200,100,True
compact,1007496.0,0.0,cjupel_1000_100,feasible,0.0689129829406738,cjupel,1000,100,True
mckp,992564.0,0.0,cmidff_1000_20,feasible,49.204931341,cmidff,1000,20,True
mckp,1018404.0,0.0,hpjbth_1200_100,feasible,282.721384397,hpjbth,1200,100,True
mckp,1003702.0,0.0,vslfiq_400_20,feasible,72.757872194,vslfiq,400,20,True
mckp,972751.0,0.0,laniha_600_20,feasible,64.69964728699999,laniha,600,20,True
mckp,1000101.0,0.0,fvlzfw_600_20,feasible,82.331428198,fvlzfw,600,20,True
compact,1009696.0,9.90396128739612e-05,spugme_800_100,feasible,0.0675981044769287,spugme,800,100,True
compact,1013894.0,9.862954250686707e-05,wsprhf_600_100,feasible,0.1507689952850341,wsprhf,600,100,True
mckp,994344.0,0.0,hdpeqt_1000_20,feasible,44.591434398,hdpeqt,1000,20,True
compact,1005279.0,9.947477319751712e-05,xznmnn_800_100,feasible,0.2313969135284423,xznmnn,800,100,True
compact,1009616.0,9.904746057168211e-05,qzefmx_600_100,feasible,0.4120290279388428,qzefmx,600,100,True
compact,1004088.0,7.69298798654328e-05,iqypjp_400_20,feasible,0.1756868362426757,iqypjp,400,20,True
compact,1017257.0,0.0032069333545165,hwdtfk_1200_100,feasible,3600.000801086426,hwdtfk,1200,100,False
mckp,992276.0,0.0,dneule_1200_100,feasible,329.464319329,dneule,1200,100,True
mckp,1019233.0,0.0,brkrbt_1200_100,feasible,204.740612727,brkrbt,1200,100,True
compact,601588.0,0.0,nzuzde_800_20,feasible,0.0212221145629882,nzuzde,800,20,True
mckp,1001397.0,0.0,qcxcgy_600_20,feasible,69.085564928,qcxcgy,600,20,True
mckp,992616.0,0.0,frxfab_1200_20,feasible,49.546518809,frxfab,1200,20,True
mckp,1007860.0,0.0,vrblrj_1000_100,feasible,316.660454064,vrblrj,1000,100,True
compact,501932.0,0.0,atkedw_600_20,feasible,0.0145900249481201,atkedw,600,20,True
mckp,503519.0,0.0,btqpnv_800_20,feasible,47.024098561,btqpnv,800,20,True
mckp,1001292.0,0.0,lwhsup_400_20,feasible,72.01179897600001,lwhsup,400,20,True
mckp,1003951.0,0.0,bumkjf_800_20,feasible,49.601719201,bumkjf,800,20,True
compact,1000007.0,0.1465917623714786,ukesml_800_20,feasible,3600.000623941421,ukesml,800,20,False
compact,1009208.0,9.908750318318604e-05,lwuusf_600_100,feasible,0.1657328605651855,lwuusf,600,100,True
mckp,986820.0,0.0,jouwni_1200_100,feasible,312.77496020700005,jouwni,1200,100,True
mckp,505648.0,0.0,ngjgoz_1000_20,feasible,51.429560889,ngjgoz,1000,20,True
mckp,1004631.0,0.0,jzmdxt_600_100,feasible,119.96339223,jzmdxt,600,100,True
mckp,1008111.0,0.0,ktareo_1000_100,feasible,291.332655336,ktareo,1000,100,True
compact,1011526.0,9.886043575702873e-05,gdudgz_1200_100,feasible,2.558336019515991,gdudgz,1200,100,True
compact,970858.0,0.0,hedztj_1000_20,feasible,0.0612740516662597,hedztj,1000,20,True
mckp,1004354.0,0.0,pzgrsj_400_20,feasible,78.894459399,pzgrsj,400,20,True
mckp,1003179.0,0.0,rfeals_1200_20,feasible,59.989377361,rfeals,1200,20,True
mckp,1015679.0,0.0,tsirig_800_100,feasible,198.218056661,tsirig,800,100,True
mckp,980269.0,0.0,fulsni_1200_100,feasible,301.15930461600004,fulsni,1200,100,True
compact,990659.0,0.0,qrgrzv_1000_20,feasible,1.8363301753997805,qrgrzv,1000,20,True
mckp,501777.0,0.0,bgomcl_600_20,feasible,69.176996303,bgomcl,600,20,True
mckp,1006139.0,0.0,ewqgzc_1000_100,feasible,167.19616418799998,ewqgzc,1000,100,True
compact,503424.0,0.0,nqhfua_400_20,feasible,0.0103940963745117,nqhfua,400,20,True
compact,1005485.0,9.945439319891078e-05,eynxil_1200_100,feasible,1.529101848602295,eynxil,1200,100,True
mckp,1001503.0,0.0,nntwqf_600_20,feasible,91.601493232,nntwqf,600,20,True
mckp,1003426.0,0.0,oizgbh_1000_20,feasible,110.336251543,oizgbh,1000,20,True
mckp,1008669.0,0.0,gqlheb_400_100,feasible,108.057009566,gqlheb,400,100,True
mckp,1001482.0,0.0,hazcvu_600_20,feasible,83.44692182300001,hazcvu,600,20,True
mckp,503295.0,0.0,mwnudg_400_20,feasible,69.26485500300001,mwnudg,400,20,True
compact,1003905.0,0.0682600617838626,zfvbvm_1200_20,feasible,3600.000997066498,zfvbvm,1200,20,False
mckp,972701.0,0.0,hxfkyd_1200_20,feasible,51.865351158,hxfkyd,1200,20,True
compact,1004928.0,8.955759134158283e-05,phyhil_1200_20,feasible,0.6258499622344971,phyhil,1200,20,True
compact,1003597.0,9.964148991927048e-05,obnwmh_400_100,feasible,0.040665864944458,obnwmh,400,100,True
mckp,506417.0,0.0,gtaudz_600_20,feasible,74.953716603,gtaudz,600,20,True
compact,502876.0,0.0,mgudqu_1000_20,feasible,0.0048930644989013,mgudqu,1000,20,True
mckp,504966.0,0.0,wvmqgu_400_20,feasible,70.40104382099999,wvmqgu,400,20,True
mckp,1001311.0,0.0,smfqxv_800_20,feasible,44.519179483,smfqxv,800,20,True
mckp,1001806.0,0.0,hphlqj_400_20,feasible,62.540905202,hphlqj,400,20,True
compact,1014825.0,9.853905989795294e-05,pkfqiu_600_100,feasible,0.1427469253540039,pkfqiu,600,100,True
compact,993248.0004540838,3.333335146982109e-09,ybgezg_1000_100,feasible,2.303932905197144,ybgezg,1000,100,True
compact,1004528.0,0.0349816449600776,hydzuy_600_100,feasible,3600.0004620552063,hydzuy,600,100,False
mckp,1004243.0,0.0,qtyihh_600_100,feasible,115.809897456,qtyihh,600,100,True
compact,1002096.0,0.1005411621972086,uzouan_800_20,feasible,3600.000643968582,uzouan,800,20,False
compact,995107.0,0.0,rlmchf_1200_100,feasible,0.0270640850067138,rlmchf,1200,100,True
mckp,1004613.0,0.0,qyrzfb_800_20,feasible,104.131038063,qyrzfb,800,20,True
mckp,1016638.0,0.0,vrugan_1200_100,feasible,318.472562086,vrugan,1200,100,True
mckp,970825.0,0.0,jtdsaz_600_20,feasible,73.66300604300001,jtdsaz,600,20,True
compact,974686.0,0.0,upabtn_800_20,feasible,0.0703790187835693,upabtn,800,20,True
mckp,1003296.0,0.0,jozrdn_1200_20,feasible,93.39709869,jozrdn,1200,20,True
mckp,974419.0,0.0,rmyrle_800_20,feasible,54.066481046,rmyrle,800,20,True
mckp,1003492.0,0.0,jqdchg_400_100,feasible,93.232097747,jqdchg,400,100,True
compact,1011713.0,9.884216290374552e-05,nfczml_1200_100,feasible,119.96853685379028,nfczml,1200,100,True
compact,972473.0,1.456983796371994,hjizoi_400_20,feasible,3600.0003340244293,hjizoi,400,20,False
mckp,1006142.0,0.0,lnvvvn_1200_100,feasible,185.524586141,lnvvvn,1200,100,True
compact,1003152.0,0.0620233269897015,cetiod_1000_20,feasible,3600.0008330345154,cetiod,1000,20,False
mckp,1002975.0,0.0,fubxzd_600_20,feasible,103.887783753,fubxzd,600,20,True
compact,1010967.0,9.891509919206148e-05,dhtkop_800_100,feasible,0.1558499336242675,dhtkop,800,100,True
compact,1004097.0,9.95918725064685e-05,dzeeyi_600_100,feasible,3.563178062438965,dzeeyi,600,100,True
mckp,1005541.0,0.0,gnonob_800_100,feasible,167.67296589,gnonob,800,100,True
mckp,1003898.0,0.0,uqhbcl_1200_20,feasible,65.032347962,uqhbcl,1200,20,True
mckp,502009.0,0.0,ipoczq_800_20,feasible,48.462934878,ipoczq,800,20,True
compact,999339.0,0.4088092232070344,htxuqu_600_20,feasible,3600.0004489421844,htxuqu,600,20,False
mckp,1003100.0,0.0,rwfbur_800_20,feasible,47.975469426,rwfbur,800,20,True
mckp,1018244.0,0.0,krfsgx_1000_100,feasible,202.690003319,krfsgx,1000,100,True
compact,1003832.0,0.0812621678457592,inmnaf_800_20,feasible,3600.000522851944,inmnaf,800,20,False
compact,606730.0,0.0,tcxmrv_1200_100,feasible,0.0024960041046142,tcxmrv,1200,100,True
mckp,1003130.0,0.0,xnxlww_800_20,feasible,48.964246177,xnxlww,800,20,True
mckp,1005039.0,0.0,nlhnpt_1000_100,feasible,280.503511388,nlhnpt,1000,100,True
compact,997555.0,0.5200809501864975,reyjmx_1200_20,feasible,3600.000867843628,reyjmx,1200,20,False
mckp,1010394.0,0.0,gnpsfe_400_100,feasible,76.879947909,gnpsfe,400,100,True
mckp,982845.0,0.0,qrjxex_600_100,feasible,203.833795106,qrjxex,600,100,True
mckp,1012192.0,0.0,gyhfha_1000_100,feasible,200.780720675,gyhfha,1000,100,True
mckp,1012178.0,0.0,cnfyzz_1200_100,feasible,220.842638468,cnfyzz,1200,100,True
mckp,997503.0,0.0,gyllhi_600_20,feasible,72.823893168,gyllhi,600,20,True
mckp,1003288.0,0.0,njotae_1000_20,feasible,49.687062252,njotae,1000,20,True
compact,1004568.0,9.12852350057516e-05,szpqiy_800_20,feasible,0.4278459548950195,szpqiy,800,20,True
compact,1010517.0,0.0,fojior_1000_100,feasible,49.87655997276306,fojior,1000,100,True
mckp,1011119.0,0.0,ngazba_600_100,feasible,192.18250988000003,ngazba,600,100,True
compact,1004320.0,0.0,okwdtc_400_20,feasible,0.0726330280303955,okwdtc,400,20,True
compact,1001364.0,0.0,lqzhrq_1200_20,feasible,0.5066349506378174,lqzhrq,1200,20,True
compact,1006460.0,0.0,oqkhys_1000_100,feasible,1.7828030586242676,oqkhys,1000,100,True
mckp,511747.0,0.0,riusku_400_20,feasible,71.202896181,riusku,400,20,True
compact,601892.0,0.0,ftdhdh_800_20,feasible,0.0306339263916015,ftdhdh,800,20,True
mckp,1000202.0,0.0,uujgzr_1200_20,feasible,74.806330675,uujgzr,1200,20,True
mckp,1003878.0,0.0,ovuwtu_600_100,feasible,161.02739065100002,ovuwtu,600,100,True
compact,1010400.0,9.897060671951038e-05,ucayrz_800_100,feasible,2227.8505687713623,ucayrz,800,100,True
mckp,995601.0,0.0,ptowet_600_20,feasible,73.740931917,ptowet,600,20,True
compact,502807.0,0.0,jvkpts_600_20,feasible,0.0363440513610839,jvkpts,600,20,True
mckp,503400.0,0.0,emqvyo_400_20,feasible,66.25706101,emqvyo,400,20,True
compact,1004967.0,9.70062626239412e-05,tgvide_1000_20,feasible,0.2732357978820801,tgvide,1000,20,True
compact,992629.0,0.0,vocxic_1000_20,feasible,1.785214900970459,vocxic,1000,20,True
mckp,1002025.0,0.0,pwbrid_600_20,feasible,74.799640053,pwbrid,600,20,True
mckp,503613.0,0.0,nbjhfl_600_20,feasible,65.917829565,nbjhfl,600,20,True
mckp,1010428.0,0.0,atprvu_1200_100,feasible,256.883306101,atprvu,1200,100,True
compact,501949.0,0.0,nemvnd_1000_20,feasible,0.0233941078186035,nemvnd,1000,20,True
compact,993657.0,0.0,hswpva_1200_100,feasible,0.5037469863891602,hswpva,1200,100,True
compact,1005731.0,9.943006685677697e-05,yijroj_1200_100,feasible,8.066560983657837,yijroj,1200,100,True
compact,992304.0,0.0,ztyvif_600_20,feasible,2.3226749897003174,ztyvif,600,20,True
mckp,1009616.0,0.0,qzefmx_600_100,feasible,105.239757227,qzefmx,600,100,True
mckp,1000559.0,0.0,ehpjjv_400_20,feasible,74.37171590300001,ehpjjv,400,20,True
compact,1004727.0,9.952942487917128e-05,vmmlaw_1000_20,feasible,0.2199470996856689,vmmlaw,1000,20,True
compact,1004613.0,7.403820908576418e-05,qyrzfb_800_20,feasible,0.155606985092163,qyrzfb,800,20,True
mckp,1003865.0,0.0,lsxeme_1000_20,feasible,52.522370561,lsxeme,1000,20,True
compact,601685.0,0.0,rfbtwm_400_20,feasible,0.0123929977416992,rfbtwm,400,20,True
mckp,1004323.0,0.0,dytlyd_400_20,feasible,70.851108778,dytlyd,400,20,True
mckp,1002871.0,0.0,xvzjqj_400_20,feasible,63.051499828,xvzjqj,400,20,True
mckp,1004170.0,0.0,hmqlnu_400_20,feasible,79.093787032,hmqlnu,400,20,True
mckp,1003215.0,0.0,ysjgbu_400_100,feasible,81.63665851,ysjgbu,400,100,True
mckp,1008231.0,0.0,vsmetv_600_100,feasible,154.533292065,vsmetv,600,100,True
compact,1002409.0,0.0,gniiqg_600_100,feasible,0.0182459354400634,gniiqg,600,100,True
mckp,1002727.0,0.0,owcqwv_400_20,feasible,62.965278291,owcqwv,400,20,True
mckp,995683.0,0.0,aqxycd_1200_20,feasible,47.652336279,aqxycd,1200,20,True
compact,1008669.0,9.91404522787433e-05,gqlheb_400_100,feasible,0.0684349536895752,gqlheb,400,100,True
compact,1001379.0,9.986219017755498e-05,cwqsry_400_20,feasible,0.2722949981689453,cwqsry,400,20,True
compact,1015806.0,9.844389731513958e-05,dxsfpd_800_100,feasible,0.1596660614013672,dxsfpd,800,100,True
compact,1012702.0,9.874563420864754e-05,ecogaf_1200_100,feasible,0.2929770946502685,ecogaf,1200,100,True
mckp,974300.0,0.0,tgkamg_400_20,feasible,70.379804859,tgkamg,400,20,True
compact,1001630.0,9.99225154527206e-05,oibttc_1200_20,feasible,631.3444650173187,oibttc,1200,20,True
compact,970832.0,0.0,oikwxr_600_20,feasible,0.0375068187713623,oikwxr,600,20,True
mckp,1003176.0,0.0,whesxa_1000_20,feasible,50.78125096,whesxa,1000,20,True
mckp,1015897.0,0.0,doamno_800_100,feasible,159.773068308,doamno,800,100,True
mckp,1006289.0,0.0,vcorgf_400_100,feasible,105.050671029,vcorgf,400,100,True
mckp,506760.0,0.0,usilpx_1000_20,feasible,43.348841271,usilpx,1000,20,True
mckp,506626.0,0.0,etvpgy_1200_20,feasible,45.756313144,etvpgy,1200,20,True
mckp,1006078.0,0.0,iogsau_1000_100,feasible,136.52412322799998,iogsau,1000,100,True
compact,1001599.0,5.130561897326021e-05,jgnhhq_800_20,feasible,0.2347650527954101,jgnhhq,800,20,True
mckp,1004533.0,0.0,jemqot_1200_100,feasible,315.639490938,jemqot,1200,100,True
mckp,1006333.0,0.0,cpiyah_800_100,feasible,277.291675438,cpiyah,800,100,True
compact,1004936.0,0.0,pivycj_1000_20,feasible,0.1052620410919189,pivycj,1000,20,True
mckp,1015343.0,0.0,gabwlj_800_100,feasible,125.070505556,gabwlj,800,100,True
compact,1006302.0,9.93736478973033e-05,vojtzx_1200_100,feasible,2.45269513130188,vojtzx,1200,100,True
compact,1009141.0,9.909408190324056e-05,ackksz_800_100,feasible,1214.5049359798431,ackksz,800,100,True
mckp,1001638.0,0.0,pzejcg_1200_20,feasible,136.086246309,pzejcg,1200,20,True
compact,1001617.0,9.983846136950414e-05,wfjvob_1000_20,feasible,0.4776430130004883,wfjvob,1000,20,True
mckp,1011418.0,0.0,pcbbea_1200_100,feasible,227.248904377,pcbbea,1200,100,True
compact,1005591.0,0.0017607586528757,simgrq_1200_100,feasible,3600.0008878707886,simgrq,1200,100,False
mckp,974558.0,0.0,twobxp_600_20,feasible,76.339705228,twobxp,600,20,True
mckp,1003620.0,0.0,zaswqf_1000_100,feasible,281.555009989,zaswqf,1000,100,True
compact,1005534.0,0.0044666876843844,bghwrj_1000_100,feasible,3600.00074505806,bghwrj,1000,100,False
compact,517736.0,0.0,mohyfk_1200_100,feasible,0.002573013305664,mohyfk,1200,100,True
compact,1004756.0,8.889680550725673e-05,cekvqr_1000_20,feasible,0.6782119274139404,cekvqr,1000,20,True
compact,1015224.0,9.850033243862198e-05,nkkjzs_1000_100,feasible,0.1086089611053466,nkkjzs,1000,100,True
compact,1005043.0,7.795233867428282e-05,aysbjk_1200_20,feasible,0.2593929767608642,aysbjk,1200,20,True
mckp,1005163.0,0.0,excuvj_800_100,feasible,113.597363105,excuvj,800,100,True
compact,1015476.0,9.847588867103834e-05,uxctvt_800_100,feasible,0.6701071262359619,uxctvt,800,100,True
compact,995686.0,0.2830211354495489,orhpoo_1000_100,feasible,3600.000615119934,orhpoo,1000,100,False
mckp,981862.0,0.0,yukjky_800_100,feasible,314.408753788,yukjky,800,100,True
compact,1004095.0,7.519510485954646e-05,nckmex_400_20,feasible,0.181229829788208,nckmex,400,20,True
compact,1011251.0,9.888731987674684e-05,qfqtxr_800_100,feasible,0.1113660335540771,qfqtxr,800,100,True
mckp,1007023.0,0.0,ymwikh_400_100,feasible,65.75446962,ymwikh,400,100,True
compact,1003440.0,7.920392945688279e-05,trkxdj_1200_20,feasible,0.1182332038879394,trkxdj,1200,20,True
compact,504836.0,0.0,rfcyyk_1200_20,feasible,0.0070149898529052,rfcyyk,1200,20,True
mckp,604830.0,0.0,ptggck_1200_20,feasible,42.251410094,ptggck,1200,20,True
mckp,1014085.0,0.0,iuxvan_800_100,feasible,219.266679406,iuxvan,800,100,True
mckp,1009671.0,0.0,ftrcca_1000_100,feasible,280.228294786,ftrcca,1000,100,True
compact,1010428.0,9.896786414483352e-05,atprvu_1200_100,feasible,5.44952392578125,atprvu,1200,100,True
compact,517025.0,0.0,qnxutb_1200_100,feasible,0.0615589618682861,qnxutb,1200,100,True
mckp,1005221.0,0.0,junvxu_1000_100,feasible,235.833330738,junvxu,1000,100,True
compact,1004076.0,9.959395544365622e-05,hmwtuj_1000_100,feasible,5.172758102416992,hmwtuj,1000,100,True
mckp,1001609.0,0.0,avvxqx_1200_20,feasible,54.477278522,avvxqx,1200,20,True
mckp,1003886.0,0.0,yghakh_800_20,feasible,52.40902243,yghakh,800,20,True
compact,1002957.0,8.562187054274989e-05,tnojls_600_20,feasible,0.0906310081481933,tnojls,600,20,True
compact,1001247.0,8.211173506877641e-05,nzqamt_400_20,feasible,0.08439302444458,nzqamt,400,20,True
compact,1000201.0,0.1420385458127847,dzpxxv_1200_20,feasible,3600.0008771419525,dzpxxv,1200,20,False
mckp,974692.0,0.0,cuzltb_1000_20,feasible,47.144748534,cuzltb,1000,20,True
mckp,990543.0,0.0,ccjtxc_800_20,feasible,48.142128351,ccjtxc,800,20,True
mckp,997240.0,0.0,bcssux_400_20,feasible,68.823877422,bcssux,400,20,True
compact,1003211.0,8.733243116621187e-05,vflwfv_1000_20,feasible,1.1475059986114502,vflwfv,1000,20,True
compact,974432.0,0.0,bggfql_800_20,feasible,0.316810131072998,bggfql,800,20,True
compact,1001309.0,9.34403401998082e-05,gbsrhz_400_20,feasible,0.5116159915924072,gbsrhz,400,20,True
mckp,1005559.0,0.0,ksvfrr_600_100,feasible,237.722599607,ksvfrr,600,100,True
compact,511827.0,0.0,ckgbnr_800_20,feasible,0.0048689842224121,ckgbnr,800,20,True
compact,1003052.0,9.797072723164964e-05,mitazd_600_20,feasible,0.6966650485992432,mitazd,600,20,True
mckp,972646.0,0.0,dmpzcd_1000_20,feasible,47.69750491,dmpzcd,1000,20,True
compact,1004886.0,0.0,rcbeud_1000_20,feasible,0.3153948783874511,rcbeud,1000,20,True
compact,1002145.0,0.1070243396184349,bfzjji_1200_20,feasible,3600.000810146332,bfzjji,1200,20,False
mckp,1002100.0,0.0,uzouan_800_20,feasible,53.669390705,uzouan,800,20,True
mckp,1005295.0,0.0,xbjtlp_800_100,feasible,163.820530379,xbjtlp,800,100,True
mckp,1002740.0,0.0,pseuxa_600_20,feasible,68.975426928,pseuxa,600,20,True
mckp,995413.0,0.0,dtuudt_600_20,feasible,80.552996632,dtuudt,600,20,True
mckp,1004989.0,0.0,kumedc_1200_20,feasible,62.961707421,kumedc,1200,20,True
mckp,1001939.0,0.0,zrpbhm_600_20,feasible,78.001295778,zrpbhm,600,20,True
mckp,1002661.0,0.0,cuebcl_800_20,feasible,51.739750535,cuebcl,800,20,True
compact,1018831.0,9.815160890117312e-05,kdxefu_1000_100,feasible,0.1297168731689453,kdxefu,1000,100,True
compact,974640.0,0.0,whklml_600_20,feasible,0.2208118438720703,whklml,600,20,True
mckp,1012384.0,0.0,ozhttg_1200_100,feasible,254.078570748,ozhttg,1200,100,True
compact,1017539.0,9.827623484089076e-05,jagadx_1000_100,feasible,0.0383238792419433,jagadx,1000,100,True
compact,1003379.0,9.791169937984816e-05,egyxbg_1200_20,feasible,0.5883779525756836,egyxbg,1200,20,True
mckp,970751.0,0.0,xsxoef_400_20,feasible,62.292969394,xsxoef,400,20,True
compact,999984.0,0.1468838490643561,nfigil_600_20,feasible,3600.0005300045013,nfigil,600,20,False
mckp,507767.0,0.0,rxziff_1200_100,feasible,334.090278118,rxziff,1200,100,True
compact,501941.0,0.0,wxgmnz_1200_20,feasible,0.0056948661804199,wxgmnz,1200,20,True
mckp,990577.0,0.0,ahkjtk_400_20,feasible,70.14135723300001,ahkjtk,400,20,True
compact,1009793.0,9.903009920835338e-05,unpbeq_600_100,feasible,2.233370065689087,unpbeq,600,100,True
mckp,1003825.0,0.0,hjvhjg_800_20,feasible,47.997657358,hjvhjg,800,20,True
mckp,970834.0,0.0,ouveee_1000_20,feasible,62.724929138,ouveee,1000,20,True
compact,1014066.0,9.861281355176728e-05,ykspzq_1200_100,feasible,2.967492818832397,ykspzq,1200,100,True
compact,505136.0,0.0,vvxnwl_1000_20,feasible,0.002558946609497,vvxnwl,1000,20,True
mckp,511524.0,0.0,rezegd_600_20,feasible,59.447653435,rezegd,600,20,True
compact,503930.0,0.0,hokaoo_1200_20,feasible,0.0077688694000244,hokaoo,1200,20,True
compact,1004715.0,9.953061362613912e-05,rrbbfz_1200_20,feasible,0.0390231609344482,rrbbfz,1200,20,True
compact,1003742.0,0.0136516379320527,csjjyu_1200_100,feasible,3600.000746011734,csjjyu,1200,100,False
compact,1003095.0,3.743123659212147e-05,jvwftk_1200_20,feasible,0.1260499954223632,jvwftk,1200,20,True
mckp,615395.0,0.0,iqdulz_1200_100,feasible,348.47965361900003,iqdulz,1200,100,True
compact,1003895.0,9.961191199088352e-05,eyfxsz_800_100,feasible,0.8808128833770752,eyfxsz,800,100,True
compact,1009341.0,9.907444652060452e-05,vjhjjf_400_100,feasible,0.0693778991699218,vjhjjf,400,100,True
mckp,1003252.0,0.0,zwsjvz_1000_20,feasible,49.617095519,zwsjvz,1000,20,True
compact,1002616.0,9.271525233066264e-05,anijos_400_20,feasible,0.200247049331665,anijos,400,20,True
compact,997503.0,0.4918855999936132,gyllhi_600_20,feasible,3600.000375032425,gyllhi,600,20,False
compact,501806.0,0.0,mfubzu_400_20,feasible,0.0114011764526367,mfubzu,400,20,True
compact,999019.0,0.4152557741623952,jtqney_600_20,feasible,3600.000370979309,jtqney,600,20,False
mckp,1001448.0,0.0,rcmpke_600_20,feasible,76.65966062,rcmpke,600,20,True
compact,1006139.0,0.0,ewqgzc_1000_100,feasible,0.1196429729461669,ewqgzc,1000,100,True
compact,997466.0,0.4801105584677343,sujgtl_600_20,feasible,3600.0004930496216,sujgtl,600,20,False
compact,1004659.0,0.0095120000603752,xpqyfi_800_100,feasible,3600.000491142273,xpqyfi,800,100,False
compact,1003169.0,9.968400172616956e-05,tdubbm_600_20,feasible,130.73441696166992,tdubbm,600,20,True
mckp,1007885.0,0.0,vfhypr_800_100,feasible,301.416554115,vfhypr,800,100,True
compact,1003215.0,9.96794309500646e-05,ysjgbu_400_100,feasible,0.1585559844970703,ysjgbu,400,100,True
mckp,1001453.0,0.0,dhslef_600_20,feasible,106.62186479,dhslef,600,20,True
mckp,1003098.0,0.0,pucgxa_600_20,feasible,78.04293104899999,pucgxa,600,20,True
mckp,1008704.0,0.0,fubxoj_400_100,feasible,81.003584813,fubxoj,400,100,True
compact,1002676.0,9.973301473120608e-05,hmvyfx_800_20,feasible,5.228946924209595,hmvyfx,800,20,True
mckp,1011600.0,0.0,qjmhvw_1000_100,feasible,164.755536086,qjmhvw,1000,100,True
mckp,531836.0,0.0,omjcjx_1200_100,feasible,363.781845748,omjcjx,1200,100,True
compact,995518.0,0.5343336520601144,itnren_400_20,feasible,3600.0004498958588,itnren,400,20,False
compact,503761.0,0.0,oznuvs_1200_20,feasible,0.007685899734497,oznuvs,1200,20,True
compact,1001971.0,0.1150641598286339,eqncbc_800_20,feasible,3600.000571012497,eqncbc,800,20,False
compact,976868.0,2.678042598331882,lcbnkf_800_100,feasible,3600.000470161438,lcbnkf,800,100,False
compact,505629.0,0.0,srkckk_1200_20,feasible,0.0068831443786621,srkckk,1200,20,True
mckp,1004671.0,0.0,xpqyfi_800_100,feasible,193.54182145,xpqyfi,800,100,True
mckp,1009515.0,0.0,hogful_600_100,feasible,119.18259119,hogful,600,100,True
mckp,1012097.0,0.0,akgyaa_1000_100,feasible,223.940834132,akgyaa,1000,100,True
compact,506389.0,0.0,mfjdss_400_20,feasible,0.0130581855773925,mfjdss,400,20,True
mckp,997538.0,0.0,hrrsdn_1000_20,feasible,50.453429802,hrrsdn,1000,20,True
mckp,1010118.0,0.0,enznin_1200_100,feasible,340.367051173,enznin,1200,100,True
compact,1003234.0,0.0,zzzwmk_1000_20,feasible,0.1025559902191162,zzzwmk,1000,20,True
mckp,974626.0,0.0,vpnnbr_800_20,feasible,43.279614888,vpnnbr,800,20,True
mckp,603592.0,0.0,wmglno_800_20,feasible,48.747584167,wmglno,800,20,True
mckp,505336.0,0.0,wsekpr_1200_20,feasible,48.974956599,wsekpr,1200,20,True
compact,1001955.0,0.131195745710875,vqxxtb_1000_20,feasible,3600.000550031662,vqxxtb,1000,20,False
mckp,1011161.0,0.0,nvvvnf_400_100,feasible,83.54254785500001,nvvvnf,400,100,True
mckp,1005269.0,0.0,liiemr_1000_100,feasible,231.287825426,liiemr,1000,100,True
compact,983586.0,0.0,ftjjim_600_100,feasible,0.00177001953125,ftjjim,600,100,True
mckp,970760.0,0.0,vtadfk_400_20,feasible,69.075364266,vtadfk,400,20,True
compact,1004300.0,9.957174193792498e-05,ivoinh_1000_100,feasible,0.9802720546722412,ivoinh,1000,100,True
compact,1004826.0,9.951961880005215e-05,afwmef_1000_20,feasible,0.0689249038696289,afwmef,1000,20,True
compact,1006306.0,9.937325289399756e-05,jekara_1000_100,feasible,0.4545059204101562,jekara,1000,100,True
mckp,972840.0,0.0,xigpet_1000_20,feasible,53.444124074,xigpet,1000,20,True
mckp,976805.0,0.0,wnpdwe_1200_100,feasible,316.401320428,wnpdwe,1200,100,True
mckp,1010345.0,0.0,kahswm_1000_100,feasible,260.158083701,kahswm,1000,100,True
mckp,1003220.0,0.0,mhizjh_800_20,feasible,80.025166742,mhizjh,800,20,True
compact,1014821.0,9.853944829733687e-05,ouzzuq_800_100,feasible,0.3637471199035644,ouzzuq,800,100,True
compact,1001984.0,0.1398974632918125,tvixjo_1200_20,feasible,3600.0007338523865,tvixjo,1200,20,False
mckp,1018466.0,0.0,arnrjh_1200_100,feasible,245.188033434,arnrjh,1200,100,True
compact,974649.0,1.3988198275742965,xetytu_1200_20,feasible,3600.001282930374,xetytu,1200,20,False
mckp,503467.0,0.0,knrpoo_1200_20,feasible,49.047085691,knrpoo,1200,20,True
compact,503442.0,0.0,emfjqg_1200_20,feasible,0.0259289741516113,emfjqg,1200,20,True
compact,515546.0,0.0,knxpxx_1200_20,feasible,0.0069830417633056,knxpxx,1200,20,True
mckp,1004811.0,0.0,vpfjfx_1200_20,feasible,127.817503492,vpfjfx,1200,20,True
mckp,513824.0,0.0,jxcgbj_1200_20,feasible,47.978954064,jxcgbj,1200,20,True
mckp,503707.0,0.0,baxehp_600_20,feasible,60.859048034,baxehp,600,20,True
mckp,1011319.0,0.0,jmwfnc_1200_100,feasible,281.30019245700004,jmwfnc,1200,100,True
compact,995350.0,0.0,jlvhwb_1200_100,feasible,3.5393970012664795,jlvhwb,1200,100,True
compact,1002657.0,0.0,vtymon_400_20,feasible,0.2739810943603515,vtymon,400,20,True
mckp,974688.0,0.0,bbffdb_1000_20,feasible,48.141839522,bbffdb,1000,20,True
compact,1003179.0,0.0325160672859914,zwntye_400_100,feasible,3600.000427007675,zwntye,400,100,False
mckp,620480.0,0.0,nngesz_1200_100,feasible,374.503068634,nngesz,1200,100,True
mckp,505164.0,0.0,klgftp_1200_20,feasible,44.150290673,klgftp,1200,20,True
compact,1001427.0,9.94380734346488e-05,eefcnc_1000_20,feasible,0.7582759857177734,eefcnc,1000,20,True
compact,1011519.0,9.88611198987662e-05,rthpfx_400_100,feasible,0.0813629627227783,rthpfx,400,100,True
mckp,504581.0,0.0,csoamt_400_20,feasible,72.594654855,csoamt,400,20,True
mckp,972434.0,0.0,qystew_400_20,feasible,69.96456705099999,qystew,400,20,True
mckp,1007812.0,0.0,kysakj_1000_100,feasible,344.679796253,kysakj,1000,100,True
mckp,501644.0,0.0,egcuct_400_20,feasible,72.058001913,egcuct,400,20,True
compact,1003243.0,9.996062769911386e-05,xexluk_600_20,feasible,690.1930980682373,xexluk,600,20,True
compact,1001335.0,0.0,inmiqj_600_20,feasible,0.0425829887390136,inmiqj,600,20,True
mckp,1015844.0,0.0,wtiozt_1200_100,feasible,277.303625211,wtiozt,1200,100,True
mckp,1004402.0,0.0,lxfruc_800_100,feasible,232.348907892,lxfruc,800,100,True
compact,1018978.0,9.813744934880896e-05,oojbow_1200_100,feasible,0.242128849029541,oojbow,1200,100,True
mckp,1002657.0,0.0,vtymon_400_20,feasible,79.802005682,vtymon,400,20,True
mckp,972708.0,0.0,jtaxwb_400_20,feasible,62.938231714,jtaxwb,400,20,True
compact,1004090.0,0.0590939728983154,gxjjft_1200_20,feasible,3600.00079703331,gxjjft,1200,20,False
mckp,999987.0,0.0,ioxpcm_800_20,feasible,55.852110521,ioxpcm,800,20,True
mckp,1005187.0,0.0,yghnov_1000_100,feasible,239.773411469,yghnov,1000,100,True
mckp,503550.0,0.0,stzsbd_600_20,feasible,61.553827366,stzsbd,600,20,True
mckp,1011925.0,0.0,twdhla_1200_100,feasible,270.170290344,twdhla,1200,100,True
compact,1001187.0,9.98182546341364e-05,ynidhm_400_20,feasible,2.489042997360229,ynidhm,400,20,True
mckp,1004826.0,0.0,afwmef_1000_20,feasible,67.18748725600001,afwmef,1000,20,True
mckp,1003077.0,0.0,zkmvev_600_20,feasible,72.63656415599999,zkmvev,600,20,True
compact,501905.0,0.0,kxtldn_1200_20,feasible,0.0071210861206054,kxtldn,1200,20,True
mckp,1001366.0,0.0,jdknny_800_20,feasible,42.446279608,jdknny,800,20,True
mckp,1003258.0,0.0,gltnlj_1200_20,feasible,52.645342438,gltnlj,1200,20,True
compact,1014010.0,0.0,aecqce_600_100,feasible,0.0315918922424316,aecqce,600,100,True
compact,1004729.0,9.952932628732289e-05,badoie_800_20,feasible,0.2949440479278564,badoie,800,20,True
mckp,601892.0,0.0,ftdhdh_800_20,feasible,48.477016697,ftdhdh,800,20,True
compact,992098.0,0.0,xblnrf_400_20,feasible,2.020602941513061,xblnrf,400,20,True
mckp,1003944.0,0.0,vpgdkz_800_100,feasible,297.72260426,vpgdkz,800,100,True
mckp,1016400.0,0.0,owgpnt_1000_100,feasible,248.172246102,owgpnt,1000,100,True
mckp,1002915.0,0.0,xyivjm_600_20,feasible,88.717411226,xyivjm,600,20,True
compact,515186.0,0.0,xrcupu_1200_20,feasible,0.0188298225402832,xrcupu,1200,20,True
mckp,1005731.0,0.0,yijroj_1200_100,feasible,302.042408158,yijroj,1200,100,True
compact,990548.0,0.5937844808888655,kzaxan_600_20,feasible,3600.001063108444,kzaxan,600,20,False
compact,508812.0,0.0,wezwxw_1200_100,feasible,0.009451150894165,wezwxw,1200,100,True
mckp,1010429.0,0.0,bdvizw_400_100,feasible,93.97534195,bdvizw,400,100,True
mckp,1004257.0,0.0,xphgep_600_20,feasible,120.717011458,xphgep,600,20,True
compact,1011825.0,9.883122196899467e-05,yhfphn_1000_100,feasible,0.3813869953155517,yhfphn,1000,100,True
compact,995596.0,0.5489040083045564,eemeft_1000_20,feasible,3600.0008959770203,eemeft,1000,20,False
mckp,1001595.0,0.0,balgcx_800_20,feasible,90.084902537,balgcx,800,20,True
compact,970809.0,5.15034102983129e-05,jmyewm_600_20,feasible,0.2204270362854004,jmyewm,600,20,True
compact,1003047.0,8.59311825858763e-05,veejqn_600_20,feasible,0.105813980102539,veejqn,600,20,True
compact,1004931.0,8.715503125760092e-05,rjfxva_1000_20,feasible,0.6255879402160645,rjfxva,1000,20,True
compact,1003202.0,9.96807226453669e-05,kvuhjg_1000_20,feasible,3.836690902709961,kvuhjg,1000,20,True
mckp,1004799.0,0.0,weawuo_800_100,feasible,172.38279939400002,weawuo,800,100,True
mckp,511701.0,0.0,dbssxm_1200_20,feasible,51.400194022,dbssxm,1200,20,True
compact,605297.0,0.0,zyrdzc_400_20,feasible,0.0115101337432861,zyrdzc,400,20,True
mckp,987580.0,0.0,njogzi_1000_100,feasible,281.908613622,njogzi,1000,100,True
compact,1004811.0,9.95211044454087e-05,vpfjfx_1200_20,feasible,0.0725421905517578,vpfjfx,1200,20,True
compact,997047.0,0.2877350711293149,ltainj_600_20,feasible,3600.0016000270844,ltainj,600,20,False
mckp,999516.0,0.0,vexydu_1000_20,feasible,56.479197086,vexydu,1000,20,True
compact,1000181.0,0.1243331110036152,lykhoi_600_20,feasible,3600.0005741119385,lykhoi,600,20,False
compact,1003426.0,8.396652476069317e-05,oizgbh_1000_20,feasible,0.1224129199981689,oizgbh,1000,20,True
mckp,503656.0,0.0,qmewzq_800_20,feasible,43.094073955,qmewzq,800,20,True
compact,603592.0,0.0,wmglno_800_20,feasible,0.0297539234161376,wmglno,800,20,True
compact,1002778.0,9.972287014387018e-05,ysevuc_400_100,feasible,15.155335187911987,ysevuc,400,100,True
mckp,1018643.0,0.0,gcoaww_1200_100,feasible,270.524407186,gcoaww,1200,100,True
mckp,1001565.0,0.0,rjddlt_1000_20,feasible,62.481137489000005,rjddlt,1000,20,True
compact,1003135.0,0.0,lxsqea_800_20,feasible,0.119858980178833,lxsqea,800,20,True
mckp,1001600.0,0.0,ksnqbb_800_20,feasible,57.999800465,ksnqbb,800,20,True
mckp,1001563.0,0.0,hiydvf_1000_20,feasible,65.890009584,hiydvf,1000,20,True
compact,1006327.0,9.93711791781606e-05,bonpup_1200_100,feasible,0.1518280506134033,bonpup,1200,100,True
mckp,1012588.0,0.0,qvowrl_1200_100,feasible,226.826480321,qvowrl,1200,100,True
mckp,1009491.0,0.0,nxshyg_600_100,feasible,120.192846844,nxshyg,600,100,True
compact,515482.0,0.0,qjzpvj_800_20,feasible,0.0068860054016113,qjzpvj,800,20,True
mckp,1004567.0,0.0,iuqytm_1000_20,feasible,42.830562494,iuqytm,1000,20,True
mckp,1012107.0,0.0,oosesk_1000_100,feasible,190.302889721,oosesk,1000,100,True
mckp,970624.0,0.0,utkdrg_600_20,feasible,66.610554331,utkdrg,600,20,True
mckp,1001409.0,0.0,zqavjj_1200_20,feasible,55.707347847,zqavjj,1200,20,True
mckp,1005204.0,0.0,fosspf_800_100,feasible,168.150131728,fosspf,800,100,True
compact,1009006.0,0.0046578326410539,hobnrv_1000_100,feasible,3600.000870943069,hobnrv,1000,100,False
mckp,1003128.0,0.0,ujiwlo_800_20,feasible,93.467556308,ujiwlo,800,20,True
mckp,1001322.0,0.0,scvjox_800_20,feasible,43.805037208,scvjox,800,20,True
compact,1005078.0,9.949466658839752e-05,aynkwr_600_100,feasible,0.2245519161224365,aynkwr,600,100,True
compact,1011303.0,9.888223521315054e-05,jkrwgj_1200_100,feasible,1544.9524998664856,jkrwgj,1200,100,True
compact,988712.0,0.0,ejuwwb_1200_100,feasible,0.0033998489379882,ejuwwb,1200,100,True
compact,1018244.0,9.82081915452568e-05,krfsgx_1000_100,feasible,0.0607659816741943,krfsgx,1000,100,True
compact,1003147.0,9.968618788055204e-05,gdopru_800_20,feasible,0.3145358562469482,gdopru,800,20,True
compact,972609.0,0.0,wckign_400_20,feasible,0.3672080039978027,wckign,400,20,True
compact,1004278.0,9.957392318270124e-05,vdyked_600_100,feasible,0.0830249786376953,vdyked,600,100,True
mckp,1003227.0,0.0,kdpggm_1200_20,feasible,55.780771287,kdpggm,1200,20,True
compact,503467.0,0.0,knrpoo_1200_20,feasible,0.0079281330108642,knrpoo,1200,20,True
mckp,999222.0,0.0,njlsjj_800_20,feasible,41.471342789,njlsjj,800,20,True
compact,517452.0,0.0,pcglor_1000_100,feasible,0.0029749870300292,pcglor,1000,100,True
compact,974675.0,6.83988239459094e-05,dzmhhr_1000_20,feasible,0.3333399295806885,dzmhhr,1000,20,True
compact,603729.0,0.0,owsrhv_800_20,feasible,0.032336950302124,owsrhv,800,20,True
mckp,1008803.0,0.0,wkjjan_400_100,feasible,83.386886602,wkjjan,400,100,True
mckp,504811.0,0.0,dspebr_1000_20,feasible,43.649561801,dspebr,1000,20,True
mckp,1017916.0,0.0,yfjokk_1200_100,feasible,259.341450172,yfjokk,1200,100,True
mckp,1005224.0,0.0,jjhnut_1200_100,feasible,315.851521472,jjhnut,1200,100,True
mckp,1004551.0,0.0,kthphr_600_20,feasible,84.99207724499999,kthphr,600,20,True
compact,505719.0,0.0,wfgbnv_1200_20,feasible,0.0503110885620117,wfgbnv,1200,20,True
compact,511742.0,0.0,kchhcr_400_20,feasible,0.0043158531188964,kchhcr,400,20,True
mckp,1001462.0,0.0,ouobhc_800_20,feasible,54.641758396,ouobhc,800,20,True
mckp,1004540.0,0.0,hydzuy_600_100,feasible,155.074988886,hydzuy,600,100,True
compact,513184.0,0.0,ueyeyl_800_20,feasible,0.0114471912384033,ueyeyl,800,20,True
mckp,601670.0,0.0,kcsefy_1000_20,feasible,47.78915419,kcsefy,1000,20,True
compact,990593.0,0.0,ngsivo_800_20,feasible,2.67204213142395,ngsivo,800,20,True
mckp,1004494.0,0.0,ozstsv_600_20,feasible,89.178924606,ozstsv,600,20,True
compact,1008880.0,9.911971778633952e-05,dmbgod_800_100,feasible,3.290286064147949,dmbgod,800,100,True
compact,1003225.0,9.963845942883e-05,ufbnug_800_20,feasible,23.12987208366394,ufbnug,800,20,True
mckp,1003393.0,0.0,hpykrh_1200_20,feasible,124.636018423,hpykrh,1200,20,True
compact,1004620.0,9.954002554197056e-05,vmjzlm_800_20,feasible,0.2129201889038086,vmjzlm,800,20,True
mckp,993993.0,0.0,mhckry_1000_100,feasible,321.557825981,mhckry,1000,100,True
compact,1002807.0,9.450429995292386e-05,bqdnza_600_20,feasible,1.1432230472564695,bqdnza,600,20,True
mckp,503424.0,0.0,nqhfua_400_20,feasible,66.23771664,nqhfua,400,20,True
mckp,990548.0,0.0,vlbrsm_400_20,feasible,65.669780013,vlbrsm,400,20,True
compact,503342.0,0.0,hvufxy_400_20,feasible,0.01682710647583,hvufxy,400,20,True
mckp,604420.0,0.0,ksrtzj_800_20,feasible,43.356116208,ksrtzj,800,20,True
compact,1003987.0,0.0455052804478594,gbatrp_600_20,feasible,3600.0005140304565,gbatrp,600,20,False
mckp,1002741.0,0.0,myqows_400_20,feasible,65.955728426,myqows,400,20,True
compact,972711.0,0.0,dqmpiz_600_20,feasible,0.3574931621551513,dqmpiz,600,20,True
mckp,1001611.0,0.0,vnmwfb_800_20,feasible,65.46382125699999,vnmwfb,800,20,True
compact,972779.0,2.3934587779328045e-14,vmkila_1000_20,feasible,1.9751970767974851,vmkila,1000,20,True
compact,1004018.0,5.9284183696359377e-05,eifenz_400_20,feasible,0.9313290119171144,eifenz,400,20,True
compact,1001256.0,0.002113360701246,sipntg_400_20,feasible,3600.0004630088806,sipntg,400,20,False
mckp,1009595.0,0.0,jwsovg_800_100,feasible,192.115285924,jwsovg,800,100,True
mckp,990654.0,0.0,kqroyd_1000_20,feasible,55.074049601,kqroyd,1000,20,True
compact,1002740.0,9.282592772645388e-05,pseuxa_600_20,feasible,5.3653600215911865,pseuxa,600,20,True
compact,1003393.0,0.0,hpykrh_1200_20,feasible,0.0459699630737304,hpykrh,1200,20,True
mckp,1010170.0,0.0,bnnvxv_1200_100,feasible,277.856131707,bnnvxv,1200,100,True
compact,1005742.0,9.942897937146964e-05,rzqqof_400_100,feasible,1895.5545670986176,rzqqof,400,100,True
compact,1010457.0,9.89650237812952e-05,wtlkjv_800_100,feasible,0.3062441349029541,wtlkjv,800,100,True
mckp,970867.0,0.0,cjfnhy_1200_20,feasible,47.859321807,cjfnhy,1200,20,True
compact,992513.0,6.716952009167399e-05,rmjplb_1200_20,feasible,0.4781019687652588,rmjplb,1200,20,True
mckp,990552.0,0.0,dqehoy_600_20,feasible,70.91186821,dqehoy,600,20,True
compact,1003623.0,0.0479418043598061,mcsfxb_400_20,feasible,3600.0005362033844,mcsfxb,400,20,False
compact,1005190.0,0.0215491993398554,fosspf_800_100,feasible,3600.000603914261,fosspf,800,100,False
mckp,1001604.0,0.0,tqkouu_1200_20,feasible,68.412409196,tqkouu,1200,20,True
compact,502025.0,0.0,valodz_1200_20,feasible,0.0055980682373046,valodz,1200,20,True
compact,1003814.0,0.074469581712409,hjvhjg_800_20,feasible,3600.0005190372467,hjvhjg,800,20,False
compact,1011319.0,9.888067080647076e-05,jmwfnc_1200_100,feasible,2451.905832052231,jmwfnc,1200,100,True
mckp,970858.0,0.0,hedztj_1000_20,feasible,50.065881377,hedztj,1000,20,True
compact,1001449.0,9.969418705316058e-05,lfbugg_600_20,feasible,4.138024091720581,lfbugg,600,20,True
mckp,1005736.0,0.0,dkjzrz_1000_100,feasible,171.586071673,dkjzrz,1000,100,True
compact,1001562.0,9.987348422626936e-05,aooduf_600_20,feasible,31.94475293159485,aooduf,600,20,True
compact,1002713.0,9.972933458593378e-05,qisarh_400_20,feasible,0.075747013092041,qisarh,400,20,True
compact,513496.0,0.0,frihck_600_20,feasible,0.0130531787872314,frihck,600,20,True
mckp,1001505.0,0.0,vbshew_1000_20,feasible,48.867114173,vbshew,1000,20,True
compact,985329.0,0.655455067904782,sjngap_1200_100,feasible,3600.0006861686707,sjngap,1200,100,False
compact,1003311.0,9.966989330174312e-05,lwoqhd_1200_20,feasible,0.1907601356506347,lwoqhd,1200,20,True
compact,505358.0,0.0,aoborq_600_20,feasible,0.0155861377716064,aoborq,600,20,True
compact,1003098.0,9.42111526349789e-05,pucgxa_600_20,feasible,0.3262538909912109,pucgxa,600,20,True
mckp,1000184.0,0.0,lvfban_1000_20,feasible,54.263402235,lvfban,1000,20,True
mckp,1003342.0,0.0,slkgva_1000_20,feasible,51.442376512,slkgva,1000,20,True
compact,1003026.0,9.969821350771215e-05,hthskb_800_20,feasible,0.7991421222686768,hthskb,800,20,True
compact,1016943.0,9.833383155807988e-05,hsqmdc_1000_100,feasible,0.3772730827331543,hsqmdc,1000,100,True
mckp,511827.0,0.0,ckgbnr_800_20,feasible,47.788143188,ckgbnr,800,20,True
mckp,970710.0,0.0,egvedg_1200_20,feasible,54.696686764,egvedg,1200,20,True
mckp,1006001.0,0.0,lmtutv_1200_100,feasible,245.161027735,lmtutv,1200,100,True
compact,986917.0,2.044164901828739,wfgxsm_800_100,feasible,3600.000642061233,wfgxsm,800,100,False
mckp,1002589.0,0.0,apznjr_400_20,feasible,72.683968961,apznjr,400,20,True
mckp,603604.0,0.0,ndzccp_600_20,feasible,57.606642293,ndzccp,600,20,True
mckp,1004874.0,0.0,fyiqhf_1000_20,feasible,55.215272115000005,fyiqhf,1000,20,True
mckp,1003670.0,0.0,akdftn_600_100,feasible,194.257334293,akdftn,600,100,True
compact,1001503.0,0.0,dobqxh_400_20,feasible,0.0418109893798828,dobqxh,400,20,True
mckp,1002906.0,0.0,wwebjn_400_20,feasible,69.204293292,wwebjn,400,20,True
mckp,995426.0,0.0,szqhek_800_20,feasible,50.91420585,szqhek,800,20,True
compact,1003797.0,9.96216370225882e-05,uzcfyq_400_100,feasible,0.1537389755249023,uzcfyq,400,100,True
mckp,1001563.0,0.0,nyuwkp_600_20,feasible,93.251566989,nyuwkp,600,20,True
compact,1001445.0,9.999887350920922e-05,dsusdb_1000_20,feasible,1159.0069417953491,dsusdb,1000,20,True
compact,994351.0,0.1816354116367208,tlmxvl_800_20,feasible,3600.0005838871,tlmxvl,800,20,False
mckp,993940.0,0.0,bctjak_800_100,feasible,299.254216849,bctjak,800,100,True
mckp,1003715.0,0.0,soktfb_400_20,feasible,73.638787097,soktfb,400,20,True
mckp,976871.0,0.0,nzqaub_1000_100,feasible,310.50909927400005,nzqaub,1000,100,True
mckp,1004233.0,0.0,tenfqf_800_100,feasible,241.282435224,tenfqf,800,100,True
mckp,1004585.0,0.0,hqtavg_800_20,feasible,69.425270394,hqtavg,800,20,True
compact,1002959.0,9.240119261064376e-05,zebmyu_600_20,feasible,0.9913079738616944,zebmyu,600,20,True
compact,1003676.0,0.0145364241674367,lbygjx_400_20,feasible,3600.000513076782,lbygjx,400,20,False
mckp,504184.0,0.0,jqsupj_800_20,feasible,42.607192298,jqsupj,800,20,True
mckp,1001868.0,0.0,beujxd_600_20,feasible,79.362480326,beujxd,600,20,True
compact,1009164.0,9.9091823438189e-05,nnbzas_800_100,feasible,0.1267311573028564,nnbzas,800,100,True
compact,1004610.0,0.0,cnqoqw_800_20,feasible,0.0595951080322265,cnqoqw,800,20,True
mckp,1008811.0,0.0,tloqog_800_100,feasible,222.366387781,tloqog,800,100,True
compact,1006427.0,9.93613055280656e-05,wirilv_1200_100,feasible,0.0390570163726806,wirilv,1200,100,True
compact,1001819.0,0.0892295854541878,ktlvas_400_20,feasible,3600.000452041626,ktlvas,400,20,False
mckp,1011849.0,0.0,kkwecb_1000_100,feasible,179.41119229199998,kkwecb,1000,100,True
compact,503482.0,0.0,txcerx_600_20,feasible,0.0116229057312011,txcerx,600,20,True
compact,972685.0,0.0,mnlzgw_1000_20,feasible,0.3657259941101074,mnlzgw,1000,20,True
compact,515299.0,0.0,qzlegy_1200_100,feasible,0.003504991531372,qzlegy,1200,100,True
compact,1004759.0,9.9606691658154e-05,gdllad_1200_20,feasible,4.775527000427246,gdllad,1200,20,True
compact,605450.0,0.0,ixgwuh_600_20,feasible,0.0376999378204345,ixgwuh,600,20,True
compact,513376.0,0.0,dtsxjh_1200_20,feasible,0.0070290565490722,dtsxjh,1200,20,True
mckp,513487.0,0.0,omljob_400_20,feasible,71.12136212200001,omljob,400,20,True
compact,1008218.0,9.918480012775002e-05,kwcuya_400_100,feasible,0.7846219539642334,kwcuya,400,100,True
compact,1006471.0,9.935696174359544e-05,yjgtit_1200_100,feasible,0.2345590591430664,yjgtit,1200,100,True
compact,1018404.0,9.81927622114974e-05,hpjbth_1200_100,feasible,0.0946359634399414,hpjbth,1200,100,True
mckp,1003210.0,0.0,hikfqi_1200_20,feasible,50.133079271,hikfqi,1200,20,True
mckp,1004320.0,0.0,exfqrd_400_20,feasible,71.847433141,exfqrd,400,20,True
compact,997240.0,0.4452074769784026,bcssux_400_20,feasible,3600.000329971313,bcssux,400,20,False
mckp,972695.0,0.0,lzaiqr_1200_20,feasible,53.816125552,lzaiqr,1200,20,True
mckp,517736.0,0.0,mohyfk_1200_100,feasible,314.929496848,mohyfk,1200,100,True
mckp,506731.0,0.0,wnkbug_1200_20,feasible,47.341918889,wnkbug,1200,20,True
compact,1003588.0,9.964238348566992e-05,uccrvl_400_100,feasible,0.0612928867340087,uccrvl,400,100,True
compact,1001254.0,9.18729511221218e-05,yajeaj_400_20,feasible,0.4442429542541504,yajeaj,400,20,True
mckp,1003676.0,0.0,lbygjx_400_20,feasible,68.628121683,lbygjx,400,20,True
compact,1015835.0,0.0074069302181579,gkcefz_1000_100,feasible,3600.000561952591,gkcefz,1000,100,False
mckp,990676.0,0.0,rzyowr_800_20,feasible,51.856373151,rzyowr,800,20,True
mckp,1013690.0,0.0,abquse_600_100,feasible,147.732002304,abquse,600,100,True
compact,1019233.0,9.811289654779962e-05,brkrbt_1200_100,feasible,0.1380860805511474,brkrbt,1200,100,True
compact,1016387.0,9.838762362404908e-05,nldttp_1000_100,feasible,0.1656727790832519,nldttp,1000,100,True
compact,1004631.0,9.953893565006888e-05,jzmdxt_600_100,feasible,0.2422749996185302,jzmdxt,600,100,True
compact,506218.0,0.0,symeje_600_20,feasible,0.0073111057281494,symeje,600,20,True
compact,972646.0,0.0,dmpzcd_1000_20,feasible,2.786573886871338,dmpzcd,1000,20,True
compact,970710.0,0.0,egvedg_1200_20,feasible,0.2849509716033935,egvedg,1200,20,True
compact,1011945.0,9.88195022264034e-05,slgyeh_1000_100,feasible,3.1300861835479736,slgyeh,1000,100,True
compact,1006022.0,0.0,lccvfc_400_100,feasible,0.0504000186920166,lccvfc,400,100,True
mckp,1003126.0,0.0,skktnz_800_20,feasible,42.541989319,skktnz,800,20,True
compact,502620.0,0.0,ltyhhm_1000_20,feasible,0.0025520324707031,ltyhhm,1000,20,True
compact,1004709.0,2.5271860448995907e-05,qupxkq_1200_20,feasible,0.1029000282287597,qupxkq,1200,20,True
mckp,1006375.0,0.0,cjnovh_1200_100,feasible,314.772730776,cjnovh,1200,100,True
mckp,976480.0,0.0,ysrkcw_1200_20,feasible,55.091003243,ysrkcw,1200,20,True
compact,1005822.0,9.942107110296742e-05,jkcpya_1200_100,feasible,0.9985499382019044,jkcpya,1200,100,True
mckp,1004500.0,0.0,urzugz_600_20,feasible,72.257518238,urzugz,600,20,True
compact,1017298.0,9.829951666127658e-05,mtlltn_1200_100,feasible,0.2166810035705566,mtlltn,1200,100,True
mckp,501833.0,0.0,yngebn_1200_20,feasible,48.318536451,yngebn,1200,20,True
mckp,1007667.0,0.0,ecenaf_400_100,feasible,135.004036111,ecenaf,400,100,True
mckp,996866.0,0.0,gnxglv_400_20,feasible,65.014038643,gnxglv,400,20,True
compact,1006119.0,0.0085302052234562,upwody_400_100,feasible,3600.00044298172,upwody,400,100,False
mckp,1002448.0,0.0,lslqwr_400_20,feasible,77.130668005,lslqwr,400,20,True
compact,1003169.0,9.9647753017903e-05,cvgzri_1200_20,feasible,0.5324950218200684,cvgzri,1200,20,True
compact,1003174.0,9.96835048720313e-05,xodbuc_1200_20,feasible,9.473752975463867,xodbuc,1200,20,True
mckp,1000162.0,0.0,utzbal_800_20,feasible,46.802140474,utzbal,800,20,True
mckp,501669.0,0.0,aionjo_1200_20,feasible,42.774876933,aionjo,1200,20,True
compact,1004149.0,3.068066323835787e-05,ettlse_400_20,feasible,0.2536489963531494,ettlse,400,20,True
compact,1011624.0,9.885085876683552e-05,viamju_400_100,feasible,0.2165040969848632,viamju,400,100,True
compact,1004940.0,9.95083293447078e-05,icwryl_1000_20,feasible,0.3071231842041015,icwryl,1000,20,True
compact,1000025.0,0.1634710191778146,upevzp_1200_20,feasible,3600.000710964203,upevzp,1200,20,False
compact,1003243.0,9.967664896240748e-05,zmwpiq_1200_20,feasible,7.91889500617981,zmwpiq,1200,20,True
mckp,1004508.0,0.0,tlpwcc_600_100,feasible,133.332669895,tlpwcc,600,100,True
mckp,1006304.0,0.0,orhktu_1000_100,feasible,289.314120391,orhktu,1000,100,True
mckp,1003212.0,0.0,oncpio_1000_20,feasible,50.823205506,oncpio,1000,20,True
mckp,1004464.0,0.0,cghqnw_400_100,feasible,121.523755894,cghqnw,400,100,True
compact,1010118.0,9.899823684140184e-05,enznin_1200_100,feasible,0.6194190979003906,enznin,1200,100,True
mckp,997602.0,0.0,vkdcku_1200_20,feasible,51.046886306,vkdcku,1200,20,True
mckp,1003164.0,0.0,rijzre_800_20,feasible,88.95615005399999,rijzre,800,20,True
compact,603655.0,0.0,nngxgx_1000_20,feasible,0.0073781013488769,nngxgx,1000,20,True
mckp,1004320.0,0.0,okwdtc_400_20,feasible,81.72411693800001,okwdtc,400,20,True
compact,1007005.0,9.930427425457249e-05,fsxhhc_400_100,feasible,0.7863969802856445,fsxhhc,400,100,True
mckp,1017583.0,0.0,fxyvlt_1000_100,feasible,212.843214565,fxyvlt,1000,100,True
compact,515172.0,0.0,ntvvfm_1000_100,feasible,0.0227630138397216,ntvvfm,1000,100,True
mckp,1011890.0,0.0,mgjchu_1000_100,feasible,152.253447513,mgjchu,1000,100,True
compact,1008747.0,9.91327863847066e-05,tiyueo_400_100,feasible,92.67370414733888,tiyueo,400,100,True
mckp,999962.0,0.0,zwwfjr_400_20,feasible,74.279739143,zwwfjr,400,20,True
compact,503400.0,0.0,emqvyo_400_20,feasible,0.0112359523773193,emqvyo,400,20,True
mckp,970709.0,0.0,pfsxvv_1200_20,feasible,59.790490526,pfsxvv,1200,20,True
mckp,1001599.0,0.0,qohlyu_800_20,feasible,48.912658981,qohlyu,800,20,True
mckp,1001631.0,0.0,ithndx_1200_20,feasible,57.627242162,ithndx,1200,20,True
compact,1003174.0,9.60929225997885e-05,kqilpv_1000_20,feasible,0.0915439128875732,kqilpv,1000,20,True
mckp,990611.0,0.0,qturnk_1200_20,feasible,57.487701542,qturnk,1200,20,True
compact,991092.0,0.0,edrmwb_600_100,feasible,0.1042561531066894,edrmwb,600,100,True
mckp,523380.0,0.0,wttrla_1200_100,feasible,354.04353319700004,wttrla,1200,100,True
mckp,1002347.0,0.0,quggrd_600_20,feasible,76.11255189799999,quggrd,600,20,True
compact,1011219.0,9.889044916042008e-05,gqsqqs_800_100,feasible,1.620615005493164,gqsqqs,800,100,True
compact,1005047.0,9.949773543154158e-05,elbkke_600_100,feasible,0.3667700290679931,elbkke,600,100,True
mckp,1001617.0,0.0,wfjvob_1000_20,feasible,64.582500488,wfjvob,1000,20,True
mckp,994404.0,0.0,pqxuaq_1000_20,feasible,54.508252268,pqxuaq,1000,20,True
mckp,1011265.0,0.0,zkjckg_1000_100,feasible,210.025546769,zkjckg,1000,100,True
mckp,1003243.0,0.0,xexluk_600_20,feasible,73.343480772,xexluk,600,20,True
compact,505336.0,0.0,wsekpr_1200_20,feasible,0.0064818859100341,wsekpr,1200,20,True
mckp,1003190.0,0.0,fodlgb_1000_20,feasible,60.223266336,fodlgb,1000,20,True
compact,974419.0,0.0,rmyrle_800_20,feasible,0.0297539234161376,rmyrle,800,20,True
compact,1001109.0,9.988912308501716e-05,bjzmps_600_20,feasible,192.2135992050171,bjzmps,600,20,True
compact,1001336.0,9.984609555372096e-05,wmmrup_400_20,feasible,0.2006070613861084,wmmrup,400,20,True
compact,1003447.0,9.965638478526044e-05,aigviv_400_100,feasible,0.0730190277099609,aigviv,400,100,True
mckp,601685.0,0.0,rfbtwm_400_20,feasible,67.694999593,rfbtwm,400,20,True
mckp,1003762.0,0.0,pcuade_600_20,feasible,72.06581858700001,pcuade,600,20,True
compact,992606.0,0.0,elanbi_1200_20,feasible,2.596083164215088,elanbi,1200,20,True
compact,1004744.0,9.812336012764114e-05,cwqdiw_1000_20,feasible,5.479910135269165,cwqdiw,1000,20,True
mckp,1013706.0,0.0,avrbrm_600_100,feasible,104.655343365,avrbrm,600,100,True
mckp,503324.0,0.0,kmmfsa_800_20,feasible,46.763148471,kmmfsa,800,20,True
compact,1001572.0,9.984294704429932e-05,fhbvqr_1000_20,feasible,0.6033458709716797,fhbvqr,1000,20,True
compact,1017513.0,9.82787460418235e-05,hhqolb_1200_100,feasible,0.282275915145874,hhqolb,1200,100,True
compact,974556.0,8.795206260950273e-05,alliuo_1200_20,feasible,0.1143438816070556,alliuo,1200,20,True
compact,605035.0,0.0,qecovn_1000_20,feasible,0.0053889751434326,qecovn,1000,20,True
mckp,1003174.0,0.0,zwpzoy_400_100,feasible,111.104159309,zwpzoy,400,100,True
compact,1003129.0,8.322107840251803e-05,qreiyo_1000_20,feasible,0.4717400074005127,qreiyo,1000,20,True
mckp,1004521.0,0.0,sufdxq_600_20,feasible,92.857929976,sufdxq,600,20,True
mckp,972663.0,0.0,ksueia_1200_20,feasible,46.964033387,ksueia,1200,20,True
compact,994344.0,0.2943883677861202,hdpeqt_1000_20,feasible,3600.0007309913635,hdpeqt,1000,20,False
mckp,622582.0,0.0,yokzpv_1200_100,feasible,356.285413774,yokzpv,1200,100,True
compact,1001638.0,9.983636819253244e-05,pzejcg_1200_20,feasible,0.18007493019104,pzejcg,1200,20,True
mckp,1010967.0,0.0,dhtkop_800_100,feasible,142.60964500100002,dhtkop,800,100,True
mckp,1003152.0,0.0,leyexj_1200_20,feasible,52.411062385,leyexj,1200,20,True
compact,513518.0,0.0,osykqm_600_20,feasible,0.0193188190460205,osykqm,600,20,True
compact,1003926.0,9.978153278154407e-05,qsplie_1000_20,feasible,16.050228118896484,qsplie,1000,20,True
compact,1004146.0,9.998394329807466e-05,jfhrui_600_20,feasible,1181.6189761161804,jfhrui,600,20,True
mckp,1001344.0,0.0,siqiie_800_20,feasible,50.713591813,siqiie,800,20,True
mckp,1000006.0,0.0,dxhygf_1000_20,feasible,47.389006736,dxhygf,1000,20,True
mckp,970703.0,0.0,qpvwuz_1000_20,feasible,46.266282118,qpvwuz,1000,20,True
compact,976425.0,0.0,nrvgfw_800_20,feasible,0.2290539741516113,nrvgfw,800,20,True
compact,1006389.0,9.936505728395551e-05,gvkmfv_1200_100,feasible,0.4462718963623047,gvkmfv,1200,100,True
mckp,1007120.0,0.0,xfxgii_600_100,feasible,187.8540789,xfxgii,600,100,True
mckp,1001607.0,0.0,qdubne_1200_20,feasible,131.66356691599998,qdubne,1200,20,True
compact,1018334.0,9.81995119484256e-05,hodxia_1200_100,feasible,0.226072072982788,hodxia,1200,100,True
compact,1001397.0,9.147183790709089e-05,byjezr_1000_20,feasible,1.653641939163208,byjezr,1000,20,True
compact,1001316.0,9.986847320914204e-05,aegutu_400_20,feasible,5.25009298324585,aegutu,400,20,True
mckp,1003091.0,0.0,osrgbg_800_20,feasible,58.977293746,osrgbg,800,20,True
mckp,1011713.0,0.0,nfczml_1200_100,feasible,250.230138073,nfczml,1200,100,True
compact,1003974.0,0.0,suhdur_400_20,feasible,0.0539510250091552,suhdur,400,20,True
compact,1004282.0,9.957352658563372e-05,pcjspv_600_20,feasible,0.1043808460235595,pcjspv,600,20,True
compact,511747.0,0.0,riusku_400_20,feasible,0.0107119083404541,riusku,400,20,True
mckp,1002701.0,0.0,mvntpw_400_20,feasible,72.511682079,mvntpw,400,20,True
mckp,1007345.0,0.0,pwoajs_600_100,feasible,175.119056782,pwoajs,600,100,True
compact,1004243.0,9.957739354180856e-05,qtyihh_600_100,feasible,0.0445079803466796,qtyihh,600,100,True
compact,1008572.0,9.914998716007666e-05,jtxpxu_600_100,feasible,0.1307051181793213,jtxpxu,600,100,True
mckp,1003440.0,0.0,trkxdj_1200_20,feasible,94.292665694,trkxdj,1200,20,True
mckp,1004259.0,0.0,yapzrt_400_20,feasible,66.63178876699999,yapzrt,400,20,True
compact,1002787.0,9.16794037128295e-05,zbxmid_400_20,feasible,0.3331849575042724,zbxmid,400,20,True
compact,504165.0,0.0,qskygt_1000_20,feasible,0.007131814956665,qskygt,1000,20,True
compact,1004016.0,0.0,jehymr_600_20,feasible,0.1510050296783447,jehymr,600,20,True
compact,1002052.0,0.0784282676730905,eaccdl_600_20,feasible,3600.0005090236664,eaccdl,600,20,False
compact,1001633.0,0.0,snrsho_1000_20,feasible,0.0910470485687255,snrsho,1000,20,True
compact,970744.0,5.150685891086687e-05,dntfho_400_20,feasible,0.0309960842132568,dntfho,400,20,True
compact,1003063.0,9.96945359418741e-05,heeywx_800_20,feasible,0.7883989810943604,heeywx,800,20,True
compact,1004354.0,6.61889591826879e-05,pzgrsj_400_20,feasible,0.0466921329498291,pzgrsj,400,20,True
mckp,1003416.0,0.0,qiwpvc_800_100,feasible,250.775719414,qiwpvc,800,100,True
mckp,994479.0,0.0,ydiffo_1200_20,feasible,47.854647014,ydiffo,1200,20,True
mckp,1006607.0,0.0,rigakm_1200_100,feasible,297.291834715,rigakm,1200,100,True
compact,1003171.0,9.968380297695708e-05,qjbdoq_600_20,feasible,0.1391398906707763,qjbdoq,600,20,True
mckp,1007406.0,0.0,bzjvvv_800_100,feasible,254.414146484,bzjvvv,800,100,True
compact,503845.0,0.0,gthieq_800_20,feasible,0.0140259265899658,gthieq,800,20,True
compact,601868.0,0.0,dzlswu_1200_20,feasible,0.0051681995391845,dzlswu,1200,20,True
mckp,1003821.0,0.0,bmspvw_800_20,feasible,48.256966085,bmspvw,800,20,True
mckp,974556.0,0.0,alliuo_1200_20,feasible,55.212552499,alliuo,1200,20,True
mckp,605788.0,0.0,vsujbv_1200_20,feasible,42.909934771,vsujbv,1200,20,True
mckp,1005719.0,0.0,kmukvh_800_100,feasible,151.68163122200002,kmukvh,800,100,True
mckp,1016656.0,0.0,jgcjci_1200_100,feasible,256.807715353,jgcjci,1200,100,True
mckp,991092.0,0.0,edrmwb_600_100,feasible,248.715122554,edrmwb,600,100,True
mckp,995611.0,0.0,vwykot_1000_20,feasible,43.099871644,vwykot,1000,20,True
compact,1003265.0,9.96513229562014e-05,rntmse_1200_20,feasible,3.470554828643799,rntmse,1200,20,True
compact,1001684.0,9.956096163950616e-05,radqgk_1200_20,feasible,0.2235400676727295,radqgk,1200,20,True
mckp,972672.0,0.0,wluuib_1200_20,feasible,49.681740826,wluuib,1200,20,True
mckp,1002157.0,0.0,bfzjji_1200_20,feasible,70.690629961,bfzjji,1200,20,True
compact,1003880.0,0.0700837595917098,glkfmj_1000_20,feasible,3600.0005412101746,glkfmj,1000,20,False
mckp,1001992.0,0.0,tfbyeh_400_20,feasible,75.864829251,tfbyeh,400,20,True
mckp,501788.0,0.0,djhwai_800_20,feasible,60.189826023,djhwai,800,20,True
mckp,1012216.0,0.0,yollvg_1200_100,feasible,329.399601705,yollvg,1200,100,True
mckp,1004091.0,0.0,dikebl_400_20,feasible,69.723688828,dikebl,400,20,True
mckp,1006471.0,0.0,yjgtit_1200_100,feasible,220.070109627,yjgtit,1200,100,True
compact,503769.0,0.0,xlzckz_600_20,feasible,0.0196020603179931,xlzckz,600,20,True
mckp,1003797.0,0.0,uzcfyq_400_100,feasible,73.61924979300001,uzcfyq,400,100,True
compact,1002727.0,9.972794217375e-05,owcqwv_400_20,feasible,1.019093036651611,owcqwv,400,20,True
mckp,1002736.0,0.0,aounnj_400_20,feasible,67.855461408,aounnj,400,20,True
mckp,1011219.0,0.0,gqsqqs_800_100,feasible,188.68169025300003,gqsqqs,800,100,True
mckp,1011624.0,0.0,viamju_400_100,feasible,80.210335911,viamju,400,100,True
compact,1001611.0,4.298335677195484e-05,vnmwfb_800_20,feasible,0.249269962310791,vnmwfb,800,20,True
mckp,1001187.0,0.0,ynidhm_400_20,feasible,71.679623424,ynidhm,400,20,True
compact,1004480.0,0.0094567354353831,rnbiyn_1000_100,feasible,3600.0007231235504,rnbiyn,1000,100,False
compact,1012717.0,0.0,beicxs_600_100,feasible,0.0178020000457763,beicxs,600,100,True
compact,1003909.0,0.0409356352086661,nwbrhh_1000_20,feasible,3600.000617980957,nwbrhh,1000,20,False
compact,1001179.0,9.988213911077383e-05,egtfjg_600_20,feasible,617.7436339855194,egtfjg,600,20,True
mckp,974424.0,0.0,tuzoqv_400_20,feasible,74.93790679,tuzoqv,400,20,True
mckp,501672.0,0.0,rryksq_800_20,feasible,44.823180283,rryksq,800,20,True
compact,1003128.0,9.52143303522085e-05,ujiwlo_800_20,feasible,0.5191428661346436,ujiwlo,800,20,True
compact,1003163.0,7.179772028276716e-05,itrzzi_800_20,feasible,0.6587779521942139,itrzzi,800,20,True
compact,1008210.0,9.918558714396094e-05,dmwuru_600_100,feasible,0.0884981155395507,dmwuru,600,100,True
compact,972751.0,1.2190172053666253,laniha_600_20,feasible,3600.0007181167603,laniha,600,20,False
compact,1004567.0,9.954527717386976e-05,iuqytm_1000_20,feasible,0.7846300601959229,iuqytm,1000,20,True
mckp,1004774.0,0.0,ohxadz_800_20,feasible,59.194445613,ohxadz,800,20,True
compact,1015922.0,9.84326568056831e-05,azqpcf_800_100,feasible,4.093016862869263,azqpcf,800,100,True
compact,1007885.0,9.921757024107884e-05,vfhypr_800_100,feasible,18.846233129501343,vfhypr,800,100,True
compact,1004906.0,9.917252910867448e-05,cobbat_1200_20,feasible,0.368772029876709,cobbat,1200,20,True
compact,1010930.0,9.891871947739264e-05,lxudrk_800_100,feasible,0.595088005065918,lxudrk,800,100,True
compact,1001933.0,0.0946089953766283,ljgjob_800_20,feasible,3600.0006890296936,ljgjob,800,20,False
compact,972646.0,0.0,tztxnl_1000_20,feasible,0.6808130741119385,tztxnl,1000,20,True
compact,1016933.0,9.833479852183132e-05,yloari_1000_100,feasible,0.1603081226348877,yloari,1000,100,True
mckp,1001410.0,0.0,hmpaua_1200_100,feasible,360.739458112,hmpaua,1200,100,True
compact,503119.0,0.0,pdflns_1000_20,feasible,0.0225379467010498,pdflns,1000,20,True
compact,503004.0,0.0,fvkzix_600_20,feasible,0.0015950202941894,fvkzix,600,20,True
compact,1004256.0,8.033300909076802e-05,ptgvfg_600_20,feasible,0.0505058765411376,ptgvfg,600,20,True
compact,1001457.0,9.985441226691484e-05,omuujz_600_20,feasible,2.8041000366210938,omuujz,600,20,True
mckp,970581.0,0.0,eiajgc_400_20,feasible,69.725155086,eiajgc,400,20,True
compact,506760.0,0.0,usilpx_1000_20,feasible,0.0066478252410888,usilpx,1000,20,True
compact,1005208.0,9.948179930740772e-05,egegez_600_100,feasible,0.1993639469146728,egegez,600,100,True
compact,1003779.0,0.0333627456643369,ejloip_400_100,feasible,3600.000427007675,ejloip,400,100,False
mckp,1007405.0,0.0,jufyvt_800_100,feasible,281.753038003,jufyvt,800,100,True
compact,1001665.0,9.98336770823393e-05,oboozd_1200_20,feasible,0.8664669990539551,oboozd,1200,20,True
mckp,1014976.0,0.0,kdaofu_1200_100,feasible,353.44685288399995,kdaofu,1200,100,True
mckp,1003262.0,0.0,ydhzdb_800_20,feasible,47.861463177000005,ydhzdb,800,20,True
compact,1004560.0,9.95459708270578e-05,satqwk_600_100,feasible,0.4354119300842285,satqwk,600,100,True
mckp,1003052.0,0.0,mitazd_600_20,feasible,103.437695294,mitazd,600,20,True
mckp,1001572.0,0.0,fhbvqr_1000_20,feasible,120.263728203,fhbvqr,1000,20,True
compact,505377.0,0.0,qzevra_600_20,feasible,0.0170090198516845,qzevra,600,20,True
mckp,970580.0,0.0,brzwzd_400_20,feasible,75.680280393,brzwzd,400,20,True
compact,1003972.0,0.0882424779519086,qmkxsl_1200_20,feasible,3600.0005910396576,qmkxsl,1200,20,False
compact,1002499.0,0.0,cllypy_400_20,feasible,0.1978330612182617,cllypy,400,20,True
compact,1018572.0,9.817656662801782e-05,icmfvz_1000_100,feasible,0.1656470298767089,icmfvz,1000,100,True
compact,1001578.0,9.600877849773392e-05,zzitsd_1000_20,feasible,0.475787878036499,zzitsd,1000,20,True
mckp,1004885.0,0.0,stenxy_800_20,feasible,65.98854817399999,stenxy,800,20,True
mckp,972523.0,0.0,qhzsmf_400_20,feasible,68.168878797,qhzsmf,400,20,True
mckp,970626.0,0.0,pccunh_600_20,feasible,76.27554398400001,pccunh,600,20,True
mckp,985591.0,0.0,ozorob_800_100,feasible,274.69901672,ozorob,800,100,True
mckp,1004816.0,0.0,paqqex_800_20,feasible,49.850276281000006,paqqex,800,20,True
mckp,1002522.0,0.0,qpbxci_800_100,feasible,273.686646809,qpbxci,800,100,True
compact,1004320.0,0.0,exfqrd_400_20,feasible,0.0470149517059326,exfqrd,400,20,True
mckp,1005453.0,0.0,nvmiqd_1200_100,feasible,260.79499424200003,nvmiqd,1200,100,True
compact,1002828.0,8.783423060875362e-05,vhrlzm_400_20,feasible,0.2694039344787597,vhrlzm,400,20,True
mckp,1003136.0,0.0,dklylv_600_20,feasible,77.000048174,dklylv,600,20,True
mckp,1003861.0,0.0,wvlvra_1000_100,feasible,334.743918192,wvlvra,1000,100,True
mckp,1003310.0,0.0,gecubu_1200_20,feasible,121.056833765,gecubu,1200,20,True
compact,995627.0,0.5582977942963977,uqhwlv_800_20,feasible,3600.0007679462437,uqhwlv,800,20,False
mckp,514860.0,0.0,rfbdif_800_20,feasible,41.81148213,rfbdif,800,20,True
compact,1001473.0,9.9996448595997e-05,mjsrid_800_20,feasible,139.40701699256897,mjsrid,800,20,True
mckp,974144.0,0.0,rlicyc_400_20,feasible,69.296081812,rlicyc,400,20,True
compact,1003060.0,8.883595640701982e-05,ajveqv_1000_20,feasible,0.7195489406585693,ajveqv,1000,20,True
compact,1003296.0,8.838074356234047e-05,jozrdn_1200_20,feasible,0.1387460231781005,jozrdn,1200,20,True
compact,1011701.0,9.884333529043135e-05,hjunvg_800_100,feasible,0.3190939426422119,hjunvg,800,100,True
compact,1002987.0,7.676858395393632e-05,vtvjno_800_20,feasible,0.1649692058563232,vtvjno,800,20,True
mckp,1003163.0,0.0,itrzzi_800_20,feasible,80.773683276,itrzzi,800,20,True
mckp,512712.0,0.0,lcqutj_600_20,feasible,68.519861971,lcqutj,600,20,True
mckp,1001357.0,0.0,snpmka_600_20,feasible,75.221929854,snpmka,600,20,True
mckp,1002828.0,0.0,vhrlzm_400_20,feasible,75.609149266,vhrlzm,400,20,True
mckp,504409.0,0.0,rhzcly_400_20,feasible,65.61694909299999,rhzcly,400,20,True
compact,1016151.0,0.0,zwmwmp_800_100,feasible,0.1392228603363037,zwmwmp,800,100,True
compact,974608.0,0.0,badbyc_1000_20,feasible,0.2719578742980957,badbyc,1000,20,True
compact,1005767.0,9.942650790241885e-05,ngwayo_1000_100,feasible,0.0856571197509765,ngwayo,1000,100,True
mckp,501806.0,0.0,mfubzu_400_20,feasible,64.868683711,mfubzu,400,20,True
compact,505999.0,0.0,qpgmwn_1200_20,feasible,0.0021519660949707,qpgmwn,1200,20,True
compact,1006032.0,9.94003178822166e-05,uhlsst_1200_100,feasible,0.2930920124053955,uhlsst,1200,100,True
compact,503519.0,0.0,btqpnv_800_20,feasible,0.0047669410705566,btqpnv,800,20,True
compact,972434.0,0.0,qystew_400_20,feasible,0.398190975189209,qystew,400,20,True
compact,501887.0,0.0,pkpfzz_400_20,feasible,0.0123660564422607,pkpfzz,400,20,True
compact,976524.0,0.0,zbitjc_1000_20,feasible,0.2177579402923584,zbitjc,1000,20,True
mckp,505358.0,0.0,aoborq_600_20,feasible,65.105106872,aoborq,600,20,True
compact,603842.0,0.0,rnklar_1200_20,feasible,0.0195190906524658,rnklar,1200,20,True
mckp,1001309.0,0.0,gbsrhz_400_20,feasible,81.04822696400001,gbsrhz,400,20,True
compact,1018264.0,9.820626261336686e-05,txiide_1200_100,feasible,0.2213749885559082,txiide,1200,100,True
mckp,999324.0,0.0,gizidz_1000_20,feasible,46.831291887,gizidz,1000,20,True
mckp,1011499.0,0.0,bsasdx_1000_100,feasible,215.297154987,bsasdx,1000,100,True
mckp,1004340.0,0.0,ldumyn_400_100,feasible,127.372929587,ldumyn,400,100,True
compact,972798.0,0.199461200427426,zaqaom_1200_20,feasible,3600.001233100891,zaqaom,1200,20,False
mckp,1011201.0,0.0,stpsnk_1200_100,feasible,228.458515053,stpsnk,1200,100,True
mckp,999064.0,0.0,lqmcbd_600_20,feasible,65.387290635,lqmcbd,600,20,True
mckp,1011701.0,0.0,hjunvg_800_100,feasible,255.06322454,hjunvg,800,100,True
compact,1017949.0,0.0,qwrthd_1200_100,feasible,0.0419800281524658,qwrthd,1200,100,True
compact,1001660.0,9.983417543460312e-05,mxxmta_1000_20,feasible,0.1894490718841552,mxxmta,1000,20,True
mckp,1010139.0,0.0,urhjfh_400_100,feasible,80.461828419,urhjfh,400,100,True
mckp,1006984.0,0.0,wizmwe_400_100,feasible,91.982145428,wizmwe,400,100,True
compact,972572.0,6.532035599428352e-05,pltdna_400_20,feasible,0.019644021987915,pltdna,400,20,True
compact,1001902.0,0.1058163373439343,oqrhwm_600_20,feasible,3600.000548839569,oqrhwm,600,20,False
mckp,972760.0,0.0,amfafq_1000_20,feasible,49.081791464,amfafq,1000,20,True
mckp,1009614.0,0.0,yktfxs_600_100,feasible,116.686004463,yktfxs,600,100,True
mckp,1003331.0,0.0,fardhp_1200_20,feasible,109.897991522,fardhp,1200,20,True
mckp,1005790.0,0.0,isctlj_1000_100,feasible,256.088773577,isctlj,1000,100,True
mckp,1007202.0,0.0,ccdfcj_400_100,feasible,105.027483161,ccdfcj,400,100,True
mckp,998864.0,0.0,raonsg_800_20,feasible,46.131492905,raonsg,800,20,True
compact,974537.0,0.8352541308881707,ccasda_1000_20,feasible,3600.0006761550903,ccasda,1000,20,False
mckp,1001307.0,0.0,gmhjzg_400_20,feasible,69.934402473,gmhjzg,400,20,True
compact,995683.0,0.5628201964403102,mbulql_1000_20,feasible,3600.0011439323425,mbulql,1000,20,False
compact,1004340.0,9.956777628315484e-05,ldumyn_400_100,feasible,0.1400668621063232,ldumyn,400,100,True
compact,1004913.0,9.204324761654134e-05,gxovof_1000_20,feasible,0.2521312236785888,gxovof,1000,20,True
compact,995465.0,0.5428038968304375,gqurmw_400_20,feasible,3600.0006580352783,gqurmw,400,20,False
compact,1001542.0,2.1782131627515375e-05,tfusco_600_20,feasible,0.1961560249328613,tfusco,600,20,True
compact,1000154.0,0.1194707186605258,yidnos_600_20,feasible,3600.00075507164,yidnos,600,20,False
mckp,1004886.0,0.0,rcbeud_1000_20,feasible,93.577122108,rcbeud,1000,20,True
mckp,1008781.0,0.0,ctrvcn_1200_100,feasible,368.19926064,ctrvcn,1200,100,True
compact,972813.0,0.0,ixkfhq_1200_20,feasible,0.0674397945404052,ixkfhq,1200,20,True
mckp,1011169.0,0.0,srzwhr_800_100,feasible,128.012008922,srzwhr,800,100,True
compact,1001526.0,9.995612618970832e-05,tlmuee_600_20,feasible,46.929632902145386,tlmuee,600,20,True
compact,1010345.0,9.897599436232736e-05,kahswm_1000_100,feasible,6.623291969299316,kahswm,1000,100,True
compact,981862.0,0.0,yukjky_800_100,feasible,1.251776933670044,yukjky,800,100,True
compact,995127.0,0.0,nvijsc_400_20,feasible,11.933477878570557,nvijsc,400,20,True
compact,982710.0,0.0,pvglgm_1200_100,feasible,0.1579320430755615,pvglgm,1200,100,True
compact,999393.0,6.989161730786671e-14,islcrw_600_20,feasible,2.859527826309204,islcrw,600,20,True
compact,1005463.0,9.945656930531576e-05,jemvug_400_100,feasible,0.0537700653076171,jemvug,400,100,True
mckp,1001599.0,0.0,jgnhhq_800_20,feasible,98.995352132,jgnhhq,800,20,True
compact,1002667.0,9.869728567994e-05,xgviam_1000_20,feasible,2.02728009223938,xgviam,1000,20,True
mckp,502620.0,0.0,ltyhhm_1000_20,feasible,48.355547789,ltyhhm,1000,20,True
mckp,1009784.0,0.0,ktlveu_800_100,feasible,155.238308939,ktlveu,800,100,True
compact,1008781.0,0.0,ctrvcn_1200_100,feasible,0.0940909385681152,ctrvcn,1200,100,True
mckp,1003588.0,0.0,uccrvl_400_100,feasible,107.171713449,uccrvl,400,100,True
mckp,1008210.0,0.0,dmwuru_600_100,feasible,126.499711717,dmwuru,600,100,True
mckp,501949.0,0.0,nemvnd_1000_20,feasible,47.751498697,nemvnd,1000,20,True
mckp,974608.0,0.0,badbyc_1000_20,feasible,50.206887691,badbyc,1000,20,True
mckp,1010847.0,0.0,olijqd_1200_100,feasible,322.53413090400005,olijqd,1200,100,True
compact,1004621.0,9.159615207324654e-05,dzwqxc_600_20,feasible,0.1849288940429687,dzwqxc,600,20,True
mckp,505719.0,0.0,wfgbnv_1200_20,feasible,49.576451264000006,wfgbnv,1200,20,True
mckp,1001580.0,0.0,fljehc_1000_20,feasible,52.090641863,fljehc,1000,20,True
compact,1001251.0,9.999900657056248e-05,zunjkh_600_20,feasible,584.9744589328766,zunjkh,600,20,True
mckp,501904.0,0.0,epkwlz_800_20,feasible,49.980164336,epkwlz,800,20,True
compact,1004494.0,7.173963464986082e-05,ozstsv_600_20,feasible,0.1625621318817138,ozstsv,600,20,True
compact,1008921.0,9.91156898154664e-05,hhshyk_600_100,feasible,0.0415849685668945,hhshyk,600,100,True
mckp,1010457.0,0.0,wtlkjv_800_100,feasible,140.27397413600002,wtlkjv,800,100,True
mckp,505865.0,0.0,grnwdp_1000_20,feasible,54.14860913,grnwdp,1000,20,True
compact,605603.0,0.0,gkxhya_1200_20,feasible,0.0081090927124023,gkxhya,1200,20,True
compact,603478.0,0.0,wybnws_400_20,feasible,0.0127079486846923,wybnws,400,20,True
compact,1003136.0,9.968728099950456e-05,dklylv_600_20,feasible,0.0953509807586669,dklylv,600,20,True
mckp,1003023.0,0.0,rlnfvy_800_20,feasible,92.949806706,rlnfvy,800,20,True
mckp,1003334.0,0.0,osivnl_1200_20,feasible,50.693935203,osivnl,1200,20,True
compact,1004175.0,9.958413664536894e-05,xjqhdq_800_100,feasible,2.608206033706665,xjqhdq,800,100,True
mckp,501855.0,0.0,egzutb_1000_20,feasible,50.859422236,egzutb,1000,20,True
compact,994493.0,0.0,twidlk_1200_20,feasible,2.0461409091949463,twidlk,1200,20,True
compact,1004570.0,2.914755364073819e-05,xlqxzf_600_20,feasible,0.4859120845794678,xlqxzf,600,20,True
mckp,1001605.0,0.0,agjrrv_1000_20,feasible,112.582144899,agjrrv,1000,20,True
mckp,1003211.0,0.0,vflwfv_1000_20,feasible,125.218305325,vflwfv,1000,20,True
compact,1011084.0,9.89036530064238e-05,jbrjal_800_100,feasible,0.2759640216827392,jbrjal,800,100,True
compact,1001615.0,6.583235747566599e-05,yssvvv_1000_20,feasible,0.3341429233551025,yssvvv,1000,20,True
compact,1004585.0,8.801381007283078e-05,hqtavg_800_20,feasible,0.3866109848022461,hqtavg,800,20,True
mckp,972571.0,0.0,dbvndy_600_20,feasible,67.224948923,dbvndy,600,20,True
mckp,1000000.0,0.0,qraytr_800_20,feasible,48.730610545,qraytr,800,20,True
compact,1003037.0,9.904349674114916e-05,sucazj_800_20,feasible,1.256371021270752,sucazj,800,20,True
mckp,515172.0,0.0,ntvvfm_1000_100,feasible,338.15188745,ntvvfm,1000,100,True
compact,990898.0,0.0,rfalzo_600_100,feasible,0.0374329090118408,rfalzo,600,100,True
mckp,1001109.0,0.0,bjzmps_600_20,feasible,61.362492884000005,bjzmps,600,20,True
compact,980269.0,2.4473296201307067,fulsni_1200_100,feasible,3600.000699996948,fulsni,1200,100,False
compact,1000169.0,0.1408902067846289,gqbxzm_1000_20,feasible,3600.000480890274,gqbxzm,1000,20,False
compact,1004962.0,1.4054229452369432e-05,hdggcg_1200_20,feasible,0.3250989913940429,hdggcg,1200,20,True
compact,1002989.0,9.947078287365088e-05,gsdtlj_600_20,feasible,3.4812371730804443,gsdtlj,600,20,True
mckp,1003595.0,0.0,vxmbxa_600_100,feasible,175.49813023599998,vxmbxa,600,100,True
mckp,976245.0,0.0,ocybaj_400_20,feasible,68.777479124,ocybaj,400,20,True
mckp,1004581.0,0.0,laiprb_800_20,feasible,107.875200749,laiprb,800,20,True
mckp,1003021.0,0.0,lafbqn_600_20,feasible,96.345689218,lafbqn,600,20,True
mckp,523023.0,0.0,bzijlt_1200_100,feasible,327.826461534,bzijlt,1200,100,True
compact,997326.0,5.013403333812949e-05,hxzpls_800_20,feasible,1.805063009262085,hxzpls,800,20,True
mckp,504714.0,0.0,exbchb_600_20,feasible,65.077135997,exbchb,600,20,True
mckp,1005531.0,0.0,ohpxsy_400_100,feasible,148.39746960000002,ohpxsy,400,100,True
mckp,999432.0,0.0,pzsttz_800_20,feasible,54.84032962,pzsttz,800,20,True
compact,1001562.0,9.984394391565984e-05,dauaxo_800_20,feasible,12.63230800628662,dauaxo,800,20,True
mckp,1004392.0,0.0,jexvgq_1200_20,feasible,53.949924762,jexvgq,1200,20,True
mckp,1001648.0,0.0,azbzmn_1000_20,feasible,78.105862059,azbzmn,1000,20,True
compact,1004592.0,9.674443740737492e-05,bxtauz_600_20,feasible,0.0724630355834961,bxtauz,600,20,True
mckp,1004715.0,0.0,rrbbfz_1200_20,feasible,51.400981716,rrbbfz,1200,20,True
compact,1004323.0,0.0,dytlyd_400_20,feasible,0.0968079566955566,dytlyd,400,20,True
compact,505491.0,0.0,orkeiy_800_20,feasible,0.0239989757537841,orkeiy,800,20,True
mckp,1001580.0,0.0,aazvcm_800_20,feasible,73.87381403799999,aazvcm,800,20,True
compact,503040.0,0.0,tnohvb_600_20,feasible,0.0041399002075195,tnohvb,600,20,True
compact,1006775.0,8.086798278016645e-05,iytmin_400_100,feasible,0.1767652034759521,iytmin,400,100,True
mckp,1009385.0,0.0,wyixer_600_100,feasible,115.261609531,wyixer,600,100,True
mckp,1008322.0,0.0,uaucax_800_100,feasible,281.80964178600004,uaucax,800,100,True
compact,1004372.0,0.0187108764427776,yrdwkz_1200_100,feasible,3600.000722885132,yrdwkz,1200,100,False
compact,972615.0,0.0,inzuda_800_20,feasible,0.7468981742858887,inzuda,800,20,True
compact,974308.0,0.0,uhvmuz_400_20,feasible,0.2769339084625244,uhvmuz,400,20,True
mckp,974443.0,0.0,ezuebw_400_20,feasible,63.129872367,ezuebw,400,20,True
mckp,1002977.0,0.0,txdzpi_400_20,feasible,73.25395420000001,txdzpi,400,20,True
compact,1004732.0,9.3964001479492e-05,mzbvie_1000_20,feasible,0.2187271118164062,mzbvie,1000,20,True
compact,972506.0,0.0,knsmtc_400_20,feasible,0.169529914855957,knsmtc,400,20,True
compact,1008590.0,9.91482176620652e-05,dyxbmi_600_100,feasible,0.6461029052734375,dyxbmi,600,100,True
compact,1009821.0,9.902735333553834e-05,wohqyv_800_100,feasible,0.2926521301269531,wohqyv,800,100,True
compact,1003595.0,9.964168848819644e-05,vxmbxa_600_100,feasible,3.897183895111084,vxmbxa,600,100,True
compact,503660.0,0.0,evkifm_400_20,feasible,0.0139479637145996,evkifm,400,20,True
compact,1017189.0,9.831005023643568e-05,aqkxpe_1200_100,feasible,0.1278181076049804,aqkxpe,1200,100,True
compact,1004862.0,0.0404316005123575,tarbhb_800_100,feasible,3600.000652074814,tarbhb,800,100,False
mckp,504369.0,0.0,vgddxk_1200_20,feasible,46.435040601,vgddxk,1200,20,True
mckp,1004596.0,0.0,savgfg_600_20,feasible,92.436209711,savgfg,600,20,True
compact,1002946.0,0.0,bebcyr_400_20,feasible,0.0464370250701904,bebcyr,400,20,True
compact,1018297.0,9.820308004140242e-05,pwvygn_1200_100,feasible,0.1104300022125244,pwvygn,1200,100,True
compact,1001641.0,9.98360691744156e-05,zwrddy_1200_20,feasible,0.2515051364898681,zwrddy,1200,20,True
mckp,603750.0,0.0,hsjqml_1200_20,feasible,43.850506035,hsjqml,1200,20,True
compact,1004484.0,9.998055396445356e-05,liowda_800_20,feasible,80.89426708221436,liowda,800,20,True
mckp,992065.0,0.0,dhaduc_400_20,feasible,63.657231908,dhaduc,400,20,True
mckp,1006156.0,0.0,elviom_1000_100,feasible,205.944621945,elviom,1000,100,True
mckp,1003658.0,0.0,prfoqq_400_20,feasible,72.166293346,prfoqq,400,20,True
compact,1003973.0,9.96041730164327e-05,wbxvod_400_100,feasible,0.2411849498748779,wbxvod,400,100,True
mckp,1015701.0,0.0,ugickt_1200_100,feasible,271.993074531,ugickt,1200,100,True
mckp,1015806.0,0.0,dxsfpd_800_100,feasible,153.862102437,dxsfpd,800,100,True
mckp,511742.0,0.0,kchhcr_400_20,feasible,59.585282049,kchhcr,400,20,True
mckp,1005974.0,0.0,mhmllv_1200_100,feasible,290.984871115,mhmllv,1200,100,True
compact,993241.0,0.0355021565288282,ulwcyy_1000_100,feasible,3600.000899076462,ulwcyy,1000,100,False
mckp,976425.0,0.0,nrvgfw_800_20,feasible,45.743949459,nrvgfw,800,20,True
compact,1001453.0,9.985481110465384e-05,dhslef_600_20,feasible,0.6041669845581055,dhslef,600,20,True
compact,1001626.0,9.997966090161276e-05,qihmcz_1200_20,feasible,78.6840488910675,qihmcz,1200,20,True
compact,1014858.0,9.853585571985862e-05,gfmftr_1000_100,feasible,0.1191520690917968,gfmftr,1000,100,True
compact,1011227.0,9.888966682093456e-05,wsixvk_800_100,feasible,0.0598080158233642,wsixvk,800,100,True
compact,974557.0,0.0,vtmymr_800_20,feasible,2.673408031463623,vtmymr,800,20,True
compact,1007405.0,9.92648445611799e-05,jufyvt_800_100,feasible,0.12455415725708,jufyvt,800,100,True
compact,506530.0,0.0,jfecyk_800_20,feasible,0.0065469741821289,jfecyk,800,20,True
compact,1011201.0,9.88922094695224e-05,stpsnk_1200_100,feasible,0.0882301330566406,stpsnk,1200,100,True
compact,1003271.0,6.0966459260453965e-05,atszxk_1200_20,feasible,0.6655099391937256,atszxk,1200,20,True
mckp,1005740.0,0.0,gtcwif_1000_100,feasible,161.126939575,gtcwif,1000,100,True
mckp,1001542.0,0.0,tfusco_600_20,feasible,98.125917778,tfusco,600,20,True
compact,1004481.0,0.0,ekymjr_800_20,feasible,0.2950940132141113,ekymjr,800,20,True
compact,1010340.0,9.897648417712436e-05,tlhdcf_1000_100,feasible,2.381115198135376,tlhdcf,1000,100,True
compact,1006078.0,9.939577309535337e-05,iogsau_1000_100,feasible,0.0398859977722168,iogsau,1000,100,True
compact,1002098.0,0.102841856795253,orpbvp_1000_20,feasible,3600.0005688667297,orpbvp,1000,20,False
mckp,1011084.0,0.0,jbrjal_800_100,feasible,144.343924881,jbrjal,800,100,True
compact,1002115.0,0.0942975003411621,vslhve_1000_20,feasible,3600.0006589889526,vslhve,1000,20,False
mckp,503482.0,0.0,txcerx_600_20,feasible,62.284034392,txcerx,600,20,True
compact,1004994.0,9.950298260190349e-05,xvriww_1200_20,feasible,8.354480981826782,xvriww,1200,20,True
compact,514768.0,0.0,eirkqs_400_20,feasible,0.0050699710845947,eirkqs,400,20,True
compact,1001123.0,9.988772634692582e-05,bzluho_800_20,feasible,1294.6548910140991,bzluho,800,20,True
compact,1001526.0,9.984753281738783e-05,odmzfy_800_20,feasible,0.582974910736084,odmzfy,800,20,True
mckp,974594.0,0.0,yqgjas_1000_20,feasible,49.788079061,yqgjas,1000,20,True
compact,1001604.0,9.999564704140344e-05,tqkouu_1200_20,feasible,25.86813497543335,tqkouu,1200,20,True
compact,601948.0,0.0,poemju_1200_20,feasible,0.0309221744537353,poemju,1200,20,True
mckp,1001949.0,0.0,fdjijq_400_20,feasible,68.65703614,fdjijq,400,20,True
mckp,972581.0,0.0,tkdjgf_600_20,feasible,68.692640585,tkdjgf,600,20,True
mckp,1001306.0,0.0,evrymp_600_20,feasible,75.07994678200001,evrymp,600,20,True
compact,970804.0,0.0,isdqjb_800_20,feasible,0.2978029251098633,isdqjb,800,20,True
mckp,1005078.0,0.0,aynkwr_600_100,feasible,111.969510757,aynkwr,600,100,True
compact,1011849.0,9.78049090955865e-05,kkwecb_1000_100,feasible,0.1079471111297607,kkwecb,1000,100,True
compact,503772.0,0.0,tpoivi_1200_20,feasible,0.0083339214324951,tpoivi,1200,20,True
compact,1004000.0,9.960149442082227e-05,yzxxft_600_100,feasible,0.4334139823913574,yzxxft,600,100,True
compact,505648.0,0.0,ngjgoz_1000_20,feasible,0.0051298141479492,ngjgoz,1000,20,True
compact,505005.0,0.0,gpfueb_800_20,feasible,0.0135078430175781,gpfueb,800,20,True
mckp,1003290.0,0.0,givcrf_1000_20,feasible,89.860271166,givcrf,1000,20,True
compact,1006607.0,0.0006269727675582,rigakm_1200_100,feasible,3600.000657081604,rigakm,1200,100,False
mckp,1004879.0,0.0,civduw_600_100,feasible,134.324213792,civduw,600,100,True
mckp,1004922.0,0.0,zahxpw_600_100,feasible,131.176936816,zahxpw,600,100,True
compact,1004885.0,9.951377569196904e-05,stenxy_800_20,feasible,0.2282450199127197,stenxy,800,20,True
compact,1003220.0,9.927921525543496e-05,mhizjh_800_20,feasible,0.6781001091003418,mhizjh,800,20,True
compact,999450.0,0.2110515762499889,igytrr_1000_20,feasible,3600.000674962997,igytrr,1000,20,False
compact,531836.0,0.0,omjcjx_1200_100,feasible,0.0370149612426757,omjcjx,1200,100,True
compact,1001418.0,9.985830108240558e-05,bocqhe_800_20,feasible,2.307074785232544,bocqhe,800,20,True
mckp,505732.0,0.0,adxzqa_1200_20,feasible,47.531626227,adxzqa,1200,20,True
mckp,1002766.0,0.0,elkwit_400_20,feasible,59.580466133,elkwit,400,20,True
compact,1001484.0,9.985172019550966e-05,wiqxak_1200_20,feasible,0.7121250629425049,wiqxak,1200,20,True
mckp,603741.0,0.0,maqefp_1000_20,feasible,45.069966,maqefp,1000,20,True
compact,1004988.0,8.37367897469133e-05,zdrzdq_1000_20,feasible,0.2672281265258789,zdrzdq,1000,20,True
mckp,976559.0,0.0,ffrpeh_1200_20,feasible,50.196463809,ffrpeh,1200,20,True
mckp,513319.0,0.0,rhxluy_400_20,feasible,74.902429966,rhxluy,400,20,True
compact,1013051.0,9.8711615988123e-05,lpsiab_600_100,feasible,0.1297609806060791,lpsiab,600,100,True
mckp,503656.0,0.0,apmcvp_800_20,feasible,47.906097981,apmcvp,800,20,True
mckp,984609.0,0.0,ibvptk_800_100,feasible,298.847527177,ibvptk,800,100,True
mckp,1017585.0,0.0,rrnnht_1000_100,feasible,196.94864792,rrnnht,1000,100,True
mckp,1001365.0,0.0,odlgiq_400_20,feasible,80.053753069,odlgiq,400,20,True
compact,1003262.0,9.999930226506513e-05,ydhzdb_800_20,feasible,300.73074316978455,ydhzdb,800,20,True
compact,1006375.0,9.936643958123008e-05,cjnovh_1200_100,feasible,51.06795310974121,cjnovh,1200,100,True
compact,974614.0,0.0,ykdnlg_1200_20,feasible,2.08919095993042,ykdnlg,1200,20,True
compact,1003862.0,9.961518653441757e-05,gqpgjc_600_100,feasible,0.1355199813842773,gqpgjc,600,100,True
mckp,1001477.0,0.0,jbfcad_600_20,feasible,95.331899063,jbfcad,600,20,True
mckp,992487.0,0.0,kozclw_800_20,feasible,46.968355856,kozclw,800,20,True
mckp,970715.0,0.0,telskb_1200_20,feasible,56.329386426,telskb,1200,20,True
mckp,508812.0,0.0,wezwxw_1200_100,feasible,324.276175796,wezwxw,1200,100,True
compact,1006253.0,9.93784869426606e-05,wdsert_1200_100,feasible,0.1756470203399658,wdsert,1200,100,True
compact,999933.0,0.1430406424826439,bvuuya_400_20,feasible,3600.0006380081177,bvuuya,400,20,False
compact,1004310.0,9.86821675776416e-05,iatdfg_400_20,feasible,3.058558225631714,iatdfg,400,20,True
mckp,1003346.0,0.0,nfvvrk_1200_20,feasible,53.560102715,nfvvrk,1200,20,True
compact,503324.0,0.0,kmmfsa_800_20,feasible,0.014423131942749,kmmfsa,800,20,True
mckp,1006783.0,0.0,ytxvwr_1000_100,feasible,320.92990038000005,ytxvwr,1000,100,True
mckp,1005573.0,0.0,rbuxwv_800_100,feasible,147.98848708199998,rbuxwv,800,100,True
compact,1004571.0,0.0,clfoxa_800_20,feasible,0.4156579971313476,clfoxa,800,20,True
compact,1003203.0,5.310855353512984e-05,bjaogw_1000_20,feasible,0.4160540103912353,bjaogw,1000,20,True
compact,1006035.0,9.940002147040464e-05,mvodpr_1200_100,feasible,0.1546471118927002,mvodpr,1200,100,True
mckp,1004422.0,0.0,vrzlrc_600_100,feasible,113.59471802,vrzlrc,600,100,True
compact,1015586.0,9.846522257571238e-05,ltuacn_1000_100,feasible,1.64011812210083,ltuacn,1000,100,True
mckp,1019304.0,0.0,vkprhm_1200_100,feasible,233.263218072,vkprhm,1200,100,True
mckp,1002506.0,0.0,dwjqpf_400_20,feasible,72.160801422,dwjqpf,400,20,True
mckp,970840.0,0.0,ypfqmm_800_20,feasible,44.932549364,ypfqmm,800,20,True
mckp,1001361.0,0.0,ndddvp_400_20,feasible,82.151432558,ndddvp,400,20,True
compact,976095.0,0.0,kjqbwj_600_20,feasible,1.4405100345611572,kjqbwj,600,20,True
compact,1001546.0,9.836682476941468e-05,ishxyq_800_20,feasible,0.1460599899291992,ishxyq,800,20,True
compact,1001949.0,0.0659216809208346,fdjijq_400_20,feasible,3600.0003950595856,fdjijq,400,20,False
mckp,1002235.0,0.0,lmnndp_1000_100,feasible,314.752673227,lmnndp,1000,100,True
compact,972627.0,1.6940582732385308,ngzyoc_1000_20,feasible,3600.0007259845734,ngzyoc,1000,20,False
compact,992411.0,3.049944395517881e-13,wynpdq_800_20,feasible,5.941313028335571,wynpdq,800,20,True
mckp,1002933.0,0.0,tlolix_800_20,feasible,45.693298212,tlolix,800,20,True
mckp,1015506.0,0.0,wgtvup_800_100,feasible,156.13617173699998,wgtvup,800,100,True
mckp,995107.0,0.0,rlmchf_1200_100,feasible,320.572135061,rlmchf,1200,100,True
compact,1004440.0,9.955786352807184e-05,rsbtgd_800_100,feasible,0.8204469680786133,rsbtgd,800,100,True
mckp,991370.0,0.0,rfcgcc_1200_100,feasible,342.73096434099995,rfcgcc,1200,100,True
mckp,994493.0,0.0,twidlk_1200_20,feasible,60.335103858,twidlk,1200,20,True
mckp,1011526.0,0.0,gdudgz_1200_100,feasible,304.44632142,gdudgz,1200,100,True
mckp,1009997.0,0.0,gbnqrx_800_100,feasible,272.514398074,gbnqrx,800,100,True
compact,1003218.0,9.967913287128732e-05,kitosj_400_100,feasible,0.0851800441741943,kitosj,400,100,True
compact,1003970.0,0.0810606322782555,lcwjfq_600_20,feasible,3600.00044798851,lcwjfq,600,20,False
compact,1004357.0,0.0156410453572833,nguefw_800_20,feasible,3600.0005939006805,nguefw,800,20,False
compact,999209.0,9.819078012293237e-05,uqhahl_400_20,feasible,39.37529706954956,uqhahl,400,20,True
mckp,1001464.0,0.0,bddtmt_800_20,feasible,45.011862913,bddtmt,800,20,True
compact,505865.0,0.0,grnwdp_1000_20,feasible,0.0348241329193115,grnwdp,1000,20,True
mckp,1005855.0,0.0,plprsp_1000_100,feasible,205.107025263,plprsp,1000,100,True
mckp,1001481.0,0.0,ytvrjf_400_20,feasible,65.22330042899999,ytvrjf,400,20,True
compact,502582.0,0.0,qftotp_800_20,feasible,0.0141639709472656,qftotp,800,20,True
mckp,1018496.0,0.0,bkfhgf_1200_100,feasible,247.599185523,bkfhgf,1200,100,True
compact,506626.0,0.0,etvpgy_1200_20,feasible,0.0053799152374267,etvpgy,1200,20,True
compact,1016656.0,9.836159097906176e-05,jgcjci_1200_100,feasible,0.3101899623870849,jgcjci,1200,100,True
mckp,1004755.0,0.0,mwxozb_1000_20,feasible,99.59553739,mwxozb,1000,20,True
mckp,1012736.0,0.0,ebseqr_800_100,feasible,223.406862957,ebseqr,800,100,True
compact,501657.0,0.0,ojevwd_400_20,feasible,0.0114760398864746,ojevwd,400,20,True
mckp,976386.0,0.0,buqkvt_1000_20,feasible,45.413843359,buqkvt,1000,20,True
compact,1001880.0,9.992446176009476e-05,noigss_600_20,feasible,295.5449540615082,noigss,600,20,True
mckp,1005424.0,0.0,chjzmb_1200_100,feasible,269.40775318,chjzmb,1200,100,True
mckp,977899.0,0.0,ctskbo_600_100,feasible,246.069316012,ctskbo,600,100,True
compact,1010222.0,9.898804521377952e-05,wbswsj_800_100,feasible,0.1938910484313964,wbswsj,800,100,True
compact,1001334.0,9.986667798489018e-05,yglkfn_400_20,feasible,0.4534568786621094,yglkfn,400,20,True
mckp,1014579.0,0.0,arlwxu_600_100,feasible,140.81920323300002,arlwxu,600,100,True
mckp,1000015.0,0.0,ukesml_800_20,feasible,55.343471593,ukesml,800,20,True
mckp,1019149.0,0.0,gghzec_1200_100,feasible,254.085617655,gghzec,1200,100,True
mckp,1001123.0,0.0,bzluho_800_20,feasible,47.102929651,bzluho,800,20,True
compact,1001466.0,9.998124551844244e-05,uqrhsb_600_20,feasible,449.8939530849457,uqrhsb,600,20,True
compact,1008148.0,9.919168694310068e-05,fgfaqy_600_100,feasible,0.0221130847930908,fgfaqy,600,100,True
mckp,1011825.0,0.0,yhfphn_1000_100,feasible,158.016583519,yhfphn,1000,100,True
compact,1001343.0,0.0428965652745165,vgzyjv_1000_20,feasible,3600.0006260871887,vgzyjv,1000,20,False
compact,605626.0,0.0,gyjfit_800_20,feasible,0.0344190597534179,gyjfit,800,20,True
compact,1002766.0,9.972406351625054e-05,elkwit_400_20,feasible,25.126462936401367,elkwit,400,20,True
mckp,1000169.0,0.0,gqbxzm_1000_20,feasible,57.566576511,gqbxzm,1000,20,True
mckp,1005120.0,0.0,mwhfbu_600_100,feasible,118.446326087,mwhfbu,600,100,True
compact,1011219.0,9.889044916042008e-05,dvcijo_1200_100,feasible,139.93975806236267,dvcijo,1200,100,True
compact,1004604.0,0.003207889975875,hcujgk_1000_20,feasible,3600.000955820084,hcujgk,1000,20,False
compact,1006787.0,9.932577662824746e-05,edldrw_400_100,feasible,0.0339260101318359,edldrw,400,100,True
compact,999208.0,9.804158924145696e-05,ysjxpp_400_20,feasible,136.4997239112854,ysjxpp,400,20,True
compact,503634.0,0.0,yplfwr_600_20,feasible,0.0422439575195312,yplfwr,600,20,True
compact,601859.0,0.0,hpuzin_600_20,feasible,0.0179629325866699,hpuzin,600,20,True
mckp,1001447.0,0.0,ppwbin_800_20,feasible,43.901330573,ppwbin,800,20,True
mckp,1003026.0,0.0,hthskb_800_20,feasible,50.166520088000006,hthskb,800,20,True
mckp,503725.0,0.0,aqmsyy_800_20,feasible,48.387929979,aqmsyy,800,20,True
compact,1008962.0,9.91116621719528e-05,rdieso_1000_100,feasible,15.612654209136965,rdieso,1000,100,True
mckp,977081.0,0.0,fzdykq_1000_100,feasible,298.842185792,fzdykq,1000,100,True
mckp,507520.0,0.0,rzuqhw_1200_100,feasible,367.76332627,rzuqhw,1200,100,True
mckp,1005711.0,0.0,izqrdo_800_100,feasible,178.323664854,izqrdo,800,100,True
mckp,1002833.0,0.0,nizwoy_600_20,feasible,100.031136056,nizwoy,600,20,True
mckp,1004928.0,0.0,orccvo_1200_20,feasible,67.603387573,orccvo,1200,20,True
compact,1004979.0,0.0,uljfkn_1200_20,feasible,0.1600658893585205,uljfkn,1200,20,True
compact,1012121.0,9.880231829759654e-05,hqgwhz_1200_100,feasible,0.5618808269500732,hqgwhz,1200,100,True
compact,1001542.0,9.984593771810097e-05,xezcxn_400_20,feasible,0.093959093093872,xezcxn,400,20,True
compact,1003223.0,9.137900702023196e-05,judwkv_1000_20,feasible,0.935439109802246,judwkv,1000,20,True
mckp,977096.0,0.0,lqpidm_1200_100,feasible,358.426281636,lqpidm,1200,100,True
mckp,972672.0,0.0,oubqrd_1200_20,feasible,56.015436899,oubqrd,1200,20,True
compact,1003309.0,8.579390178730208e-05,tndwpg_1200_20,feasible,0.3952410221099853,tndwpg,1200,20,True
compact,1002739.0,9.97267487085386e-05,konoce_600_20,feasible,0.1011478900909423,konoce,600,20,True
compact,1012261.0,9.878865353041012e-05,aorwmh_800_100,feasible,0.4937889575958252,aorwmh,800,100,True
compact,511699.0,0.0,gkhbxg_600_20,feasible,0.009902000427246,gkhbxg,600,20,True
compact,1002922.0,0.0,nlokaw_600_20,feasible,0.0650651454925537,nlokaw,600,20,True
mckp,1001427.0,0.0,ubizsx_1200_100,feasible,350.990945058,ubizsx,1200,100,True
mckp,995465.0,0.0,gqurmw_400_20,feasible,74.201538739,gqurmw,400,20,True
mckp,988712.0,0.0,ejuwwb_1200_100,feasible,354.75095333099995,ejuwwb,1200,100,True
compact,1001460.0,9.985411314070143e-05,ppojxe_800_20,feasible,0.252147912979126,ppojxe,800,20,True
mckp,1011764.0,0.0,owcehb_1000_100,feasible,178.47044503799998,owcehb,1000,100,True
compact,1012072.0,9.880710185925324e-05,fjslbb_1200_100,feasible,0.4727768898010254,fjslbb,1200,100,True
mckp,1003337.0,0.0,puvfyx_400_100,feasible,67.55702175799999,puvfyx,400,100,True
mckp,1004102.0,0.0,gxjjft_1200_20,feasible,51.722517101,gxjjft,1200,20,True
compact,990245.0,1.9136243846644123,utasuk_1000_100,feasible,3600.000552177429,utasuk,1000,100,False
compact,1001255.0,9.987455755571004e-05,qdevdk_800_20,feasible,0.1060261726379394,qdevdk,800,20,True
mckp,1003225.0,0.0,ufbnug_800_20,feasible,49.440985184,ufbnug,800,20,True
compact,1003258.0,9.999938842875218e-05,gltnlj_1200_20,feasible,449.0014569759369,gltnlj,1200,20,True
mckp,1010657.0,0.0,mjjsir_1000_100,feasible,159.57460633,mjjsir,1000,100,True
compact,501628.0,0.0,rexobr_1000_20,feasible,0.0140540599822998,rexobr,1000,20,True
mckp,1018488.0,0.0,sigxug_1200_100,feasible,230.764338766,sigxug,1200,100,True
mckp,1001466.0,0.0,vgmifu_600_20,feasible,88.499804869,vgmifu,600,20,True
mckp,1011070.0,0.0,qjbjya_1200_100,feasible,277.12230390300005,qjbjya,1200,100,True
mckp,511733.0,0.0,bfsmkt_1000_20,feasible,47.104588478,bfsmkt,1000,20,True
mckp,1004053.0,0.0,yjapfk_1000_20,feasible,64.54298541600001,yjapfk,1000,20,True
mckp,1004968.0,0.0,ksoguz_1000_20,feasible,111.138062472,ksoguz,1000,20,True
compact,501847.0,0.0,ybmlmm_1000_20,feasible,0.0080630779266357,ybmlmm,1000,20,True
compact,994558.0,0.0,emgovv_1200_20,feasible,3.1066181659698486,emgovv,1200,20,True
compact,1001607.0,8.255264037958641e-05,pmxwqo_1200_20,feasible,0.1652050018310547,pmxwqo,1200,20,True
compact,1012783.0,0.0,rcrslt_600_100,feasible,0.0191221237182617,rcrslt,600,100,True
mckp,1015922.0,0.0,azqpcf_800_100,feasible,192.110030276,azqpcf,800,100,True
compact,513647.0,0.0,hrcnou_1000_20,feasible,0.0072968006134033,hrcnou,1000,20,True
mckp,1002787.0,0.0,zbxmid_400_20,feasible,74.46140933299999,zbxmid,400,20,True
compact,1009580.0,0.0045044836773024,nwemje_800_100,feasible,3600.000623941421,nwemje,800,100,False
mckp,1001635.0,0.0,udrwch_1000_20,feasible,93.062726236,udrwch,1000,20,True
compact,1007919.0,9.92142233510596e-05,gmbqpz_600_100,feasible,3223.9032180309296,gmbqpz,600,100,True
compact,1003060.0,5.104551327808258e-05,vhyjsk_600_20,feasible,0.3726720809936523,vhyjsk,600,20,True
mckp,1004594.0,0.0,knoyhp_800_20,feasible,89.787321101,knoyhp,800,20,True
compact,1011936.0,9.88203811106818e-05,bqhbyd_1200_100,feasible,0.0925290584564209,bqhbyd,1200,100,True
compact,1000181.0,0.1321377773622479,nlqkve_800_20,feasible,3600.0008051395416,nlqkve,800,20,False
compact,999271.0,0.3521073140733398,ogzuev_400_20,feasible,3600.0004551410675,ogzuev,400,20,False
mckp,974686.0,0.0,upabtn_800_20,feasible,50.344238609,upabtn,800,20,True
mckp,1005089.0,0.0,ungedp_1200_20,feasible,91.800395934,ungedp,1200,20,True
compact,1000001.0,0.1553876717338019,eqfzvl_1000_20,feasible,3600.0005769729614,eqfzvl,1000,20,False
compact,990552.0,0.0,dqehoy_600_20,feasible,0.2231388092041015,dqehoy,600,20,True
mckp,1000154.0,0.0,yidnos_600_20,feasible,68.198107229,yidnos,600,20,True
compact,1001580.0,8.038744170918179e-05,lkjoeg_600_20,feasible,0.0780880451202392,lkjoeg,600,20,True
mckp,1000206.0,0.0,wgszll_1000_20,feasible,49.436603906,wgszll,1000,20,True
compact,1012078.0,9.880651609212324e-05,erxskg_1200_100,feasible,0.498640775680542,erxskg,1200,100,True
mckp,1001467.0,0.0,krcbly_600_20,feasible,91.110148507,krcbly,600,20,True
mckp,1000213.0,0.0,nhbmer_1200_20,feasible,48.471460393,nhbmer,1200,20,True
mckp,504447.0,0.0,mtolge_600_20,feasible,61.789929465,mtolge,600,20,True
mckp,1003050.0,0.0,mwcfwu_1000_20,feasible,53.72250705,mwcfwu,1000,20,True
compact,970880.0,0.0,wanyki_800_20,feasible,0.3130738735198974,wanyki,800,20,True
mckp,1017496.0,0.0,bmtxfk_1200_100,feasible,264.376548457,bmtxfk,1200,100,True
compact,1001605.0,9.983965751003888e-05,agjrrv_1000_20,feasible,0.1345839500427246,agjrrv,1000,20,True
mckp,1004531.0,0.0,rnbiyn_1000_100,feasible,290.74187659,rnbiyn,1000,100,True
compact,1011251.0,9.888731987674684e-05,ipfqow_1000_100,feasible,0.3854169845581054,ipfqow,1000,100,True
compact,1003290.0,9.967197951541476e-05,givcrf_1000_20,feasible,0.1969959735870361,givcrf,1000,20,True
mckp,1001567.0,0.0,nqegvi_800_20,feasible,45.247978555,nqegvi,800,20,True
compact,1001367.0,8.640437878647691e-05,uiuudu_600_20,feasible,1.7819108963012695,uiuudu,600,20,True
mckp,1001376.0,0.0,idcrwo_400_20,feasible,66.33820206,idcrwo,400,20,True
mckp,502807.0,0.0,jvkpts_600_20,feasible,71.251205184,jvkpts,600,20,True
compact,970834.0,0.0,ouveee_1000_20,feasible,0.4208741188049316,ouveee,1000,20,True
compact,505766.0,0.0,saiuzs_800_20,feasible,0.016841173171997,saiuzs,800,20,True
mckp,501976.0,0.0,jscqat_800_20,feasible,48.676137419,jscqat,800,20,True
compact,1009022.0,9.910576864947578e-05,efyztp_600_100,feasible,0.1867258548736572,efyztp,600,100,True
compact,515558.0,0.0,kmbosv_1000_20,feasible,0.0437099933624267,kmbosv,1000,20,True
compact,985013.0,0.0,grmwbo_600_100,feasible,1.1094000339508057,grmwbo,600,100,True
compact,1015897.0,9.843507911227308e-05,doamno_800_100,feasible,0.230151891708374,doamno,800,100,True
compact,1003051.0,7.822832189622506e-05,obeube_1200_20,feasible,0.4514291286468506,obeube,1200,20,True
compact,1002784.0,9.972227346839052e-05,ukxvgl_400_100,feasible,29.650885105133057,ukxvgl,400,100,True
mckp,1009208.0,0.0,lwuusf_600_100,feasible,102.007074492,lwuusf,600,100,True
mckp,1010832.0,0.0,hjgqnr_800_100,feasible,151.53999521,hjgqnr,800,100,True
compact,970628.0,0.0,jrfafr_400_20,feasible,0.4171621799468994,jrfafr,400,20,True
mckp,972572.0,0.0,pltdna_400_20,feasible,74.70280320900001,pltdna,400,20,True
compact,1001580.0,9.98421495615432e-05,aazvcm_800_20,feasible,0.2072548866271972,aazvcm,800,20,True
compact,522916.0,0.0,acdpzv_1200_100,feasible,0.0162210464477539,acdpzv,1200,100,True
compact,1005295.0,9.947318998583502e-05,xuxlcc_1200_100,feasible,531.8246891498566,xuxlcc,1200,100,True
mckp,993171.0,0.0,tlthwy_1200_100,feasible,301.491409061,tlthwy,1200,100,True
mckp,1006302.0,0.0,vojtzx_1200_100,feasible,242.320713267,vojtzx,1200,100,True
compact,999526.0,0.4520637326887143,jrpwcf_1200_20,feasible,3600.0005900859837,jrpwcf,1200,20,False
compact,1011257.0,0.0,elmhyx_1000_100,feasible,0.0284080505371093,elmhyx,1000,100,True
compact,1011550.0,9.885809020009866e-05,lrqnuq_400_100,feasible,0.057344913482666,lrqnuq,400,100,True
mckp,1010546.0,0.0,mutlku_800_100,feasible,150.812243437,mutlku,800,100,True
compact,1001496.0,9.99924160300603e-05,gemdtb_1000_20,feasible,361.88656187057495,gemdtb,1000,20,True
mckp,1004440.0,0.0,rsbtgd_800_100,feasible,249.7951705,rsbtgd,800,100,True
mckp,1003623.0,0.0,mcsfxb_400_20,feasible,70.538856109,mcsfxb,400,20,True
mckp,1001457.0,0.0,omuujz_600_20,feasible,65.938335104,omuujz,600,20,True
compact,501829.0,0.0,ywwhkl_1000_20,feasible,0.0248689651489257,ywwhkl,1000,20,True
compact,1004006.0,9.98165379038276e-05,tzoeds_600_20,feasible,5.238079071044922,tzoeds,600,20,True
compact,1002052.0,0.0742850399614343,ylmrqx_400_20,feasible,3600.0003650188446,ylmrqx,400,20,False
mckp,503735.0,0.0,dsxpju_1000_20,feasible,43.522698704,dsxpju,1000,20,True
compact,1003343.0,9.812302746318052e-05,zgpsmt_1000_20,feasible,3.64288592338562,zgpsmt,1000,20,True
mckp,1003018.0,0.0,kxoafa_800_20,feasible,103.716490318,kxoafa,800,20,True
mckp,1003165.0,0.0,cetiod_1000_20,feasible,46.515295602,cetiod,1000,20,True
mckp,1004316.0,0.0,ljvixf_1200_100,feasible,338.267229669,ljvixf,1200,100,True
compact,990695.0,0.0,hxvdkz_1200_20,feasible,13.667113065719604,hxvdkz,1200,20,True
mckp,1011650.0,0.0,oidwpf_1000_100,feasible,189.696936078,oidwpf,1000,100,True
mckp,1002995.0,0.0,wnxyvv_1200_20,feasible,49.496191543,wnxyvv,1200,20,True
mckp,1005951.0,0.0,shosrr_1200_100,feasible,203.701173975,shosrr,1200,100,True
compact,1001541.0,9.98460374103133e-05,cpfctd_800_20,feasible,1.1780781745910645,cpfctd,800,20,True
compact,997538.0,0.5208387765757849,hrrsdn_1000_20,feasible,3600.000838041305,hrrsdn,1000,20,False
mckp,1017949.0,0.0,qwrthd_1200_100,feasible,195.586095319,qwrthd,1200,100,True
mckp,1001318.0,0.0,ifhugs_1200_20,feasible,48.341376556,ifhugs,1200,20,True
compact,995413.0,0.5482933297132165,dtuudt_600_20,feasible,3600.0004930496216,dtuudt,600,20,False
mckp,504811.0,0.0,vrakyi_600_20,feasible,61.669792644,vrakyi,600,20,True
compact,513487.0,0.0,omljob_400_20,feasible,0.0165760517120361,omljob,400,20,True
mckp,974517.0,0.0,pekqcf_600_20,feasible,63.824809792,pekqcf,600,20,True
mckp,1004928.0,0.0,phyhil_1200_20,feasible,109.733156304,phyhil,1200,20,True
compact,503550.0,0.0,stzsbd_600_20,feasible,0.0141189098358154,stzsbd,600,20,True
compact,970889.0,0.0,simoej_1200_20,feasible,0.030768871307373,simoej,1200,20,True
compact,503497.0,0.0,edbzzf_1000_20,feasible,0.0200240612030029,edbzzf,1000,20,True
mckp,1003867.0,0.0,tgxvpt_600_20,feasible,93.158498766,tgxvpt,600,20,True
mckp,1004088.0,0.0,iqypjp_400_20,feasible,78.815554141,iqypjp,400,20,True
mckp,976397.0,0.0,fchwfc_800_20,feasible,44.616123013,fchwfc,800,20,True
compact,1012394.0,9.877567550215084e-05,iejzhq_1200_100,feasible,0.287010908126831,iejzhq,1200,100,True
mckp,974743.0,0.0,gjwdpo_800_20,feasible,49.241412925,gjwdpo,800,20,True
compact,501904.0,0.0,epkwlz_800_20,feasible,0.020339012145996,epkwlz,800,20,True
compact,1007984.0,0.0,wusbve_1000_100,feasible,0.0354130268096923,wusbve,1000,100,True
compact,1004790.0,8.319875130879687e-05,bxaasi_1200_20,feasible,0.2907791137695312,bxaasi,1200,20,True
compact,1003048.0,9.416783393477164e-05,efkuqq_800_20,feasible,0.2721209526062011,efkuqq,800,20,True
mckp,506559.0,0.0,xgkjgq_1000_20,feasible,42.994875234,xgkjgq,1000,20,True
compact,1004817.0,6.94976217848918e-05,exirzm_1000_20,feasible,0.9454901218414308,exirzm,1000,20,True
mckp,1011977.0,0.0,wbpcwf_1200_100,feasible,270.784453291,wbpcwf,1200,100,True
compact,1002995.0,0.0,wnxyvv_1200_20,feasible,0.043882131576538,wnxyvv,1200,20,True
compact,970867.0,1.416592361822413,cjfnhy_1200_20,feasible,3600.0007650852203,cjfnhy,1200,20,False
compact,1004678.0,9.15235560144164e-05,tvgrtg_1000_20,feasible,0.1903829574584961,tvgrtg,1000,20,True
compact,1003845.0,0.0636141207232697,lsxeme_1000_20,feasible,3600.000772953033,lsxeme,1000,20,False
compact,974717.0,1.188564966503193,vkerpv_1200_20,feasible,3600.0006699562077,vkerpv,1200,20,False
compact,976190.0,0.4573362679908715,zkyqoe_1000_100,feasible,3600.0007078647614,zkyqoe,1000,100,False
mckp,1002845.0,0.0,apavra_400_20,feasible,75.783263989,apavra,400,20,True
compact,1001468.0,9.985331547956052e-05,fgvfpu_600_20,feasible,0.0891621112823486,fgvfpu,600,20,True
mckp,1005208.0,0.0,egegez_600_100,feasible,106.509555832,egegez,600,100,True
mckp,1001578.0,0.0,zzitsd_1000_20,feasible,127.297070703,zzitsd,1000,20,True
mckp,502018.0,0.0,swbkrg_1000_20,feasible,44.249821736,swbkrg,1000,20,True
compact,988460.0,0.0,gbomsg_800_100,feasible,0.0237209796905517,gbomsg,800,100,True
compact,1004771.0,9.617104152361033e-05,biuchx_1000_20,feasible,0.2791330814361572,biuchx,1000,20,True
mckp,1005140.0,0.0,daafbd_1200_20,feasible,60.671073366,daafbd,1200,20,True
mckp,1001554.0,0.0,fhkldu_1200_20,feasible,120.976121821,fhkldu,1200,20,True
compact,1004989.0,9.950347765812746e-05,kumedc_1200_20,feasible,1.0534210205078125,kumedc,1200,20,True
compact,1002506.0,2.167642022989001e-05,dwjqpf_400_20,feasible,0.0642211437225341,dwjqpf,400,20,True
compact,1004799.0,0.0,weawuo_800_100,feasible,0.1856110095977783,weawuo,800,100,True
mckp,515558.0,0.0,kmbosv_1000_20,feasible,45.690938517,kmbosv,1000,20,True
mckp,1013051.0,0.0,lpsiab_600_100,feasible,143.941772988,lpsiab,600,100,True
compact,1001565.0,9.984364486378483e-05,rjddlt_1000_20,feasible,6.065143823623657,rjddlt,1000,20,True
compact,1001669.0,9.983776181730244e-05,qumjnq_1000_20,feasible,14.828381061553957,qumjnq,1000,20,True
compact,974205.0,2.840461772197336,fxkjvo_400_20,feasible,3600.000463962555,fxkjvo,400,20,False
compact,511890.0,0.0,hhdkzj_1000_20,feasible,0.0063869953155517,hhdkzj,1000,20,True
mckp,1001379.0,0.0,cwqsry_400_20,feasible,82.600693905,cwqsry,400,20,True
mckp,1001369.0,0.0,zyadqm_1200_20,feasible,51.209944469,zyadqm,1200,20,True
mckp,1004413.0,0.0,sljmha_1000_100,feasible,307.596346618,sljmha,1000,100,True
mckp,1011936.0,0.0,bqhbyd_1200_100,feasible,259.463896983,bqhbyd,1200,100,True
compact,504723.0,0.0,hukphd_800_20,feasible,0.0068280696868896,hukphd,800,20,True
mckp,1002987.0,0.0,vtvjno_800_20,feasible,79.784767827,vtvjno,800,20,True
compact,603604.0,0.0,ndzccp_600_20,feasible,0.0042829513549804,ndzccp,600,20,True
compact,1008704.0,0.0,fubxoj_400_100,feasible,0.0199558734893798,fubxoj,400,100,True
mckp,972827.0,0.0,grjjlq_1200_20,feasible,49.99345667,grjjlq,1200,20,True
mckp,983800.0,0.0,bcgdng_1000_100,feasible,313.735444624,bcgdng,1000,100,True
mckp,970628.0,0.0,jrfafr_400_20,feasible,57.950347214,jrfafr,400,20,True
mckp,603538.0,0.0,qekslj_600_20,feasible,71.882204883,qekslj,600,20,True
mckp,503615.0,0.0,alednf_1000_20,feasible,59.244826957,alednf,1000,20,True
compact,511820.0,0.0,jjytjl_1000_20,feasible,0.01823091506958,jjytjl,1000,20,True
mckp,999214.0,0.0,aaapdx_1200_20,feasible,48.238345653,aaapdx,1200,20,True
compact,1001365.0,0.0154294956040907,wftsfg_800_20,feasible,3600.000699043274,wftsfg,800,20,False
mckp,504723.0,0.0,hukphd_800_20,feasible,46.657958446,hukphd,800,20,True
compact,999310.0,0.0273113888491268,ptaukp_1000_20,feasible,3600.000533103943,ptaukp,1000,20,False
compact,1001369.0,0.0137674397488299,zyadqm_1200_20,feasible,3600.0005679130554,zyadqm,1200,20,False
mckp,1001684.0,0.0,radqgk_1200_20,feasible,124.410975643,radqgk,1200,20,True
compact,1003342.0,9.972892114583697e-05,slkgva_1000_20,feasible,335.40397596359253,slkgva,1000,20,True
compact,501454.0,0.0,lxmwgy_600_20,feasible,0.0024659633636474,lxmwgy,600,20,True
compact,1004674.0,9.953467539253988e-05,aaslsh_1200_20,feasible,0.9965329170227052,aaslsh,1200,20,True
compact,1002933.0,0.0,tlolix_800_20,feasible,0.1168889999389648,tlolix,800,20,True
mckp,1001254.0,0.0,yajeaj_400_20,feasible,75.659479681,yajeaj,400,20,True
compact,1004156.0,0.0,vnomqz_1000_100,feasible,0.0726840496063232,vnomqz,1000,100,True
compact,1000156.0,0.1478972432667922,wwugar_800_20,feasible,3600.0005688667297,wwugar,800,20,False
mckp,1002853.0,0.0,dkapwj_600_20,feasible,69.637103286,dkapwj,600,20,True
compact,1002736.0,3.099832243375896e-05,aounnj_400_20,feasible,0.0781798362731933,aounnj,400,20,True
mckp,972527.0,0.0,wlapwk_400_20,feasible,65.65747805299999,wlapwk,400,20,True
compact,1001293.0,0.0,vxoebs_800_100,feasible,2.309267997741699,vxoebs,800,100,True
mckp,970864.0,0.0,rziykm_1000_20,feasible,46.871035861,rziykm,1000,20,True
mckp,1001387.0,0.0,fhplap_400_20,feasible,77.933262674,fhplap,400,20,True
mckp,972636.0,0.0,sdihqr_800_20,feasible,44.025765182,sdihqr,800,20,True
mckp,1005410.0,0.0,setbjk_400_100,feasible,116.981828633,setbjk,400,100,True
compact,1016923.0,9.833576550460017e-05,dowjju_800_100,feasible,0.0230648517608642,dowjju,800,100,True
compact,988391.0,1.6829634640061275,qabhng_800_100,feasible,3600.0005629062653,qabhng,800,100,False
compact,970688.0,0.0,qsquxn_1000_20,feasible,0.303873062133789,qsquxn,1000,20,True
mckp,1014066.0,0.0,ykspzq_1200_100,feasible,306.434105505,ykspzq,1200,100,True
compact,974202.0,2.344784595215277,cemezg_600_20,feasible,3600.000491142273,cemezg,600,20,False
mckp,985432.0,0.0,wwtskd_1200_100,feasible,350.529437108,wwtskd,1200,100,True
compact,1001599.0,9.984025559105432e-05,qohlyu_800_20,feasible,0.1562080383300781,qohlyu,800,20,True
mckp,1015006.0,0.0,nrohwv_800_100,feasible,210.500571185,nrohwv,800,100,True
compact,1005196.0,9.94829869169924e-05,mshdgx_800_100,feasible,0.1495530605316162,mshdgx,800,100,True
compact,1003005.0,9.97003008955081e-05,mpwauf_600_20,feasible,0.2461481094360351,mpwauf,600,20,True
compact,972540.0,0.0,zswojk_600_20,feasible,0.335784912109375,zswojk,600,20,True
compact,992543.0,9.383196240520337e-14,kbhhsc_1000_20,feasible,1.9353299140930176,kbhhsc,1000,20,True
compact,1013504.0,9.866749547362863e-05,oysqaa_800_100,feasible,0.0747718811035156,oysqaa,800,100,True
mckp,1014825.0,0.0,pkfqiu_600_100,feasible,140.803954781,pkfqiu,600,100,True
mckp,1003123.0,0.0,gliwib_400_100,feasible,119.454285932,gliwib,400,100,True
mckp,1009044.0,0.0,rlzgeh_800_100,feasible,237.681647028,rlzgeh,800,100,True
mckp,1001335.0,0.0,inmiqj_600_20,feasible,70.293145624,inmiqj,600,20,True
mckp,1005782.0,0.0,pnfxdi_600_100,feasible,219.292678198,pnfxdi,600,100,True
mckp,1004913.0,0.0,gxovof_1000_20,feasible,79.609188309,gxovof,1000,20,True
compact,1001628.0,9.913534448371486e-05,lzalel_1200_20,feasible,1.0504679679870603,lzalel,1200,20,True
compact,988438.0,0.0,bdxfdb_1200_100,feasible,0.0038897991180419,bdxfdb,1200,100,True
mckp,1013092.0,0.0,hscbyv_1200_100,feasible,200.355462678,hscbyv,1200,100,True
mckp,974543.0,0.0,wyrbfh_800_20,feasible,51.162040998,wyrbfh,800,20,True
mckp,513647.0,0.0,hrcnou_1000_20,feasible,52.80343284,hrcnou,1000,20,True
mckp,1003989.0,0.0,lcwjfq_600_20,feasible,70.07366493699999,lcwjfq,600,20,True
compact,1005148.0,9.948773763889732e-05,aljqmz_800_100,feasible,0.1725318431854248,aljqmz,800,100,True
compact,974424.0,0.0,tuzoqv_400_20,feasible,0.3211719989776611,tuzoqv,400,20,True
compact,970626.0,0.0,pccunh_600_20,feasible,0.4012138843536377,pccunh,600,20,True
compact,1001197.0,9.997118823803202e-05,dgkamj_1000_20,feasible,1540.7372388839722,dgkamj,1000,20,True
mckp,501706.0,0.0,fuzhbh_600_20,feasible,67.74488705,fuzhbh,600,20,True
compact,1002642.0,7.79187169072264e-05,mhlray_600_20,feasible,0.1863069534301757,mhlray,600,20,True
compact,504409.0,0.0,rhzcly_400_20,feasible,0.0079491138458251,rhzcly,400,20,True
mckp,984440.0,0.0,qpsryb_800_100,feasible,315.472708967,qpsryb,800,100,True
compact,974551.0,0.0,idrgvt_1200_20,feasible,0.4135899543762207,idrgvt,1200,20,True
mckp,1004018.0,0.0,eifenz_400_20,feasible,68.478984872,eifenz,400,20,True
compact,1003267.0,0.0078330959743278,esapgf_1200_20,feasible,3600.000787973404,esapgf,1200,20,False
mckp,1017258.0,0.0,ltxabf_1000_100,feasible,233.19136369,ltxabf,1000,100,True
compact,1006289.0,9.937493167973447e-05,vcorgf_400_100,feasible,2109.8164739608765,vcorgf,400,100,True
mckp,994323.0,0.0,hbales_400_20,feasible,72.251183057,hbales,400,20,True
compact,1018275.0,9.82052017331254e-05,qwmdgt_1000_100,feasible,0.2069201469421386,qwmdgt,1000,100,True
compact,601840.0,0.0,fdzjuw_1000_20,feasible,0.0063178539276123,fdzjuw,1000,20,True
compact,1011269.0,9.734593945569002e-05,jxslap_1000_100,feasible,0.4287068843841553,jxslap,1000,100,True
mckp,503442.0,0.0,emfjqg_1200_20,feasible,45.251828944,emfjqg,1200,20,True
mckp,1003279.0,0.0,cpjyzp_1000_20,feasible,128.268137381,cpjyzp,1000,20,True
compact,513824.0,0.0,jxcgbj_1200_20,feasible,0.0071041584014892,jxcgbj,1200,20,True
compact,1014061.0,9.861329977851452e-05,xaprhj_600_100,feasible,0.0885839462280273,xaprhj,600,100,True
mckp,1010521.0,0.0,rsxgfd_400_100,feasible,97.084809885,rsxgfd,400,100,True
mckp,501847.0,0.0,ybmlmm_1000_20,feasible,47.99997041,ybmlmm,1000,20,True
mckp,1002686.0,0.0,ekcgev_1000_100,feasible,302.424460209,ekcgev,1000,100,True
compact,511524.0,0.0,rezegd_600_20,feasible,0.0053238868713378,rezegd,600,20,True
mckp,1018831.0,0.0,kdxefu_1000_100,feasible,189.100763737,kdxefu,1000,100,True
compact,1002578.0,0.0,erwgtl_400_100,feasible,0.009584903717041,erwgtl,400,100,True
mckp,1004095.0,0.0,nckmex_400_20,feasible,64.818066125,nckmex,400,20,True
mckp,1007557.0,0.0,nnzyjc_600_100,feasible,178.02604336,nnzyjc,600,100,True
compact,1005480.0,9.945488776018642e-05,zezmcr_600_100,feasible,0.2074861526489257,zezmcr,600,100,True
compact,1003310.0,9.139551026496078e-05,gecubu_1200_20,feasible,0.2170209884643554,gecubu,1200,20,True
mckp,1001367.0,0.0,uiuudu_600_20,feasible,115.247587531,uiuudu,600,20,True
compact,514777.0,0.0,yuvszs_1000_20,feasible,0.0025908946990966,yuvszs,1000,20,True
mckp,1004831.0,0.0,hcxjya_1200_20,feasible,50.691935559,hcxjya,1200,20,True
mckp,970684.0,0.0,iukhmv_600_20,feasible,78.42751900500001,iukhmv,600,20,True
mckp,1003179.0,0.0,cwpekq_1200_20,feasible,126.699130517,cwpekq,1200,20,True
mckp,1005528.0,0.0,kkkyxf_800_100,feasible,279.66858198700004,kkkyxf,800,100,True
mckp,1006032.0,0.0,uhlsst_1200_100,feasible,207.988949601,uhlsst,1200,100,True
mckp,970744.0,0.0,dntfho_400_20,feasible,75.38339136100001,dntfho,400,20,True
compact,1015721.0,9.845213552527168e-05,grivfy_800_100,feasible,0.1126790046691894,grivfy,800,100,True
compact,1005855.0,9.941780930868832e-05,plprsp_1000_100,feasible,0.1700191497802734,plprsp,1000,100,True
mckp,1001665.0,0.0,oboozd_1200_20,feasible,111.608432455,oboozd,1200,20,True
mckp,1001354.0,0.0,flecot_1000_20,feasible,64.312567782,flecot,1000,20,True
compact,977096.0,0.6828932485582616,lqpidm_1200_100,feasible,3600.0008330345154,lqpidm,1200,100,False
mckp,1001371.0,0.0,apgbae_400_20,feasible,82.633463394,apgbae,400,20,True
compact,983800.0,2.339838193803012,bcgdng_1000_100,feasible,3600.0006878376007,bcgdng,1000,100,False
compact,1005900.0,9.941336175229968e-05,irlitk_400_100,feasible,0.1559879779815673,irlitk,400,100,True
compact,1001930.0,0.1270016344364305,pifcja_1000_20,feasible,3600.0006160736084,pifcja,1000,20,False
mckp,1003246.0,0.0,sedfqk_1000_20,feasible,86.363960272,sedfqk,1000,20,True
compact,1004116.0,0.0845624393842173,oyydwf_1200_20,feasible,3600.0006890296936,oyydwf,1200,20,False
compact,1005691.0,9.943402154934117e-05,cxggbs_400_100,feasible,0.2452418804168701,cxggbs,400,100,True
compact,513540.0,0.0,weicgh_1000_20,feasible,0.010387897491455,weicgh,1000,20,True
mckp,1002494.0,0.0,vnpfdm_400_20,feasible,65.563129695,vnpfdm,400,20,True
mckp,1008921.0,0.0,hhshyk_600_100,feasible,123.337882374,hhshyk,600,100,True
compact,994525.0,0.4387270202310526,jzhtxf_1000_20,feasible,3600.000473022461,jzhtxf,1000,20,False
compact,504675.0,0.0,ndfikk_1000_20,feasible,0.0186829566955566,ndfikk,1000,20,True
compact,502544.0,0.0,lauswa_400_20,feasible,0.0062978267669677,lauswa,400,20,True
compact,992440.0,0.5338335831736225,pnchob_600_20,feasible,3600.0004889965057,pnchob,600,20,False
compact,1008322.0,0.0,uaucax_800_100,feasible,0.2208418846130371,uaucax,800,100,True
compact,992616.0,0.0,frxfab_1200_20,feasible,0.0517690181732177,frxfab,1200,20,True
mckp,1004218.0,0.0,omsxcx_400_100,feasible,123.840533523,omsxcx,400,100,True
mckp,1006035.0,0.0,mvodpr_1200_100,feasible,226.875588844,mvodpr,1200,100,True
mckp,1004756.0,0.0,cekvqr_1000_20,feasible,110.000133929,cekvqr,1000,20,True
mckp,1018297.0,0.0,pwvygn_1200_100,feasible,196.400879454,pwvygn,1200,100,True
mckp,505629.0,0.0,srkckk_1200_20,feasible,48.544994709,srkckk,1200,20,True
mckp,504836.0,0.0,rfcyyk_1200_20,feasible,46.545701856,rfcyyk,1200,20,True
compact,972827.0,0.0,grjjlq_1200_20,feasible,0.271496057510376,grjjlq,1200,20,True
compact,1015347.0,9.848840003624374e-05,uwuogu_1000_100,feasible,111.81708312034608,uwuogu,1000,100,True
compact,1003399.0,9.966115208291808e-05,rsevgt_400_100,feasible,4.098668098449707,rsevgt,400,100,True
compact,1004552.0,8.306783229448939e-05,rhgzeh_800_20,feasible,1.430891036987305,rhgzeh,800,20,True
compact,1006984.0,9.93063451789252e-05,wizmwe_400_100,feasible,0.1014590263366699,wizmwe,400,100,True
mckp,994076.0,0.0,kdgyax_1200_100,feasible,351.33870032,kdgyax,1200,100,True
compact,1001567.0,9.98434454891146e-05,nqegvi_800_20,feasible,1.0554170608520508,nqegvi,800,20,True
compact,1011397.0,9.887304503271708e-05,jvnofh_600_100,feasible,3.449396848678589,jvnofh,600,100,True
mckp,1003101.0,0.0,aqmxxh_1200_100,feasible,307.509435923,aqmxxh,1200,100,True
mckp,1003991.0,0.0,ltbyky_600_20,feasible,74.192996568,ltbyky,600,20,True
mckp,1001256.0,0.0,sipntg_400_20,feasible,73.729804133,sipntg,400,20,True
mckp,1002101.0,0.0,orpbvp_1000_20,feasible,59.317126276,orpbvp,1000,20,True
mckp,1001305.0,0.0,kmvhbx_400_20,feasible,57.853165458,kmvhbx,400,20,True
compact,997610.0,0.4098110005004036,zedepu_1000_20,feasible,3600.000638961792,zedepu,1000,20,False
compact,622582.0,0.0,yokzpv_1200_100,feasible,0.0030980110168457,yokzpv,1200,100,True
compact,1002785.0,8.37800182173509e-05,lgeole_600_20,feasible,0.134484052658081,lgeole,600,20,True
compact,504661.0,0.0,bznmin_800_20,feasible,0.0065488815307617,bznmin,800,20,True
compact,1005109.0,9.949159793455442e-05,rrgzsm_800_100,feasible,0.2650551795959472,rrgzsm,800,100,True
mckp,1000181.0,0.0,lykhoi_600_20,feasible,71.841494809,lykhoi,600,20,True
compact,997422.0,0.4535484278217895,loelvg_1000_20,feasible,3600.000668048858,loelvg,1000,20,False
mckp,1000114.0,0.0,ymzxhs_400_20,feasible,62.100785146,ymzxhs,400,20,True
compact,976386.0,0.0,buqkvt_1000_20,feasible,0.7259120941162109,buqkvt,1000,20,True
mckp,999427.0,0.0,kenrtt_600_20,feasible,70.188519654,kenrtt,600,20,True
mckp,1001484.0,0.0,wiqxak_1200_20,feasible,50.566230359,wiqxak,1200,20,True
compact,1004125.0,0.0,xevmse_1000_20,feasible,0.1193709373474121,xevmse,1000,20,True
compact,1016716.0,9.83557863200871e-05,tnxvco_1200_100,feasible,0.0839879512786865,tnxvco,1200,100,True
mckp,1001479.0,0.0,tgnmjr_1200_20,feasible,56.176370622,tgnmjr,1200,20,True
compact,1001530.0,9.984713404941186e-05,bjwonb_1200_20,feasible,5.360512018203735,bjwonb,1200,20,True
mckp,1001372.0,0.0,gjvfty_1000_20,feasible,54.17650777,gjvfty,1000,20,True
compact,1005732.0,9.94299679934933e-05,gnnnqo_1000_100,feasible,0.3513739109039306,gnnnqo,1000,100,True
compact,1004767.0,9.244276266735068e-05,bfyocq_1200_20,feasible,0.1334288120269775,bfyocq,1200,20,True
mckp,505545.0,0.0,uabtne_1000_20,feasible,49.702215372,uabtne,1000,20,True
mckp,1012249.0,0.0,tutnlx_600_100,feasible,162.96682160999998,tutnlx,600,100,True
mckp,972798.0,0.0,zaqaom_1200_20,feasible,54.062849252,zaqaom,1200,20,True
compact,1014976.0,0.0,kdaofu_1200_100,feasible,0.0684762001037597,kdaofu,1200,100,True
compact,1000114.0,0.116874099723457,ymzxhs_400_20,feasible,3600.000364780426,ymzxhs,400,20,False
mckp,1004260.0,0.0,mtvcut_800_100,feasible,294.344789599,mtvcut,800,100,True
compact,1000559.0,0.0,ehpjjv_400_20,feasible,0.5988209247589111,ehpjjv,400,20,True
compact,504070.0,0.0,scgvet_400_20,feasible,0.0012009143829345,scgvet,400,20,True
compact,977081.0,0.5675423188942643,fzdykq_1000_100,feasible,3600.0005481243134,fzdykq,1000,100,False
mckp,1004994.0,0.0,lpuqde_1200_20,feasible,77.213483748,lpuqde,1200,20,True
mckp,1001684.0,0.0,wwsdwc_1200_20,feasible,106.775154508,wwsdwc,1200,20,True
compact,1006413.0,9.936268772095778e-05,giwtde_400_100,feasible,0.1742911338806152,giwtde,400,100,True
compact,999427.0,0.046490741927367,kenrtt_600_20,feasible,3600.0004200935364,kenrtt,600,20,False
mckp,505386.0,0.0,qxotcc_800_20,feasible,49.280757546,qxotcc,800,20,True
mckp,1004881.0,0.0,ecyuxb_1000_20,feasible,63.411077074000005,ecyuxb,1000,20,True
compact,601738.0,0.0,fzzlbq_600_20,feasible,0.0055840015411376,fzzlbq,600,20,True
mckp,502885.0,0.0,awwpjb_800_20,feasible,39.259318532,awwpjb,800,20,True
mckp,505837.0,0.0,qqgzcu_1200_20,feasible,48.438578175,qqgzcu,1200,20,True
compact,1004513.0,0.0585416768366235,pnshaz_1000_100,feasible,3600.000906944275,pnshaz,1000,100,False
mckp,1003296.0,0.0,ysukwo_1000_20,feasible,49.21592534,ysukwo,1000,20,True
mckp,1011219.0,0.0,dvcijo_1200_100,feasible,321.015379383,dvcijo,1200,100,True
compact,1008022.0,9.920408562106222e-05,iihrog_600_100,feasible,0.1064569950103759,iihrog,600,100,True
compact,1010521.0,9.895875596968697e-05,rsxgfd_400_100,feasible,0.0572631359100341,rsxgfd,400,100,True
compact,1004293.0,0.0,moaute_400_20,feasible,0.1194269657135009,moaute,400,20,True
compact,505222.0,0.0,ocokoa_600_20,feasible,0.0042998790740966,ocokoa,600,20,True
mckp,1004988.0,0.0,zdrzdq_1000_20,feasible,85.20764858300001,zdrzdq,1000,20,True
compact,515740.0,0.0,itrpiw_1200_20,feasible,0.0070879459381103,itrpiw,1200,20,True
mckp,1018978.0,0.0,oojbow_1200_100,feasible,230.377754869,oojbow,1200,100,True
compact,1000635.0,0.0,ijfgfx_1000_100,feasible,0.0034751892089843,ijfgfx,1000,100,True
compact,1003146.0,7.946208304491828e-05,qnqvtz_1000_20,feasible,0.1213941574096679,qnqvtz,1000,20,True
compact,1004422.0,9.95596476783188e-05,vrzlrc_600_100,feasible,0.0821001529693603,vrzlrc,600,100,True
compact,1001566.0,9.984354516472688e-05,amitns_800_20,feasible,0.5899651050567627,amitns,800,20,True
mckp,972596.0,0.0,rwixxx_800_20,feasible,51.398145739,rwixxx,800,20,True
compact,1003021.0,6.30967023571234e-05,lafbqn_600_20,feasible,0.3449959754943847,lafbqn,600,20,True
compact,1005736.0,9.942957254232468e-05,dkjzrz_1000_100,feasible,0.3474810123443603,dkjzrz,1000,100,True
mckp,1010517.0,0.0,fojior_1000_100,feasible,250.590128544,fojior,1000,100,True
mckp,1014838.0,0.0,jlpwvo_1200_100,feasible,357.8502005,jlpwvo,1200,100,True
mckp,1001615.0,0.0,yssvvv_1000_20,feasible,90.768066171,yssvvv,1000,20,True
mckp,513763.0,0.0,nhfszv_800_20,feasible,42.07170523,nhfszv,800,20,True
compact,999315.0,9.997337827524174e-05,annrpe_400_20,feasible,2457.074445962906,annrpe,400,20,True
mckp,1012702.0,0.0,ecogaf_1200_100,feasible,209.05471927,ecogaf,1200,100,True
compact,1007202.0,9.92848512166862e-05,ccdfcj_400_100,feasible,0.0562970638275146,ccdfcj,400,100,True
compact,1003190.0,9.968191500920562e-05,fodlgb_1000_20,feasible,2.3755288124084477,fodlgb,1000,20,True
compact,504310.0,0.0,nbntmp_400_20,feasible,0.0109989643096923,nbntmp,400,20,True
mckp,502834.0,0.0,ubvrpw_1000_20,feasible,42.591261008,ubvrpw,1000,20,True
mckp,1017189.0,0.0,aqkxpe_1200_100,feasible,292.210188171,aqkxpe,1200,100,True
mckp,1010458.0,0.0,zxbagu_1000_100,feasible,210.557418309,zxbagu,1000,100,True
compact,1016867.0,9.83411809595739e-05,cotshr_1000_100,feasible,14.041730880737305,cotshr,1000,100,True
compact,1001563.0,9.130016171710468e-05,hiydvf_1000_20,feasible,0.1257441043853759,hiydvf,1000,20,True
compact,1001269.0,8.941191156736726e-05,kbjpjw_400_20,feasible,0.1171350479125976,kbjpjw,400,20,True
compact,1001462.0,9.99990124292514e-05,rdmsfv_800_20,feasible,1582.4152569770813,rdmsfv,800,20,True
compact,1005573.0,9.944568972547024e-05,rbuxwv_800_100,feasible,0.1968328952789306,rbuxwv,800,100,True
compact,1004174.0,8.718449523556234e-05,yhnwdc_600_20,feasible,0.1212120056152343,yhnwdc,600,20,True
compact,1004508.0,9.955112398196532e-05,tlpwcc_600_100,feasible,0.2095129489898681,tlpwcc,600,100,True
mckp,974354.0,0.0,seudzy_400_20,feasible,70.75604234800001,seudzy,400,20,True
compact,1003416.0,0.0,qiwpvc_800_100,feasible,0.0773448944091796,qiwpvc,800,100,True
mckp,1004774.0,0.0,rygjnt_800_20,feasible,68.612745102,rygjnt,800,20,True
mckp,972711.0,0.0,dqmpiz_600_20,feasible,69.147226239,dqmpiz,600,20,True
compact,512712.0,0.0,lcqutj_600_20,feasible,0.0014770030975341,lcqutj,600,20,True
compact,974300.0,0.0,tgkamg_400_20,feasible,0.2984619140625,tgkamg,400,20,True
mckp,976545.0,0.0,ziqpmk_1200_20,feasible,48.764089449,ziqpmk,1200,20,True
compact,972760.0,0.0,amfafq_1000_20,feasible,1.4799590110778809,amfafq,1000,20,True
mckp,1003155.0,0.0,buhtze_1200_20,feasible,51.102571352,buhtze,1200,20,True
mckp,511820.0,0.0,jjytjl_1000_20,feasible,47.988416375,jjytjl,1000,20,True
mckp,1002991.0,0.0,nybosv_800_100,feasible,287.080475993,nybosv,800,100,True
compact,604420.0,0.0,ksrtzj_800_20,feasible,0.0018839836120605,ksrtzj,800,20,True
mckp,502390.0,0.0,dtraps_400_20,feasible,57.090156552,dtraps,400,20,True
compact,1013290.0,0.0,tozqlo_600_100,feasible,0.0354430675506591,tozqlo,600,100,True
compact,995523.0,0.547726825838863,hlnxdp_600_20,feasible,3600.00057387352,hlnxdp,600,20,False
compact,515825.0,0.0,rokpsk_1200_100,feasible,0.002903938293457,rokpsk,1200,100,True
mckp,983304.0,0.0,fyerjz_800_100,feasible,286.125282004,fyerjz,800,100,True
mckp,601784.0,0.0,xlmsrh_800_20,feasible,43.912769212,xlmsrh,800,20,True
compact,990676.0,0.4658718689379501,rzyowr_800_20,feasible,3600.000496864319,rzyowr,800,20,False
compact,1004654.0,9.953665686230597e-05,xmxwsw_600_100,feasible,0.6411118507385254,xmxwsw,600,100,True
mckp,1015721.0,0.0,grivfy_800_100,feasible,122.074067052,grivfy,800,100,True
mckp,1003853.0,0.0,fzfiuc_400_100,feasible,85.28887542300001,fzfiuc,400,100,True
compact,1005013.0,0.0,tlimrt_1000_20,feasible,0.0872550010681152,tlimrt,1000,20,True
mckp,1015137.0,0.0,gwacex_800_100,feasible,199.016639678,gwacex,800,100,True
mckp,1001792.0,0.0,juefxx_400_20,feasible,67.468836309,juefxx,400,20,True
mckp,974514.0,0.0,zslrou_800_20,feasible,49.806376969,zslrou,800,20,True
compact,1006031.0,9.940041668654676e-05,xlvdaa_1200_100,feasible,0.0706140995025634,xlvdaa,1200,100,True
compact,1015343.0,9.848878803636992e-05,gabwlj_800_100,feasible,0.0633859634399414,gabwlj,800,100,True
mckp,1002446.0,0.0,wgsute_400_20,feasible,69.144642549,wgsute,400,20,True
mckp,1003918.0,0.0,ncpgay_1000_20,feasible,65.12234969800001,ncpgay,1000,20,True
mckp,999209.0,0.0,uqhahl_400_20,feasible,72.202849627,uqhahl,400,20,True
mckp,501905.0,0.0,kxtldn_1200_20,feasible,51.663383785,kxtldn,1200,20,True
mckp,1011303.0,0.0,jkrwgj_1200_100,feasible,285.190771934,jkrwgj,1200,100,True
mckp,997047.0,0.0,ltainj_600_20,feasible,75.33345329000001,ltainj,600,20,True
compact,995683.0,0.5678314316060978,aqxycd_1200_20,feasible,3600.000669002533,aqxycd,1200,20,False
compact,1014838.0,9.853779762110048e-05,jlpwvo_1200_100,feasible,1.6584010124206543,jlpwvo,1200,100,True
compact,501777.0,0.0,bgomcl_600_20,feasible,0.0116560459136962,bgomcl,600,20,True
compact,1005120.0,9.949050910288412e-05,mwhfbu_600_100,feasible,0.2303149700164795,mwhfbu,600,100,True
compact,1004557.0,9.954626810995482e-05,pfrawo_600_20,feasible,0.1010420322418212,pfrawo,600,20,True
compact,1002686.0,0.0,ekcgev_1000_100,feasible,0.0514671802520751,ekcgev,1000,100,True
compact,974543.0,0.0,wyrbfh_800_20,feasible,0.7873151302337646,wyrbfh,800,20,True
mckp,1003094.0,0.0,mvrkvc_1200_100,feasible,305.453783017,mvrkvc,1200,100,True
mckp,1004759.0,0.0,gdllad_1200_20,feasible,51.411495343,gdllad,1200,20,True
mckp,988438.0,0.0,bdxfdb_1200_100,feasible,311.560990554,bdxfdb,1200,100,True
mckp,1004428.0,0.0,sszvbn_800_20,feasible,79.80087519599999,sszvbn,800,20,True
compact,1001419.0,9.985820135407722e-05,lzabsa_600_20,feasible,0.7823121547698975,lzabsa,600,20,True
compact,990668.0,8.225836029714729e-14,uowrvl_1000_20,feasible,2.072132110595703,uowrvl,1000,20,True
compact,1001980.0,0.1262821217075402,acmxmj_1200_20,feasible,3600.000631093979,acmxmj,1200,20,False
compact,970864.0,1.2558924672224474,rziykm_1000_20,feasible,3600.0006518363957,rziykm,1000,20,False
compact,1004627.0,0.0,kjsttv_600_20,feasible,0.0420348644256591,kjsttv,600,20,True
compact,1004581.0,9.954388989649428e-05,laiprb_800_20,feasible,0.1018788814544677,laiprb,800,20,True
mckp,504834.0,0.0,vmglpd_1200_20,feasible,50.026993956000005,vmglpd,1200,20,True
compact,1004452.0,5.8981941187467206e-05,jwbldm_600_20,feasible,0.1676859855651855,jwbldm,600,20,True
compact,1018488.0,9.818466375189128e-05,sigxug_1200_100,feasible,5.721307992935181,sigxug,1200,100,True
compact,515670.0,0.0,kezugh_1000_20,feasible,0.0064120292663574,kezugh,1000,20,True
compact,1004038.0,0.0612185068447691,jjdpbt_1000_20,feasible,3600.000592947006,jjdpbt,1000,20,False
mckp,1001667.0,0.0,extfyz_1200_20,feasible,75.29400198600001,extfyz,1200,20,True
compact,985591.0,1.990698486120356,ozorob_800_100,feasible,3600.000519990921,ozorob,800,100,False
compact,1002069.0,0.0763555014440031,vbvoba_600_20,feasible,3600.000529050827,vbvoba,600,20,False
compact,1005057.0,9.949674546145596e-05,nayrmk_1200_20,feasible,0.2097561359405517,nayrmk,1200,20,True
compact,1004903.0,9.95119931854187e-05,awxcly_1000_20,feasible,4.6454291343688965,awxcly,1000,20,True
mckp,979496.0,0.0,kurlct_1000_100,feasible,334.001594805,kurlct,1000,100,True
compact,972647.144500412,0.0,rqlbvs_800_20,feasible,0.3581140041351318,rqlbvs,800,20,True
compact,1004680.0,0.0,fhpoyc_600_20,feasible,0.0214860439300537,fhpoyc,600,20,True
compact,504957.0,0.0,dhueyo_600_20,feasible,0.0067400932312011,dhueyo,600,20,True
compact,976545.0,0.0,ziqpmk_1200_20,feasible,0.5036630630493164,ziqpmk,1200,20,True
mckp,1006366.0,0.0,dwvmzm_1200_100,feasible,232.487459163,dwvmzm,1200,100,True
mckp,1003702.0,0.0,trtzel_400_100,feasible,74.944214723,trtzel,400,100,True
compact,601756.0,0.0,jhzljs_1200_20,feasible,0.0162138938903808,jhzljs,1200,20,True
mckp,1003060.0,0.0,ajveqv_1000_20,feasible,53.288930075,ajveqv,1000,20,True
mckp,974202.0,0.0,cemezg_600_20,feasible,72.046407401,cemezg,600,20,True
compact,1005230.0,0.0250604061285782,mbdyyp_1200_100,feasible,3600.0007829666138,mbdyyp,1200,100,False
mckp,1000209.0,0.0,dzpxxv_1200_20,feasible,57.134872233,dzpxxv,1200,20,True
mckp,1012121.0,0.0,hqgwhz_1200_100,feasible,189.424200558,hqgwhz,1200,100,True
compact,503443.0,0.0,owyibx_1000_20,feasible,0.0062470436096191,owyibx,1000,20,True
compact,1005215.0,0.0239087658415536,jjhnut_1200_100,feasible,3600.0008862018585,jjhnut,1200,100,False
mckp,997466.0,0.0,sujgtl_600_20,feasible,70.692419105,sujgtl,600,20,True
mckp,1012078.0,0.0,erxskg_1200_100,feasible,219.290377267,erxskg,1200,100,True
mckp,1001397.0,0.0,byjezr_1000_20,feasible,48.315285365,byjezr,1000,20,True
compact,1002833.0,9.97174008858894e-05,nizwoy_600_20,feasible,2.034677028656006,nizwoy,600,20,True
mckp,514777.0,0.0,yuvszs_1000_20,feasible,39.61194462,yuvszs,1000,20,True
mckp,502630.0,0.0,jdmhoy_1200_20,feasible,42.397515345,jdmhoy,1200,20,True
mckp,994558.0,0.0,emgovv_1200_20,feasible,54.127706071000006,emgovv,1200,20,True
compact,1013304.0,9.868696986593376e-05,uofnll_600_100,feasible,1553.124205827713,uofnll,600,100,True
compact,1005740.0,9.94291770943016e-05,gtcwif_1000_100,feasible,0.6500909328460693,gtcwif,1000,100,True
mckp,1010350.0,0.0,orfxoi_800_100,feasible,166.30976851900002,orfxoi,800,100,True
compact,1001448.0,9.9855309656308e-05,rcmpke_600_20,feasible,0.5835740566253662,rcmpke,600,20,True
mckp,1003905.0,0.0,zfvbvm_1200_20,feasible,66.057095684,zfvbvm,1200,20,True
mckp,1006306.0,0.0,jekara_1000_100,feasible,188.319760377,jekara,1000,100,True
mckp,1004727.0,0.0,vmmlaw_1000_20,feasible,52.387172408000005,vmmlaw,1000,20,True
mckp,1007336.0,0.0,sqfzly_400_100,feasible,83.03963694900001,sqfzly,400,100,True
mckp,1001466.0,0.0,uqrhsb_600_20,feasible,63.324412011,uqrhsb,600,20,True
mckp,1004604.0,0.0,hcujgk_1000_20,feasible,56.695335523,hcujgk,1000,20,True
compact,1015506.0,9.847297950678824e-05,wgtvup_800_100,feasible,0.0197498798370361,wgtvup,800,100,True
compact,511832.0,0.0,cpqebk_800_20,feasible,0.013981819152832,cpqebk,800,20,True
compact,1003056.0,7.900410673271523e-05,pnqxoy_400_20,feasible,0.2203171253204345,pnqxoy,400,20,True
mckp,1014088.0,0.0,tzaswy_600_100,feasible,105.397241122,tzaswy,600,100,True
mckp,605568.0,0.0,luydnu_1000_20,feasible,42.569682399,luydnu,1000,20,True
mckp,1005545.0,0.0,kjtcxl_1000_100,feasible,209.825376423,kjtcxl,1000,100,True
compact,1005953.0,0.0048895262464141,dpxoae_1200_100,feasible,3600.0007638931274,dpxoae,1200,100,False
compact,511935.0,0.0,xoumie_1200_20,feasible,0.0072629451751708,xoumie,1200,20,True
mckp,501787.0,0.0,gabrtk_1200_20,feasible,46.106595926,gabrtk,1200,20,True
compact,1011441.0,9.886874383306212e-05,ilabym_1000_100,feasible,22.91150593757629,ilabym,1000,100,True
compact,1013706.0,9.86478341374776e-05,avrbrm_600_100,feasible,0.1157047748565673,avrbrm,600,100,True
compact,1005231.0,9.94795231349579e-05,silrvd_800_100,feasible,0.466217041015625,silrvd,800,100,True
compact,1016664.0,9.836081698494588e-05,gwhcvp_1000_100,feasible,0.0879700183868408,gwhcvp,1000,100,True
compact,1013092.0,9.87076211167188e-05,hscbyv_1200_100,feasible,0.1176941394805908,hscbyv,1200,100,True
compact,1006477.0,9.93563694387756e-05,mtgroe_400_100,feasible,1.4104509353637695,mtgroe,400,100,True
mckp,505338.0,0.0,ughnxx_600_20,feasible,65.71132022699999,ughnxx,600,20,True
compact,1001344.0,0.0444462916652337,siqiie_800_20,feasible,3600.000535964966,siqiie,800,20,False
compact,1003877.0,9.96136980788502e-05,ovuwtu_600_100,feasible,1.3667900562286377,ovuwtu,600,100,True
mckp,985723.0,0.0,ejoylq_1200_100,feasible,341.72072278900004,ejoylq,1200,100,True
mckp,1008021.0,0.0,scxckb_1200_100,feasible,316.990697155,scxckb,1200,100,True
compact,992276.0,1.885013529429555,dneule_1200_100,feasible,3600.000960826874,dneule,1200,100,False
mckp,605103.0,0.0,vfbwop_400_20,feasible,63.980571116,vfbwop,400,20,True
mckp,513537.0,0.0,unywut_800_100,feasible,360.010950694,unywut,800,100,True
mckp,1001212.0,0.0,eldais_1200_20,feasible,53.39154063,eldais,1200,20,True
compact,603451.0,0.0,mdazyp_400_20,feasible,0.0119328498840332,mdazyp,400,20,True
mckp,503040.0,0.0,tnohvb_600_20,feasible,68.974612069,tnohvb,600,20,True
mckp,1001255.0,0.0,qdevdk_800_20,feasible,43.499696808,qdevdk,800,20,True
compact,1003167.0,9.968420036012696e-05,vnjhxp_1000_20,feasible,38.45363903045654,vnjhxp,1000,20,True
mckp,995523.0,0.0,hlnxdp_600_20,feasible,72.864644167,hlnxdp,600,20,True
compact,504830.0,0.0,tofkgp_1000_20,feasible,0.0064270496368408,tofkgp,1000,20,True
mckp,1009164.0,0.0,nnbzas_800_100,feasible,226.577605124,nnbzas,800,100,True
compact,1001410.0,0.2133920141806226,hmpaua_1200_100,feasible,3600.000642061233,hmpaua,1200,100,False
mckp,504621.0,0.0,wcjzcr_600_20,feasible,74.387561499,wcjzcr,600,20,True
compact,1003179.0,9.845559068325794e-05,cwpekq_1200_20,feasible,0.6879739761352539,cwpekq,1200,20,True
compact,1001365.0,9.986358634105812e-05,azrjbf_600_20,feasible,0.7285230159759521,azrjbf,600,20,True
compact,604637.0,0.0,utwhwn_600_20,feasible,0.0016582012176513,utwhwn,600,20,True
mckp,1004175.0,0.0,xjqhdq_800_100,feasible,225.191831533,xjqhdq,800,100,True
mckp,994351.0,0.0,tlmxvl_800_20,feasible,49.22625585,tlmxvl,800,20,True
mckp,1006253.0,0.0,wdsert_1200_100,feasible,208.285076825,wdsert,1200,100,True
mckp,1008597.0,0.0,huslxz_400_100,feasible,110.808659774,huslxz,400,100,True
compact,1009784.0,9.903098184266948e-05,ktlveu_800_100,feasible,0.0707719326019287,ktlveu,800,100,True
mckp,1009016.0,0.0,qztaos_600_100,feasible,133.217046384,qztaos,600,100,True
mckp,1003577.0,0.0,hojopw_400_20,feasible,66.36273789900001,hojopw,400,20,True
compact,1002828.0,9.932259775084612e-05,kjmjyu_1200_20,feasible,2.95957088470459,kjmjyu,1200,20,True
compact,998895.0,0.3185154337750203,lhttzp_400_20,feasible,3600.000791072845,lhttzp,400,20,False
mckp,972473.0,0.0,hjizoi_400_20,feasible,64.751746534,hjizoi,400,20,True
mckp,1003596.0,0.0,juooic_400_100,feasible,87.475555308,juooic,400,100,True
mckp,1015224.0,0.0,nkkjzs_1000_100,feasible,248.015276289,nkkjzs,1000,100,True
mckp,972574.0,0.0,audmsk_400_20,feasible,70.49502021400001,audmsk,400,20,True
compact,972633.0,1.6938684451702632,czfqvx_800_20,feasible,3600.00044298172,czfqvx,800,20,False
mckp,1002676.0,0.0,hmvyfx_800_20,feasible,47.820234189,hmvyfx,800,20,True
mckp,975743.0,0.0,mcxywx_600_100,feasible,251.721215837,mcxywx,600,100,True
compact,1003323.0,9.966870122548495e-05,jxdrtt_1200_20,feasible,0.6326971054077148,jxdrtt,1200,20,True
mckp,972619.0,0.0,mgayqw_800_20,feasible,50.884564869,mgayqw,800,20,True
compact,505097.0,0.0,ctvxpx_400_20,feasible,0.0144679546356201,ctvxpx,400,20,True
mckp,1004610.0,0.0,cnqoqw_800_20,feasible,66.50654542800001,cnqoqw,800,20,True
mckp,1003169.0,0.0,tdubbm_600_20,feasible,66.660808275,tdubbm,600,20,True
compact,1004446.0,0.0,ouolig_600_20,feasible,0.0812890529632568,ouolig,600,20,True
compact,1003152.0,9.715181420109502e-05,leyexj_1200_20,feasible,0.430081844329834,leyexj,1200,20,True
mckp,1009022.0,0.0,efyztp_600_100,feasible,130.9026058,efyztp,600,100,True
mckp,1006460.0,0.0,oqkhys_1000_100,feasible,330.296452869,oqkhys,1000,100,True
compact,1004428.0,8.016569874414114e-05,sszvbn_800_20,feasible,0.2218761444091797,sszvbn,800,20,True
compact,1001447.0,9.994767577135083e-05,ppwbin_800_20,feasible,92.5317449569702,ppwbin,800,20,True
compact,976397.0,0.0,fchwfc_800_20,feasible,0.1897089481353759,fchwfc,800,20,True
compact,1001648.0,9.983537147244194e-05,ggdkgq_1200_20,feasible,1.6795289516448977,ggdkgq,1200,20,True
compact,982501.0,0.0,gozmth_1200_100,feasible,0.1059141159057617,gozmth,1200,100,True
mckp,988409.0,0.0,zyaeyr_1200_100,feasible,366.515555191,zyaeyr,1200,100,True
mckp,974308.0,0.0,uhvmuz_400_20,feasible,69.92706486,uhvmuz,400,20,True
mckp,1004096.0,0.0,mzlqfj_800_20,feasible,50.986199859,mzlqfj,800,20,True
compact,1006304.0,0.0,orhktu_1000_100,feasible,0.030236005783081,orhktu,1000,100,True
mckp,605626.0,0.0,gyjfit_800_20,feasible,44.063338117,gyjfit,800,20,True
mckp,1008660.0,0.0,udzsky_400_100,feasible,74.490558421,udzsky,400,100,True
mckp,1001980.0,0.0,acmxmj_1200_20,feasible,71.590914307,acmxmj,1200,20,True
mckp,988460.0,0.0,gbomsg_800_100,feasible,296.77604203,gbomsg,800,100,True
compact,1017496.0,9.828038805028418e-05,bmtxfk_1200_100,feasible,0.2990140914916992,bmtxfk,1200,100,True
compact,1003246.0,8.146158728916978e-05,sedfqk_1000_20,feasible,0.5121889114379883,sedfqk,1000,20,True
mckp,1001626.0,0.0,wphxcp_1000_20,feasible,49.344798497,wphxcp,1000,20,True
compact,999458.0,9.916574200603404e-05,qzqpzu_1200_20,feasible,213.7467110157013,qzqpzu,1200,20,True
compact,1010847.0,8.162495436587472e-05,olijqd_1200_100,feasible,0.3885729312896728,olijqd,1200,100,True
mckp,1010346.0,0.0,mxniud_400_100,feasible,75.22351089,mxniud,400,100,True
mckp,1004674.0,0.0,aaslsh_1200_20,feasible,51.156619676,aaslsh,1200,20,True
mckp,1002959.0,0.0,zebmyu_600_20,feasible,80.961925443,zebmyu,600,20,True
compact,990537.0,0.5980863153866891,utaapt_400_20,feasible,3600.000510931015,utaapt,400,20,False
mckp,1004241.0,0.0,zxtvbh_600_20,feasible,101.722972005,zxtvbh,600,20,True
compact,1005163.0,9.94862529895619e-05,excuvj_800_100,feasible,0.3122189044952392,excuvj,800,100,True
compact,1000148.0,0.1221454037591165,kecvki_400_20,feasible,3600.000331878662,kecvki,400,20,False
compact,1003702.0,9.96310661620021e-05,trtzel_400_100,feasible,0.2290661334991455,trtzel,400,100,True
compact,503656.0,0.0,qmewzq_800_20,feasible,0.0172181129455566,qmewzq,800,20,True
compact,992519.0,0.0,qoendi_600_20,feasible,0.2753410339355469,qoendi,600,20,True
compact,1001554.0,9.835798112558706e-05,fhkldu_1200_20,feasible,4.581648111343384,fhkldu,1200,20,True
mckp,1011251.0,0.0,ipfqow_1000_100,feasible,239.982238805,ipfqow,1000,100,True
compact,999428.0,0.0586201465864507,qqecar_800_20,feasible,3600.000566959381,qqecar,800,20,False
compact,523023.0,0.0,bzijlt_1200_100,feasible,0.0030369758605957,bzijlt,1200,100,True
mckp,970851.0,0.0,guyjtw_1200_20,feasible,52.685250634,guyjtw,1200,20,True
mckp,972647.0,0.0,rqlbvs_800_20,feasible,46.562875403,rqlbvs,800,20,True
mckp,1004481.0,0.0,ekymjr_800_20,feasible,38.68197793,ekymjr,800,20,True
mckp,501688.0,0.0,oimtwv_1000_20,feasible,40.504536619,oimtwv,1000,20,True
mckp,1004546.0,0.0,pozjdm_600_20,feasible,88.734112306,pozjdm,600,20,True
compact,992606.0,1.6024449552970892,ossidc_800_100,feasible,3600.000557899475,ossidc,800,100,False
compact,506061.0,0.0,rxcvsq_1000_20,feasible,0.0227601528167724,rxcvsq,1000,20,True
mckp,1003219.0,0.0,iffmxb_1200_20,feasible,112.98068173,iffmxb,1200,20,True
mckp,1008141.0,0.0,phjbpe_600_100,feasible,144.709059601,phjbpe,600,100,True
mckp,505618.0,0.0,hbnmdm_800_20,feasible,47.227572214,hbnmdm,800,20,True
mckp,513184.0,0.0,ueyeyl_800_20,feasible,41.678389487,ueyeyl,800,20,True
mckp,1001400.0,0.0,npjcdt_600_20,feasible,66.317030808,npjcdt,600,20,True
mckp,1003952.0,0.0,lnittc_400_20,feasible,67.36557540599999,lnittc,400,20,True
mckp,605450.0,0.0,ixgwuh_600_20,feasible,71.930721515,ixgwuh,600,20,True
mckp,1011008.0,0.0,flxecx_400_100,feasible,99.616646334,flxecx,400,100,True
compact,603538.0,0.0,qekslj_600_20,feasible,0.0140199661254882,qekslj,600,20,True
compact,1016179.0,9.840776240429843e-05,cnfjle_1200_100,feasible,2269.85094499588,cnfjle,1200,100,True
compact,994323.0,0.0,hbales_400_20,feasible,0.2616589069366455,hbales,400,20,True
mckp,1005038.0,0.0,ifwqek_1200_20,feasible,66.986668489,ifwqek,1200,20,True
mckp,511890.0,0.0,bwxdyh_1200_20,feasible,45.248768755,bwxdyh,1200,20,True
mckp,1002674.0,0.0,axmcvt_400_100,feasible,153.090196708,axmcvt,400,100,True
compact,1003101.0,9.969075926476073e-05,aqmxxh_1200_100,feasible,0.0759148597717285,aqmxxh,1200,100,True
mckp,1000003.0,0.0,eqfzvl_1000_20,feasible,49.469895654000005,eqfzvl,1000,20,True
mckp,972813.0,0.0,ixkfhq_1200_20,feasible,49.024086501,ixkfhq,1200,20,True
compact,603631.0,0.0,qpoqxk_1200_20,feasible,0.0073540210723876,qpoqxk,1200,20,True
compact,984881.0,0.0,zoxfep_1200_100,feasible,0.3831648826599121,zoxfep,1200,100,True
mckp,502582.0,0.0,qftotp_800_20,feasible,42.899671148,qftotp,800,20,True
mckp,1005593.0,0.0,simgrq_1200_100,feasible,262.087693388,simgrq,1200,100,True
mckp,1004452.0,0.0,jwbldm_600_20,feasible,93.086855341,jwbldm,600,20,True
mckp,1004016.0,0.0,jehymr_600_20,feasible,67.757892201,jehymr,600,20,True
compact,1003596.0,9.964158920363452e-05,juooic_400_100,feasible,0.040781021118164,juooic,400,100,True
compact,1003176.0,9.72780812426987e-05,whesxa_1000_20,feasible,0.6486401557922363,whesxa,1000,20,True
compact,1017373.0,9.829227009929485e-05,igjmuv_1200_100,feasible,0.0843989849090576,igjmuv,1200,100,True
mckp,1004029.0,0.0,jcfisd_600_100,feasible,163.444247268,jcfisd,600,100,True
compact,1004533.0,9.95486464370544e-05,jemqot_1200_100,feasible,0.8846800327301025,jemqot,1200,100,True
compact,1003337.0,9.96673105174926e-05,puvfyx_400_100,feasible,0.2813339233398437,puvfyx,400,100,True
compact,501688.0,0.0,oimtwv_1000_20,feasible,0.0122120380401611,oimtwv,1000,20,True
mckp,1013863.0,0.0,wfgobr_800_100,feasible,251.898981122,wfgobr,800,100,True
mckp,1016923.0,0.0,dowjju_800_100,feasible,150.706204123,dowjju,800,100,True
compact,1011890.0,9.882487343004337e-05,mgjchu_1000_100,feasible,0.178624153137207,mgjchu,1000,100,True
mckp,514805.0,0.0,sywxop_600_20,feasible,65.31855107999999,sywxop,600,20,True
compact,1004414.0,0.0,kmfdgc_800_20,feasible,0.1308751106262207,kmfdgc,800,20,True
mckp,1002828.0,0.0,kjmjyu_1200_20,feasible,53.71341587,kjmjyu,1200,20,True
mckp,1004560.0,0.0,satqwk_600_100,feasible,98.572262834,satqwk,600,100,True
compact,970679.0,1.7866465555486175,fmcyun_800_20,feasible,3600.000602006912,fmcyun,800,20,False
compact,1003164.0,9.96844985620511e-05,rijzre_800_20,feasible,0.3360378742218017,rijzre,800,20,True
mckp,1001179.0,0.0,egtfjg_600_20,feasible,68.826326916,egtfjg,600,20,True
mckp,1001542.0,0.0,xezcxn_400_20,feasible,76.436586232,xezcxn,400,20,True
compact,1012497.0,9.876562719136236e-05,ydccjj_600_100,feasible,0.0477869510650634,ydccjj,600,100,True
compact,505588.0,0.0,syxsqp_1200_20,feasible,0.0068020820617675,syxsqp,1200,20,True
mckp,1004804.0,0.0,bwbuqu_1200_20,feasible,56.770558433,bwbuqu,1200,20,True
mckp,501941.0,0.0,wxgmnz_1200_20,feasible,44.237581188,wxgmnz,1200,20,True
mckp,1004638.0,0.0,hzrdjc_600_20,feasible,73.779120313,hzrdjc,600,20,True
compact,1001694.0,9.983078681634629e-05,qqsvde_1200_20,feasible,0.3673651218414306,qqsvde,1200,20,True
compact,1008811.0,9.91264973057418e-05,tloqog_800_100,feasible,0.326617956161499,tloqog,800,100,True
mckp,972738.0,0.0,dnermr_800_20,feasible,44.300619037,dnermr,800,20,True
mckp,980464.0,0.0,ywpoyn_600_100,feasible,259.545690266,ywpoyn,600,100,True
mckp,503843.0,0.0,rtuwls_1000_20,feasible,56.192557159,rtuwls,1000,20,True
mckp,1004571.0,0.0,clfoxa_800_20,feasible,51.217618201,clfoxa,800,20,True
compact,1001660.0,9.983417543460312e-05,tbfosj_1200_20,feasible,0.1842069625854492,tbfosj,1200,20,True
mckp,990245.0,0.0,utasuk_1000_100,feasible,303.38175122900003,utasuk,1000,100,True
mckp,1002739.0,0.0,konoce_600_20,feasible,77.555949831,konoce,600,20,True
compact,1012061.0,9.880817578369704e-05,ckjnnj_1000_100,feasible,0.0502500534057617,ckjnnj,1000,100,True
compact,1001080.0,9.989201672991496e-05,hamrak_400_20,feasible,320.0282390117645,hamrak,400,20,True
compact,601889.0,0.0,nzmmdt_1000_20,feasible,0.0229649543762207,nzmmdt,1000,20,True
mckp,1002078.0,0.0,xwhlar_800_20,feasible,45.068796131,xwhlar,800,20,True
mckp,501879.0,0.0,ichbmm_1200_20,feasible,48.575641629,ichbmm,1200,20,True
compact,1001557.0,9.757176495910176e-05,kgebcq_600_20,feasible,0.5244779586791992,kgebcq,600,20,True
mckp,505701.0,0.0,wszqcz_1200_20,feasible,47.22096933900001,wszqcz,1200,20,True
compact,1001563.0,9.9843844227628e-05,nyuwkp_600_20,feasible,0.2245450019836425,nyuwkp,600,20,True
compact,1002674.0,1.1288219902925795e-05,jkkfyz_600_20,feasible,0.0641801357269287,jkkfyz,600,20,True
compact,1004379.0,0.0,twvamj_600_20,feasible,0.0539932250976562,twvamj,600,20,True
mckp,1001623.0,0.0,cmlceu_800_20,feasible,68.94420736699999,cmlceu,800,20,True
mckp,1003862.0,0.0,gqpgjc_600_100,feasible,177.832923289,gqpgjc,600,100,True
mckp,1004909.0,0.0,jdiiqj_1200_20,feasible,133.940833467,jdiiqj,1200,20,True
mckp,603451.0,0.0,mdazyp_400_20,feasible,68.826498453,mdazyp,400,20,True
compact,1003331.0,9.966790653542396e-05,fardhp_1200_20,feasible,0.0824220180511474,fardhp,1200,20,True
mckp,1003974.0,0.0,suhdur_400_20,feasible,73.72316511800001,suhdur,400,20,True
compact,1014737.0,0.0,sqplep_600_100,feasible,0.0473577976226806,sqplep,600,100,True
compact,1004251.0,7.339228358076891e-05,ngxkda_400_20,feasible,0.6160681247711182,ngxkda,400,20,True
compact,1009680.0,0.0,ftkvtc_1200_100,feasible,0.0448071956634521,ftkvtc,1200,100,True
compact,1011602.0,0.0,dbucyr_1000_100,feasible,0.4121990203857422,dbucyr,1000,100,True
compact,974531.0,0.0,dfyyal_600_20,feasible,0.271697998046875,dfyyal,600,20,True
compact,1002353.0,9.999937308684546e-05,zsamez_400_20,feasible,1753.600429058075,zsamez,400,20,True
compact,1008292.0,0.0028059443758428,yguthi_600_100,feasible,3600.00052690506,yguthi,600,100,False
compact,976210.0,0.0,rxhlpx_600_20,feasible,0.2133100032806396,rxhlpx,600,20,True
mckp,1002957.0,0.0,tnojls_600_20,feasible,99.933157028,tnojls,600,20,True
mckp,1003169.0,0.0,cvgzri_1200_20,feasible,85.493230276,cvgzri,1200,20,True
mckp,997555.0,0.0,reyjmx_1200_20,feasible,50.254158569000005,reyjmx,1200,20,True
compact,970712.0,5.150855687100097e-05,vcunin_1000_20,feasible,1.885922908782959,vcunin,1000,20,True
mckp,1003174.0,0.0,xodbuc_1200_20,feasible,65.751666398,xodbuc,1200,20,True
compact,1008864.0,3.752558962260816e-05,bsazwz_1200_100,feasible,0.7289931774139404,bsazwz,1200,100,True
mckp,1003294.0,0.0,agckmy_1200_20,feasible,61.596730572,agckmy,1200,20,True
compact,513537.0,0.0,unywut_800_100,feasible,0.0018539428710937,unywut,800,100,True
mckp,1005618.0,0.0,dxoikp_1000_100,feasible,253.972699941,dxoikp,1000,100,True
compact,1003468.0,0.0,dyvayl_600_100,feasible,2.101533889770508,dyvayl,600,100,True
compact,1001405.0,0.026470933615463,wfvjax_1200_20,feasible,3600.0007128715515,wfvjax,1200,20,False
mckp,1006413.0,0.0,giwtde_400_100,feasible,60.414651243,giwtde,400,100,True
compact,1003492.0,9.965191585790832e-05,jqdchg_400_100,feasible,0.2100939750671386,jqdchg,400,100,True
mckp,1010698.0,0.0,aqngrr_1200_100,feasible,317.959308018,aqngrr,1200,100,True
compact,1001659.0,9.983427510332848e-05,sbdakr_1200_20,feasible,0.7459039688110352,sbdakr,1200,20,True
mckp,1004484.0,0.0,liowda_800_20,feasible,53.984327092,liowda,800,20,True
compact,985661.0,0.561555914645822,dskmln_1000_100,feasible,3600.0006608963013,dskmln,1000,100,False
mckp,1004357.0,0.0,nguefw_800_20,feasible,54.714021675,nguefw,800,20,True
mckp,1013504.0,0.0,oysqaa_800_100,feasible,245.558790085,oysqaa,800,100,True
mckp,1005140.0,0.0,mrbbbg_1000_20,feasible,54.664787922,mrbbbg,1000,20,True
compact,1008021.0,9.920418403566588e-05,scxckb_1200_100,feasible,1.2461650371551514,scxckb,1200,100,True
mckp,1003063.0,0.0,heeywx_800_20,feasible,46.588496242000005,heeywx,800,20,True
compact,1003219.0,9.94712855395719e-05,iffmxb_1200_20,feasible,0.1479110717773437,iffmxb,1200,20,True
mckp,1006098.0,0.0,goococ_1200_100,feasible,210.723518342,goococ,1200,100,True
mckp,1011550.0,0.0,lrqnuq_400_100,feasible,77.360929231,lrqnuq,400,100,True
compact,983304.0,2.2425355537760088,fyerjz_800_100,feasible,3600.0005090236664,fyerjz,800,100,False
compact,1014967.0,9.852527370321036e-05,xhzalx_800_100,feasible,0.3734798431396484,xhzalx,800,100,True
mckp,997541.0,0.0,lefxkb_800_20,feasible,43.196954255,lefxkb,800,20,True
mckp,999339.0,0.0,htxuqu_600_20,feasible,73.730684805,htxuqu,600,20,True
mckp,1001401.0,0.0,iocnrd_400_20,feasible,72.244226469,iocnrd,400,20,True
mckp,1001620.0,0.0,vvcska_1200_20,feasible,84.16440464,vvcska,1200,20,True
compact,1001231.0,0.0,gcwbtf_1000_100,feasible,3.685044050216675,gcwbtf,1000,100,True
compact,1017775.0,9.825344673091132e-05,ryvvii_1000_100,feasible,0.484292984008789,ryvvii,1000,100,True
mckp,1003742.0,0.0,csjjyu_1200_100,feasible,315.009859962,csjjyu,1200,100,True
compact,1001401.0,9.985999628520812e-05,iocnrd_400_20,feasible,0.7009670734405518,iocnrd,400,20,True
compact,1015679.0,9.845620667926906e-05,tsirig_800_100,feasible,19.798770904541016,tsirig,800,100,True
mckp,990593.0,0.0,ngsivo_800_20,feasible,50.428435348,ngsivo,800,20,True
mckp,1002893.0,0.0,ivxumh_600_20,feasible,86.188768302,ivxumh,600,20,True
mckp,1001619.0,0.0,ijncjz_1000_20,feasible,114.087714542,ijncjz,1000,20,True
mckp,1009696.0,0.0,spugme_800_100,feasible,189.363252919,spugme,800,100,True
mckp,503853.0,0.0,yxuvcu_1200_20,feasible,47.194027316,yxuvcu,1200,20,True
mckp,1005043.0,0.0,aysbjk_1200_20,feasible,106.118649237,aysbjk,1200,20,True
mckp,522916.0,0.0,acdpzv_1200_100,feasible,329.835657468,acdpzv,1200,100,True
compact,511881.0,0.0,zanybj_600_20,feasible,0.0469410419464111,zanybj,600,20,True
mckp,1001557.0,0.0,kgebcq_600_20,feasible,84.44913659999999,kgebcq,600,20,True
mckp,1004991.0,0.0,ehikus_800_100,feasible,195.389183146,ehikus,800,100,True
compact,993993.0,0.0,mhckry_1000_100,feasible,2.370239019393921,mhckry,1000,100,True
compact,1012095.0,9.880485645630454e-05,cpxwpg_1200_100,feasible,0.0857348442077636,cpxwpg,1200,100,True
compact,505971.0,0.0,gkummn_800_20,feasible,0.0142099857330322,gkummn,800,20,True
mckp,995127.0,0.0,nvijsc_400_20,feasible,72.890708198,nvijsc,400,20,True
mckp,1004772.0,0.0,mrunto_1200_20,feasible,51.055238159000005,mrunto,1200,20,True
mckp,977527.0,0.0,smozjo_1200_100,feasible,359.697145256,smozjo,1200,100,True
mckp,999484.0,0.0,rybpee_1000_20,feasible,48.55702412,rybpee,1000,20,True
mckp,1003987.0,0.0,gbatrp_600_20,feasible,78.470169208,gbatrp,600,20,True
mckp,1003399.0,0.0,rsevgt_400_100,feasible,105.555803809,rsevgt,400,100,True
mckp,1016151.0,0.0,zwmwmp_800_100,feasible,163.911110561,zwmwmp,800,100,True
mckp,974415.0,0.0,asmjif_400_20,feasible,64.69817172399999,asmjif,400,20,True
mckp,603478.0,0.0,wybnws_400_20,feasible,68.443827877,wybnws,400,20,True
mckp,501878.0,0.0,tyxpzj_600_20,feasible,69.301105178,tyxpzj,600,20,True
mckp,601868.0,0.0,dzlswu_1200_20,feasible,40.849399097,dzlswu,1200,20,True
compact,1006850.0,9.931956168291038e-05,yvuduf_400_100,feasible,0.2867419719696045,yvuduf,400,100,True
mckp,1005109.0,0.0,rrgzsm_800_100,feasible,207.159706775,rrgzsm,800,100,True
compact,1003256.0,9.967535736107496e-05,rmimbh_400_100,feasible,6.160551071166992,rmimbh,400,100,True
compact,974537.0,0.0,irkcgs_1000_20,feasible,0.3012199401855469,irkcgs,1000,20,True
compact,976468.0,0.0,cemctw_800_100,feasible,2.0187411308288574,cemctw,800,100,True
mckp,1015347.0,0.0,uwuogu_1000_100,feasible,279.009496763,uwuogu,1000,100,True
mckp,974232.0,0.0,kkysnw_400_20,feasible,65.066440572,kkysnw,400,20,True
compact,503295.0,0.0,mwnudg_400_20,feasible,0.0142970085144042,mwnudg,400,20,True
mckp,1013184.0,0.0,eymfca_1200_100,feasible,296.622941139,eymfca,1200,100,True
compact,974354.0,0.0,seudzy_400_20,feasible,0.285085916519165,seudzy,400,20,True
mckp,502936.0,0.0,jtgvwi_1200_20,feasible,56.167161558,jtgvwi,1200,20,True
mckp,1003831.0,0.0,kghauy_400_20,feasible,71.000211973,kghauy,400,20,True
compact,990543.0,0.5967574713745907,ccjtxc_800_20,feasible,3600.0004420280457,ccjtxc,800,20,False
compact,995601.0,0.5528806382495913,ptowet_600_20,feasible,3600.000535964966,ptowet,600,20,False
mckp,1008632.0,0.0,czrkoh_800_100,feasible,209.910305897,czrkoh,800,100,True
compact,1005559.0,0.0,ksvfrr_600_100,feasible,0.0633621215820312,ksvfrr,600,100,True
compact,1010832.0,9.892830962186633e-05,hjgqnr_800_100,feasible,0.1481449604034423,hjgqnr,800,100,True
compact,1002152.0,0.0870953965670704,xdbwol_1000_20,feasible,3600.0008020401,xdbwol,1000,20,False
compact,991536.0,1.9595876528636644,ybzjgo_800_100,feasible,3600.000715970993,ybzjgo,800,100,False
mckp,1002695.0,0.0,vtcpwz_600_20,feasible,95.562014699,vtcpwz,600,20,True
mckp,1008572.0,0.0,jtxpxu_600_100,feasible,121.481809439,jtxpxu,600,100,True
compact,1004831.0,9.951912359478998e-05,hcxjya_1200_20,feasible,1.0282659530639648,hcxjya,1200,20,True
compact,1014367.0,0.0,kiaput_600_100,feasible,0.0957658290863037,kiaput,600,100,True
compact,1002723.0,7.84205337499836e-05,bifiul_400_20,feasible,0.064263105392456,bifiul,400,20,True
compact,1012237.0,0.0,sunfus_600_100,feasible,0.0228190422058105,sunfus,600,100,True
compact,1014388.0,9.85815106433528e-05,foxbod_600_100,feasible,0.3401069641113281,foxbod,600,100,True
mckp,1008939.0,0.0,bomnwi_600_100,feasible,235.832881573,bomnwi,600,100,True
mckp,1003379.0,0.0,egyxbg_1200_20,feasible,65.128981124,egyxbg,1200,20,True
mckp,503769.0,0.0,xlzckz_600_20,feasible,70.934671599,xlzckz,600,20,True
compact,1002937.0,9.994848191408971e-05,ointdi_800_20,feasible,52.09335112571716,ointdi,800,20,True
mckp,1008962.0,0.0,rdieso_1000_100,feasible,270.901890775,rdieso,1000,100,True
compact,1008212.0,9.91853903887373e-05,twvzcp_400_100,feasible,0.3972539901733398,twvzcp,400,100,True
compact,1003906.0,9.719843698895648e-05,zhmeui_800_20,feasible,4.004472970962524,zhmeui,800,20,True
mckp,998215.0,0.0,zamzpb_400_20,feasible,75.778740538,zamzpb,400,20,True
mckp,1001293.0,0.0,tgqljq_600_20,feasible,73.51923398699999,tgqljq,600,20,True
mckp,1008152.0,0.0,mexvbq_600_100,feasible,162.567065381,mexvbq,600,100,True
compact,1003951.0,0.0364936453959073,bumkjf_800_20,feasible,3600.0004699230194,bumkjf,800,20,False
compact,1013042.0,9.871249295439582e-05,oawfyb_1200_100,feasible,0.2533979415893554,oawfyb,1200,100,True
compact,1002741.0,9.972654980044715e-05,myqows_400_20,feasible,0.0589461326599121,myqows,400,20,True
mckp,1006775.0,0.0,iytmin_400_100,feasible,104.075259277,iytmin,400,100,True
compact,605788.0,0.0,vsujbv_1200_20,feasible,0.0069568157196044,vsujbv,1200,20,True
compact,602677.0,0.0,boqbxp_400_20,feasible,0.0013818740844726,boqbxp,400,20,True
mckp,992411.0,0.0,wynpdq_800_20,feasible,50.063142559,wynpdq,800,20,True
compact,1005531.0,9.944984346594638e-05,ohpxsy_400_100,feasible,0.0939819812774658,ohpxsy,400,100,True
compact,1001971.0,0.1169980240180963,oefxxq_1000_20,feasible,3600.0008058547974,oefxxq,1000,20,False
mckp,604637.0,0.0,utwhwn_600_20,feasible,68.04812373799999,utwhwn,600,20,True
mckp,1013304.0,0.0,uofnll_600_100,feasible,128.287147455,uofnll,600,100,True
compact,501879.0,0.0,ichbmm_1200_20,feasible,0.0101289749145507,ichbmm,1200,20,True
mckp,970679.0,0.0,fmcyun_800_20,feasible,42.761385117,fmcyun,800,20,True
mckp,1001437.0,0.0,yowuic_400_20,feasible,73.918074747,yowuic,400,20,True
mckp,1004979.0,0.0,uljfkn_1200_20,feasible,59.936500902,uljfkn,1200,20,True
compact,1001307.0,9.98693708629113e-05,gmhjzg_400_20,feasible,0.2517549991607666,gmhjzg,400,20,True
mckp,515186.0,0.0,xrcupu_1200_20,feasible,44.475120637,xrcupu,1200,20,True
compact,1005618.0,9.944123967427028e-05,dxoikp_1000_100,feasible,51.21428894996643,dxoikp,1000,100,True
compact,1005410.0,0.0,setbjk_400_100,feasible,0.0177218914031982,setbjk,400,100,True
compact,504966.0,0.0,wvmqgu_400_20,feasible,0.0073821544647216,wvmqgu,400,20,True
mckp,1004569.0,0.0,wmnznr_800_20,feasible,75.068399378,wmnznr,800,20,True
compact,970840.0,1.052527126930718,ypfqmm_800_20,feasible,3600.0008261203766,ypfqmm,800,20,False
mckp,1016933.0,0.0,yloari_1000_100,feasible,212.528767205,yloari,1000,100,True
compact,522928.0,0.0,haxvmn_1000_100,feasible,0.0028390884399414,haxvmn,1000,100,True
mckp,505097.0,0.0,ctvxpx_400_20,feasible,71.46398424899999,ctvxpx,400,20,True
mckp,999439.0,0.0,lzdqxg_1200_20,feasible,47.430719241,lzdqxg,1200,20,True
compact,515240.0,0.0,kfwaho_800_20,feasible,0.0374388694763183,kfwaho,800,20,True
compact,1011404.0,9.887236072592088e-05,jsared_600_100,feasible,0.2265620231628418,jsared,600,100,True
mckp,1003095.0,0.0,jvwftk_1200_20,feasible,47.804404602,jvwftk,1200,20,True
compact,1001999.0,3.7735030810469766e-05,qndpem_400_20,feasible,1.535181999206543,qndpem,400,20,True
compact,501976.0,0.0,jscqat_800_20,feasible,0.0213470458984375,jscqat,800,20,True
compact,1001365.0,8.782542466945174e-05,odlgiq_400_20,feasible,0.1184852123260498,odlgiq,400,20,True
mckp,1011715.0,0.0,qnxgyp_1200_100,feasible,243.827086666,qnxgyp,1200,100,True
mckp,1003155.0,0.0,hrvqox_400_20,feasible,64.156871529,hrvqox,400,20,True
mckp,501779.0,0.0,vcthbi_600_20,feasible,71.150997903,vcthbi,600,20,True
compact,1004569.0,9.954507897743162e-05,wmnznr_800_20,feasible,0.1492760181427002,wmnznr,800,20,True
compact,1001437.0,9.985640648747102e-05,yowuic_400_20,feasible,0.4184391498565674,yowuic,400,20,True
mckp,1016179.0,0.0,cnfjle_1200_100,feasible,275.028111409,cnfjle,1200,100,True
mckp,1001659.0,0.0,sbdakr_1200_20,feasible,83.310117968,sbdakr,1200,20,True
mckp,998822.0,0.0,osmuun_600_20,feasible,75.51973712899999,osmuun,600,20,True
mckp,515740.0,0.0,itrpiw_1200_20,feasible,40.98672808,itrpiw,1200,20,True
compact,972738.0963777156,0.0,dnermr_800_20,feasible,0.708381175994873,dnermr,800,20,True
mckp,1003060.0,0.0,vhyjsk_600_20,feasible,70.64173024499999,vhyjsk,600,20,True
compact,1004611.0,7.501206602760154e-05,rmhiwq_1000_20,feasible,0.0759000778198242,rmhiwq,1000,20,True
compact,1008111.0,0.0830602905654257,ktareo_1000_100,feasible,3600.000564098358,ktareo,1000,100,False
compact,1001635.0,9.701406259982202e-05,udrwch_1000_20,feasible,0.3910238742828369,udrwch,1000,20,True
compact,975825.0,0.0,kbjkis_400_20,feasible,0.0183420181274414,kbjkis,400,20,True
compact,1002701.0,8.61533100765162e-05,mvntpw_400_20,feasible,0.2756071090698242,mvntpw,400,20,True
compact,502831.0,0.0,vdexcr_800_20,feasible,0.0063269138336181,vdexcr,800,20,True
compact,1003294.0,9.980461273998402e-05,agckmy_1200_20,feasible,1.7763690948486328,agckmy,1200,20,True
compact,989663.0,1.8326837866603711,trciww_800_100,feasible,3600.0005898475647,trciww,800,100,False
compact,1008596.0,9.914762784343004e-05,huslxz_400_100,feasible,1.406169891357422,huslxz,400,100,True
mckp,1001462.0,0.0,rdmsfv_800_20,feasible,45.572912187,rdmsfv,800,20,True
mckp,505410.0,0.0,fivspw_800_20,feasible,45.211538879,fivspw,800,20,True
compact,1004004.0,9.93713585451082e-05,dgvpmi_400_20,feasible,16.24797511100769,dgvpmi,400,20,True
mckp,1003910.0,0.0,rlxwnp_800_20,feasible,55.406683673,rlxwnp,800,20,True
mckp,1001641.0,0.0,zwrddy_1200_20,feasible,80.61262777099999,zwrddy,1200,20,True
compact,1001361.0,9.196523720469556e-05,ndddvp_400_20,feasible,0.2951288223266601,ndddvp,400,20,True
mckp,603655.0,0.0,nngxgx_1000_20,feasible,44.088422679,nngxgx,1000,20,True
mckp,1003895.0,0.0,eyfxsz_800_100,feasible,239.534058695,eyfxsz,800,100,True
mckp,1001419.0,0.0,lzabsa_600_20,feasible,66.85176184,lzabsa,600,20,True
mckp,1001669.0,0.0,testig_1000_20,feasible,61.56640269,testig,1000,20,True
mckp,1004611.0,0.0,kfawki_800_20,feasible,46.650055172,kfawki,800,20,True
compact,985432.0,2.4425096507997206,wwtskd_1200_100,feasible,3600.0008058547974,wwtskd,1200,100,False
compact,1001359.0,0.0140677709704741,gjvfty_1000_20,feasible,3600.000661849976,gjvfty,1000,20,False
mckp,976289.0,0.0,qzgpyz_600_20,feasible,77.182823827,qzgpyz,600,20,True
mckp,1014061.0,0.0,xaprhj_600_100,feasible,99.047024217,xaprhj,600,100,True
compact,505514.0,0.0,ngziwh_1000_20,feasible,0.0066039562225341,ngziwh,1000,20,True
mckp,1006787.0,0.0,edldrw_400_100,feasible,93.059869096,edldrw,400,100,True
mckp,1001660.0,0.0,tbfosj_1200_20,feasible,174.968648779,tbfosj,1200,20,True
mckp,1004967.0,0.0,tgvide_1000_20,feasible,77.967916158,tgvide,1000,20,True
mckp,1013894.0,0.0,wsprhf_600_100,feasible,115.751275902,wsprhf,600,100,True
mckp,1003102.0,0.0,qqbfdm_600_100,feasible,257.966341356,qqbfdm,600,100,True
compact,1006507.0,9.935340802060192e-05,nfwuhp_1200_100,feasible,0.1486818790435791,nfwuhp,1200,100,True
compact,1003077.0,9.85451361300968e-05,zkmvev_600_20,feasible,40.69154906272888,zkmvev,600,20,True
compact,1018986.0,9.813667887814074e-05,yipzvv_1200_100,feasible,0.2645111083984375,yipzvv,1200,100,True
compact,1003091.0,9.995048881006833e-05,bnoixl_1000_20,feasible,104.16030812263487,bnoixl,1000,20,True
mckp,1010024.0,0.0,stklre_800_100,feasible,214.455012025,stklre,800,100,True
mckp,1004256.0,0.0,ptgvfg_600_20,feasible,65.981939001,ptgvfg,600,20,True
compact,974415.0,0.0,asmjif_400_20,feasible,1.7128469944000244,asmjif,400,20,True
compact,1001477.0,9.620391175940864e-05,jbfcad_600_20,feasible,0.2262148857116699,jbfcad,600,20,True
mckp,995518.0,0.0,itnren_400_20,feasible,65.29598344200001,itnren,400,20,True
compact,1015260.0,9.84968397288973e-05,sctfbm_800_100,feasible,0.0831949710845947,sctfbm,800,100,True
compact,991370.0,0.0,rfcgcc_1200_100,feasible,0.1422579288482666,rfcgcc,1200,100,True
mckp,1002993.0,0.0,cisnaw_600_20,feasible,81.10209784099999,cisnaw,600,20,True
compact,1010659.0,9.894524370213524e-05,wxskcq_400_100,feasible,0.1719858646392822,wxskcq,400,100,True
compact,979342.0,2.428084522169186,xikvkc_1200_100,feasible,3600.0007009506226,xikvkc,1200,100,False
mckp,1011318.0,0.0,vhzgyv_400_100,feasible,96.647790101,vhzgyv,400,100,True
compact,1001414.0,0.0262902397769982,smrplb_1200_20,feasible,3600.0007829666138,smrplb,1200,20,False
compact,1002845.0,0.0,apavra_400_20,feasible,0.0907058715820312,apavra,400,20,True
mckp,1004906.0,0.0,cobbat_1200_20,feasible,53.343043945,cobbat,1200,20,True
mckp,998895.0,0.0,lhttzp_400_20,feasible,70.822070309,lhttzp,400,20,True
mckp,1004983.0,0.0,sajdpn_1000_20,feasible,56.200639501,sajdpn,1000,20,True
compact,1001623.0,9.576380166512992e-05,cmlceu_800_20,feasible,0.2666339874267578,cmlceu,800,20,True
mckp,1004299.0,0.0,okgwrb_800_20,feasible,53.727325886,okgwrb,800,20,True
compact,1003653.0,0.0,hhdydk_800_100,feasible,4.064589023590088,hhdydk,800,100,True
mckp,1001633.0,0.0,snrsho_1000_20,feasible,45.4389834,snrsho,1000,20,True
mckp,1002961.0,0.0,uhiihi_1000_20,feasible,51.572509263,uhiihi,1000,20,True
mckp,1009186.0,0.0,fkjnri_1200_100,feasible,326.282394676,fkjnri,1200,100,True
compact,1014085.0,9.861096593385572e-05,iuxvan_800_100,feasible,0.1207020282745361,iuxvan,800,100,True
compact,1015006.0,9.85214880291466e-05,nrohwv_800_100,feasible,0.9174551963806152,nrohwv,800,100,True
mckp,1013422.0,0.0,gyqmrc_800_100,feasible,174.77295148599998,gyqmrc,800,100,True
compact,501706.0,0.0,fuzhbh_600_20,feasible,0.0162379741668701,fuzhbh,600,20,True
mckp,1003880.0,0.0,glkfmj_1000_20,feasible,67.988020947,glkfmj,1000,20,True
mckp,1014178.0,0.0,hbagrw_600_100,feasible,124.866989239,hbagrw,600,100,True
mckp,1009341.0,0.0,vjhjjf_400_100,feasible,112.742820637,vjhjjf,400,100,True
compact,1010703.0,9.894093621871488e-05,bttnog_1000_100,feasible,0.2043859958648681,bttnog,1000,100,True
mckp,1004680.0,0.0,pmeacw_400_20,feasible,62.314576805,pmeacw,400,20,True
compact,1011650.0,9.884831824413756e-05,oidwpf_1000_100,feasible,0.1966340541839599,oidwpf,1000,100,True
mckp,1003791.0,0.0,qniopc_400_20,feasible,72.155308585,qniopc,400,20,True
mckp,1005002.0,0.0,pwnprv_1200_20,feasible,108.67871993,pwnprv,1200,20,True
compact,1004755.0,5.621565027411872e-05,mwxozb_1000_20,feasible,0.4131169319152832,mwxozb,1000,20,True
compact,1008152.0,9.919129338503184e-05,mexvbq_600_100,feasible,16.732903957366943,mexvbq,600,100,True
mckp,1002115.0,0.0,vslhve_1000_20,feasible,47.807554718,vslhve,1000,20,True
compact,1003742.0,0.0763821784479601,pcuade_600_20,feasible,3600.0006659030914,pcuade,600,20,False
mckp,1002088.0,0.0,atbthj_800_20,feasible,48.969748818,atbthj,800,20,True
mckp,970688.0,0.0,qsquxn_1000_20,feasible,50.722273364,qsquxn,1000,20,True
mckp,1001526.0,0.0,odmzfy_800_20,feasible,78.56060767800001,odmzfy,800,20,True
compact,1001357.0,0.0110657624683678,snpmka_600_20,feasible,3600.0005497932434,snpmka,600,20,False
mckp,1012497.0,0.0,ydccjj_600_100,feasible,167.482282397,ydccjj,600,100,True
mckp,1003538.0,0.0,wlpzto_400_100,feasible,97.595102501,wlpzto,400,100,True
mckp,504070.0,0.0,scgvet_400_20,feasible,60.521369264,scgvet,400,20,True
compact,1006333.0,9.937058670381802e-05,cpiyah_800_100,feasible,0.0519318580627441,cpiyah,800,100,True
compact,1008092.0,9.91971970839992e-05,ggtgjc_600_100,feasible,0.9111270904541016,ggtgjc,600,100,True
compact,1002448.0,9.803862136854952e-05,lslqwr_400_20,feasible,2.2767581939697266,lslqwr,400,20,True
mckp,1004156.0,0.0,vnomqz_1000_100,feasible,308.226780221,vnomqz,1000,100,True
mckp,1005767.0,0.0,ngwayo_1000_100,feasible,206.32153503,ngwayo,1000,100,True
compact,983537.0,2.272286947359325,izijtu_600_100,feasible,3600.0003740787506,izijtu,600,100,False
compact,1004714.0,0.0,payfrc_400_20,feasible,0.0747821331024169,payfrc,400,20,True
mckp,1016716.0,0.0,tnxvco_1200_100,feasible,269.997689313,tnxvco,1200,100,True
mckp,1001935.0,0.0,pifcja_1000_20,feasible,49.730954564,pifcja,1000,20,True
compact,996875.0,1.8080845080600287,bfrriu_1200_100,feasible,3600.0008158683777,bfrriu,1200,100,False
mckp,503845.0,0.0,gthieq_800_20,feasible,47.180133218,gthieq,800,20,True
mckp,1003916.0,0.0,ievabt_800_20,feasible,70.821117183,ievabt,800,20,True
compact,1003288.0,9.967217820588086e-05,njotae_1000_20,feasible,0.0899341106414794,njotae,1000,20,True
compact,1011977.0,9.881637743112993e-05,wbpcwf_1200_100,feasible,257.5630180835724,wbpcwf,1200,100,True
mckp,1012072.0,0.0,fjslbb_1200_100,feasible,242.062992808,fjslbb,1200,100,True
mckp,1001365.0,0.0,azrjbf_600_20,feasible,98.485727739,azrjbf,600,20,True
compact,1001479.0,9.98522187279242e-05,tgnmjr_1200_20,feasible,79.99602699279785,tgnmjr,1200,20,True
mckp,1004940.0,0.0,icwryl_1000_20,feasible,82.519305904,icwryl,1000,20,True
mckp,1004680.0,0.0,fhpoyc_600_20,feasible,70.142756186,fhpoyc,600,20,True
mckp,1001334.0,0.0,rwwpdi_400_20,feasible,67.09174323500001,rwwpdi,400,20,True
compact,503699.0,0.0,rxiejf_1000_20,feasible,0.0125842094421386,rxiejf,1000,20,True
mckp,1004714.0,0.0,payfrc_400_20,feasible,86.783676807,payfrc,400,20,True
compact,1012588.0,9.87567512584079e-05,qvowrl_1200_100,feasible,0.0843250751495361,qvowrl,1200,100,True
mckp,1004931.0,0.0,rjfxva_1000_20,feasible,68.03852093100001,rjfxva,1000,20,True
compact,1003204.0,9.968052392083371e-05,dzynka_400_100,feasible,3.3321359157562256,dzynka,400,100,True
compact,1003130.0,9.968787726791568e-05,xnxlww_800_20,feasible,0.578794002532959,xnxlww,800,20,True
compact,1001813.0,0.0,olxbcb_400_20,feasible,0.1066279411315918,olxbcb,400,20,True
mckp,1005784.0,0.0,hckgeo_1000_100,feasible,180.157981483,hckgeo,1000,100,True
compact,1011600.0,9.885320398062082e-05,qjmhvw_1000_100,feasible,0.1395990848541259,qjmhvw,1000,100,True
compact,1007415.0,0.0,netego_400_100,feasible,0.1314449310302734,netego,400,100,True
mckp,1002940.0,0.0,vzlrjl_400_20,feasible,79.42029082900001,vzlrjl,400,20,True
compact,505119.0,0.0,mmguzu_1200_20,feasible,0.0199329853057861,mmguzu,1200,20,True
mckp,1010037.0,0.0,qtweln_600_100,feasible,92.626395334,qtweln,600,100,True
mckp,974631.0,0.0,qdhgug_800_20,feasible,52.453551155,qdhgug,800,20,True
mckp,974756.0,0.0,eqoglm_1200_20,feasible,45.67174751,eqoglm,1200,20,True
mckp,1003242.0,0.0,bklqhv_800_20,feasible,67.982085869,bklqhv,800,20,True
mckp,1006477.0,0.0,mtgroe_400_100,feasible,96.733026389,mtgroe,400,100,True
compact,1011440.0,9.886884158344382e-05,xphdhl_1200_100,feasible,834.3325290679932,xphdhl,1200,100,True
compact,993878.0,0.0,kxxiep_400_20,feasible,1.2045440673828125,kxxiep,400,20,True
mckp,1002052.0,0.0,eaccdl_600_20,feasible,77.031975975,eaccdl,600,20,True
compact,513812.0,0.0,qzjehm_1000_20,feasible,0.0258121490478515,qzjehm,1000,20,True
compact,1014043.0,0.0,rpfbno_600_100,feasible,0.0125830173492431,rpfbno,600,100,True
compact,504888.0,0.0,lcqvdx_400_20,feasible,0.001749038696289,lcqvdx,400,20,True
compact,1005265.0,9.947615854908054e-05,rzkham_800_100,feasible,0.112278938293457,rzkham,800,100,True
mckp,1006389.0,0.0,gvkmfv_1200_100,feasible,244.898385791,gvkmfv,1200,100,True
mckp,513518.0,0.0,osykqm_600_20,feasible,77.324639473,osykqm,600,20,True
compact,988409.0,0.9968204132963472,zyaeyr_1200_100,feasible,3600.000787973404,zyaeyr,1200,100,False
compact,997468.0,0.4936748040394021,rwluzt_800_20,feasible,3600.0004439353943,rwluzt,800,20,False
compact,1005810.0,0.0086232764593056,vpxssj_1200_100,feasible,3600.0008120536804,vpxssj,1200,100,False
mckp,1009580.0,0.0,nwemje_800_100,feasible,216.095912952,nwemje,800,100,True
mckp,1011279.0,0.0,baxzkg_400_100,feasible,106.707588312,baxzkg,400,100,True
compact,972605.0,0.0,sljcqm_600_20,feasible,0.7585799694061279,sljcqm,600,20,True
compact,511701.0,0.0,dbssxm_1200_20,feasible,0.0326080322265625,dbssxm,1200,20,True
mckp,1001000.0,0.0,wfgceu_400_20,feasible,72.946990325,wfgceu,400,20,True
mckp,1003036.0,0.0,yquhsb_800_20,feasible,68.052225721,yquhsb,800,20,True
compact,1012097.0,9.880466120869718e-05,akgyaa_1000_100,feasible,0.7670109272003174,akgyaa,1000,100,True
mckp,1001669.0,0.0,qumjnq_1000_20,feasible,52.075950724,qumjnq,1000,20,True
mckp,1012261.0,0.0,aorwmh_800_100,feasible,228.530331606,aorwmh,800,100,True
mckp,1004620.0,0.0,vmjzlm_800_20,feasible,107.505546718,vmjzlm,800,20,True
mckp,1016664.0,0.0,gwhcvp_1000_100,feasible,205.057848453,gwhcvp,1000,100,True
compact,511890.0,0.0,bwxdyh_1200_20,feasible,0.0298869609832763,bwxdyh,1200,20,True
compact,1016517.0,9.837504107157964e-05,sfzvge_1000_100,feasible,0.2071268558502197,sfzvge,1000,100,True
mckp,1002499.0,0.0,cllypy_400_20,feasible,74.824180787,cllypy,400,20,True
mckp,511832.0,0.0,cpqebk_800_20,feasible,47.452703408,cpqebk,800,20,True
compact,502765.0,0.0,bcwuat_400_20,feasible,0.0119640827178955,bcwuat,400,20,True
mckp,983586.0,0.0,ftjjim_600_100,feasible,252.256006025,ftjjim,600,100,True
compact,1010546.0,9.89563078214076e-05,mutlku_800_100,feasible,0.3999300003051758,mutlku,800,100,True
mckp,1006962.0,0.0,yuwtnj_800_100,feasible,284.423120481,yuwtnj,800,100,True
mckp,605542.0,0.0,oxxpiw_1000_20,feasible,43.48012002,oxxpiw,1000,20,True
mckp,1001334.0,0.0,yglkfn_400_20,feasible,75.520580134,yglkfn,400,20,True
mckp,1006829.0,0.0,hamciz_400_100,feasible,76.575802216,hamciz,400,100,True
mckp,985151.0,0.0,nkmkgw_1000_100,feasible,271.871066882,nkmkgw,1000,100,True
mckp,1005489.0,0.0,luzink_1000_100,feasible,252.595527323,luzink,1000,100,True
compact,1001387.0,9.986139238736632e-05,fhplap_400_20,feasible,2.820840120315552,fhplap,400,20,True
mckp,972685.0,0.0,mnlzgw_1000_20,feasible,50.532931691,mnlzgw,1000,20,True
compact,1003252.0,9.03438673355186e-05,zwsjvz_1000_20,feasible,0.9380428791046144,zwsjvz,1000,20,True
compact,975349.0,0.0,wutprr_800_100,feasible,1.4469468593597412,wutprr,800,100,True
compact,1008939.0,0.0,bomnwi_600_100,feasible,0.0315642356872558,bomnwi,600,100,True
mckp,976095.0,0.0,kjqbwj_600_20,feasible,66.01038072200001,kjqbwj,600,20,True
compact,1005489.0,9.945399755343166e-05,luzink_1000_100,feasible,13.509773015975952,luzink,1000,100,True
mckp,976445.0,0.0,tgbwzh_1000_20,feasible,49.232519884,tgbwzh,1000,20,True
mckp,1001358.0,0.0,xdpzld_400_20,feasible,77.587969761,xdpzld,400,20,True
compact,1004413.0,0.007977900327213,sljmha_1000_100,feasible,3600.000778913498,sljmha,1000,100,False
mckp,505588.0,0.0,syxsqp_1200_20,feasible,46.521793754,syxsqp,1200,20,True
mckp,1001446.0,0.0,pzjbjf_600_20,feasible,90.106346245,pzjbjf,600,20,True
mckp,1002785.0,0.0,lgeole_600_20,feasible,94.509565089,lgeole,600,20,True
compact,1001364.0,0.0159248891132458,kepbrq_800_20,feasible,3600.0008039474487,kepbrq,800,20,False
mckp,1002815.0,0.0,czkbxt_800_20,feasible,45.498300293,czkbxt,800,20,True
mckp,1004839.0,0.0,jnbkvy_600_100,feasible,107.698292907,jnbkvy,600,100,True
compact,1014962.0,9.852575906707928e-05,qddezl_600_100,feasible,0.0525300502777099,qddezl,600,100,True
compact,1004394.0,0.0,ahhwxu_400_20,feasible,0.0407361984252929,ahhwxu,400,20,True
mckp,1003265.0,0.0,rntmse_1200_20,feasible,103.527308113,rntmse,1200,20,True
mckp,974551.0,0.0,idrgvt_1200_20,feasible,50.854749736,idrgvt,1200,20,True
compact,1003902.0,0.0567365288310505,ievabt_800_20,feasible,3600.000487089157,ievabt,800,20,False
mckp,506530.0,0.0,jfecyk_800_20,feasible,45.563241629,jfecyk,800,20,True
compact,1016357.0,9.839052774711272e-05,ikkhlj_800_100,feasible,0.168809175491333,ikkhlj,800,100,True
compact,1009997.0,9.901009704969712e-05,gbnqrx_800_100,feasible,1.1933579444885254,gbnqrx,800,100,True
mckp,1003146.0,0.0,qnqvtz_1000_20,feasible,47.012872523000006,qnqvtz,1000,20,True
mckp,1014388.0,0.0,foxbod_600_100,feasible,170.91100157,foxbod,600,100,True
mckp,502876.0,0.0,mgudqu_1000_20,feasible,42.169534508,mgudqu,1000,20,True
mckp,1008092.0,0.0,ggtgjc_600_100,feasible,176.564130009,ggtgjc,600,100,True
mckp,993241.0,0.0,ulwcyy_1000_100,feasible,320.333122841,ulwcyy,1000,100,True
mckp,1004372.0,0.0,yrdwkz_1200_100,feasible,286.607964861,yrdwkz,1200,100,True
compact,1001425.0,0.0194576570518196,lqlixe_1000_20,feasible,3600.0006709098816,lqlixe,1000,20,False
compact,1004444.0,0.0,cjyiwy_600_20,feasible,0.1710329055786132,cjyiwy,600,20,True
mckp,992606.0,0.0,elanbi_1200_20,feasible,48.142710673,elanbi,1200,20,True
compact,504447.0,0.0,mtolge_600_20,feasible,0.0019199848175048,mtolge,600,20,True
mckp,1001364.0,0.0,lqzhrq_1200_20,feasible,52.377119025,lqzhrq,1200,20,True
compact,1001496.0,9.997311970154996e-05,eqmace_800_20,feasible,46.00849294662476,eqmace,800,20,True
compact,1018496.0,9.81838925396933e-05,bkfhgf_1200_100,feasible,0.3483259677886963,bkfhgf,1200,100,True
mckp,503119.0,0.0,pdflns_1000_20,feasible,45.464126768,pdflns,1000,20,True
compact,505545.0,0.0,lnuyow_600_20,feasible,0.015820026397705,lnuyow,600,20,True
mckp,1005216.0,0.0,sohayn_1000_100,feasible,247.311215644,sohayn,1000,100,True
mckp,1001331.0,0.0,xserjy_400_20,feasible,79.00884780999999,xserjy,400,20,True
mckp,1004767.0,0.0,bfyocq_1200_20,feasible,114.13280069,bfyocq,1200,20,True
compact,504369.0,0.0,vgddxk_1200_20,feasible,0.0272750854492187,vgddxk,1200,20,True
mckp,1010284.0,0.0,lcasbu_1000_100,feasible,322.710337208,lcasbu,1000,100,True
mckp,1005148.0,0.0,aljqmz_800_100,feasible,186.844558224,aljqmz,800,100,True
mckp,1002616.0,0.0,anijos_400_20,feasible,76.23968387,anijos,400,20,True
mckp,1003147.0,0.0,gdopru_800_20,feasible,64.58258642599999,gdopru,800,20,True
mckp,1004771.0,0.0,biuchx_1000_20,feasible,68.31402939,biuchx,1000,20,True
compact,505338.0,0.0,ughnxx_600_20,feasible,0.0115351676940917,ughnxx,600,20,True
mckp,1005734.0,0.0,xtljcd_1200_100,feasible,257.915049011,xtljcd,1200,100,True
mckp,514091.0,0.0,cndhom_1000_100,feasible,336.507162452,cndhom,1000,100,True
mckp,1001960.0,0.0,czkdtu_800_20,feasible,57.52033552699999,czkdtu,800,20,True
mckp,504713.0,0.0,usuboy_800_20,feasible,51.038673886,usuboy,800,20,True
mckp,1004366.0,0.0,bdobkt_800_100,feasible,234.755550801,bdobkt,800,100,True
mckp,1014821.0,0.0,ouzzuq_800_100,feasible,173.357689993,ouzzuq,800,100,True
compact,987051.0,2.001793755374865,gfparu_1000_100,feasible,3600.0005090236664,gfparu,1000,100,False
compact,975513.0,0.0,vqbxxa_800_100,feasible,0.1654529571533203,vqbxxa,800,100,True
mckp,502829.0,0.0,hezgje_600_20,feasible,80.662484875,hezgje,600,20,True
compact,975743.0,2.720650986209812,mcxywx_600_100,feasible,3600.000534057617,mcxywx,600,100,False
compact,999412.0,0.4710737017065466,enomjm_800_20,feasible,3600.000643014908,enomjm,800,20,False
compact,1003181.0,9.94461422471918e-05,dxnalb_800_20,feasible,0.9358370304107666,dxnalb,800,20,True
compact,1005734.0,9.94297702675158e-05,xtljcd_1200_100,feasible,0.0628728866577148,xtljcd,1200,100,True
compact,972708.0,0.0,jtaxwb_400_20,feasible,1.5623559951782229,jtaxwb,400,20,True
mckp,993878.0,0.0,kxxiep_400_20,feasible,66.448108011,kxxiep,400,20,True
mckp,1001503.0,0.0,dobqxh_400_20,feasible,74.354471827,dobqxh,400,20,True
compact,992214.0,0.1080806020131344,mimvqe_400_20,feasible,3600.0005300045013,mimvqe,400,20,False
mckp,1003218.0,0.0,kitosj_400_100,feasible,87.94602577799999,kitosj,400,100,True
mckp,987051.0,0.0,gfparu_1000_100,feasible,295.383479634,gfparu,1000,100,True
compact,1003916.0,0.0898392433218533,ncpgay_1000_20,feasible,3600.000597000122,ncpgay,1000,20,False
compact,1004611.0,9.995019939675276e-05,kfawki_800_20,feasible,44.66969394683838,kfawki,800,20,True
mckp,1004774.0,0.0,qfatxn_800_20,feasible,80.40335795600001,qfatxn,800,20,True
compact,1005089.0,7.681517262268905e-05,ungedp_1200_20,feasible,0.3868892192840576,ungedp,1200,20,True
compact,1005269.0,9.947576273041074e-05,liiemr_1000_100,feasible,8.326260089874268,liiemr,1000,100,True
compact,1004652.0,8.61263365122937e-05,oinasv_1000_20,feasible,0.5245468616485596,oinasv,1000,20,True
mckp,1002910.0,0.0,htpapa_600_20,feasible,69.757600291,htpapa,600,20,True
compact,994209.0,0.3316356775528115,mogwri_600_20,feasible,3600.000540971756,mogwri,600,20,False
compact,1011774.0,9.883620370141584e-05,wsxqhp_1000_100,feasible,0.1935579776763916,wsxqhp,1000,100,True
compact,1002915.0,8.449449481942129e-05,xyivjm_600_20,feasible,0.0968859195709228,xyivjm,600,20,True
compact,1011265.0,9.888595087741504e-05,zkjckg_1000_100,feasible,0.694288969039917,zkjckg,1000,100,True
mckp,995596.0,0.0,eemeft_1000_20,feasible,46.529176394,eemeft,1000,20,True
mckp,511935.0,0.0,xoumie_1200_20,feasible,53.831418904,xoumie,1200,20,True
compact,1001171.0,0.1371516196821668,wnviko_800_20,feasible,3600.000587940216,wnviko,800,20,False
mckp,1006953.0,0.0,ptplde_600_100,feasible,168.838456265,ptplde,600,100,True
mckp,1004125.0,0.0,xevmse_1000_20,feasible,45.21169061,xevmse,1000,20,True
compact,1009671.0,9.904206514590876e-05,ftrcca_1000_100,feasible,0.2486371994018554,ftrcca,1000,100,True
compact,501212.0,0.0,knszgm_400_20,feasible,0.0016591548919677,knszgm,400,20,True
compact,1002940.0,9.940003637954028e-05,vzlrjl_400_20,feasible,0.5034661293029785,vzlrjl,400,20,True
mckp,1004744.0,0.0,cwqdiw_1000_20,feasible,45.121197604,cwqdiw,1000,20,True
mckp,1009821.0,0.0,wohqyv_800_100,feasible,152.786112133,wohqyv,800,100,True
mckp,1002989.0,0.0,gsdtlj_600_20,feasible,69.214625673,gsdtlj,600,20,True
mckp,1014525.0,0.0,urjvqq_800_100,feasible,199.386929986,urjvqq,800,100,True
compact,1001500.0,9.98501249624314e-05,qynxpz_800_20,feasible,0.3541860580444336,qynxpz,800,20,True
compact,970709.0,0.0,pfsxvv_1200_20,feasible,0.2285149097442627,pfsxvv,1200,20,True
compact,1013245.0,7.825964627498582e-05,bkovkt_1000_100,feasible,97.30596208572388,bkovkt,1000,100,True
mckp,1003206.0,0.0,bcxswi_600_20,feasible,79.289090536,bcxswi,600,20,True
mckp,1001648.0,0.0,ggdkgq_1200_20,feasible,68.112370286,ggdkgq,1200,20,True
compact,977748.0,0.0,iqgjzz_800_100,feasible,0.2121138572692871,iqgjzz,800,100,True
compact,990596.0,1.834005052011539,xfdewk_600_100,feasible,3600.0006659030914,xfdewk,600,100,False
compact,1016522.0,9.837455719152444e-05,zqfppq_1000_100,feasible,0.1441788673400879,zqfppq,1000,100,True
mckp,501628.0,0.0,rexobr_1000_20,feasible,48.850110195000006,rexobr,1000,20,True
mckp,999377.0,0.0,qjsndq_1200_20,feasible,50.775501264,qjsndq,1200,20,True
compact,514091.0,0.0,cndhom_1000_100,feasible,0.0359110832214355,cndhom,1000,100,True
mckp,1018986.0,0.0,yipzvv_1200_100,feasible,195.451317734,yipzvv,1200,100,True
compact,1012955.0,9.87209710984485e-05,wyngng_1200_100,feasible,0.066411018371582,wyngng,1200,100,True
compact,1003126.0,9.968827476481044e-05,skktnz_800_20,feasible,0.4407088756561279,skktnz,800,20,True
compact,1001397.0,9.998078688905432e-05,qcxcgy_600_20,feasible,85.72170996665955,qcxcgy,600,20,True
compact,976289.0,0.0,qzgpyz_600_20,feasible,0.2277989387512207,qzgpyz,600,20,True
mckp,505491.0,0.0,orkeiy_800_20,feasible,41.293596907,orkeiy,800,20,True
mckp,513711.0,0.0,weaoes_1200_20,feasible,50.662026976,weaoes,1200,20,True
compact,1001125.0,0.1052000808573896,nrppap_400_20,feasible,3600.000400066376,nrppap,400,20,False
mckp,1002386.0,0.0,pzyvvo_400_100,feasible,131.618342292,pzyvvo,400,100,True
compact,1013690.0,9.86493911852823e-05,abquse_600_100,feasible,2.279382944107056,abquse,600,100,True
mckp,1004363.0,0.0,mdiasc_1200_100,feasible,344.635679488,mdiasc,1200,100,True
mckp,505545.0,0.0,lnuyow_600_20,feasible,72.901931539,lnuyow,600,20,True
compact,503725.0,0.0,aqmsyy_800_20,feasible,0.0235910415649414,aqmsyy,800,20,True
compact,1005740.0,9.94291770943016e-05,nbcjvo_800_100,feasible,0.2187259197235107,nbcjvo,800,100,True
compact,972604.0,0.0,auwxtf_600_20,feasible,0.5784728527069092,auwxtf,600,20,True
mckp,1004568.0,0.0,szpqiy_800_20,feasible,48.300884681,szpqiy,800,20,True
mckp,1001429.0,0.0,lqlixe_1000_20,feasible,46.133891744,lqlixe,1000,20,True
compact,1004680.0,9.95340809669935e-05,pmeacw_400_20,feasible,0.1033439636230468,pmeacw,400,20,True
mckp,603842.0,0.0,rnklar_1200_20,feasible,46.182481893,rnklar,1200,20,True
mckp,979342.0,0.0,xikvkc_1200_100,feasible,315.188561003,xikvkc,1200,100,True
compact,972787.0,0.0,vyusps_800_20,feasible,2.970557928085327,vyusps,800,20,True
mckp,1004752.0,0.0,odotzz_800_100,feasible,190.457198416,odotzz,800,100,True
mckp,1002070.0,0.0,vbvoba_600_20,feasible,66.287160497,vbvoba,600,20,True
compact,974630.0,0.0,cliikl_1000_20,feasible,0.0253000259399414,cliikl,1000,20,True
compact,1001427.0,0.0,ubizsx_1200_100,feasible,0.0402250289916992,ubizsx,1200,100,True
compact,1003773.0,9.974802744908784e-05,gaesih_400_20,feasible,77.87027311325073,gaesih,400,20,True
mckp,1003223.0,0.0,judwkv_1000_20,feasible,98.743450205,judwkv,1000,20,True
mckp,1005265.0,0.0,rzkham_800_100,feasible,211.740569748,rzkham,800,100,True
compact,970851.0,7.725175355357475e-05,guyjtw_1200_20,feasible,0.3154420852661133,guyjtw,1200,20,True
compact,1002991.0,0.0,nybosv_800_100,feasible,2.551798105239868,nybosv,800,100,True
compact,1006366.0,9.936732822121552e-05,dwvmzm_1200_100,feasible,0.3114352226257324,dwvmzm,1200,100,True
compact,1017916.0,9.823983684327896e-05,yfjokk_1200_100,feasible,0.0856330394744873,yfjokk,1200,100,True
mckp,1002937.0,0.0,ointdi_800_20,feasible,42.979097473,ointdi,800,20,True
mckp,603376.0,0.0,oywzoh_1000_20,feasible,42.919346857,oywzoh,1000,20,True
mckp,1003906.0,0.0,zhmeui_800_20,feasible,51.406079676,zhmeui,800,20,True
mckp,1005828.0,0.0,lsmriz_1000_100,feasible,150.789067337,lsmriz,1000,100,True
mckp,1001418.0,0.0,bocqhe_800_20,feasible,98.172973874,bocqhe,800,20,True
compact,1003203.0,4.737948333762116e-05,seopbc_1000_20,feasible,0.3370809555053711,seopbc,1000,20,True
compact,505721.0,0.0,xslvjr_1000_20,feasible,0.0087020397186279,xslvjr,1000,20,True
mckp,1001460.0,0.0,ppojxe_800_20,feasible,49.428076627,ppojxe,800,20,True
compact,1002827.0,9.971799750306136e-05,yohcrd_400_100,feasible,1.4723870754241943,yohcrd,400,100,True
mckp,1001592.0,0.0,edqtwr_1000_20,feasible,107.597160858,edqtwr,1000,20,True
compact,1003287.0,9.967227755141096e-05,potnpm_1000_20,feasible,0.617988109588623,potnpm,1000,20,True
compact,1015759.0,9.844845239032842e-05,mrsjxl_1000_100,feasible,0.6967430114746094,mrsjxl,1000,100,True
compact,1001452.0,9.859263778705912e-05,jqkdcz_400_20,feasible,1.3902652263641355,jqkdcz,400,20,True
mckp,1006894.0,0.0,drueno_400_100,feasible,89.708922336,drueno,400,100,True
compact,503831.0,0.0,azrxdm_1200_20,feasible,0.0057370662689208,azrxdm,1200,20,True
mckp,1001316.0,0.0,aegutu_400_20,feasible,62.680152326,aegutu,400,20,True
mckp,505222.0,0.0,ocokoa_600_20,feasible,68.563625997,ocokoa,600,20,True
compact,1011602.0,9.885300854188848e-05,rkrzzr_1000_100,feasible,0.5117881298065186,rkrzzr,1000,100,True
compact,1004075.0,8.051128004561958e-05,sgxciy_400_20,feasible,0.278315782546997,sgxciy,400,20,True
compact,1004236.0,0.0,skifbk_1200_100,feasible,0.0762889385223388,skifbk,1200,100,True
compact,1001481.0,9.985201930738644e-05,ytvrjf_400_20,feasible,2.1651530265808105,ytvrjf,400,20,True
mckp,1001541.0,0.0,cpfctd_800_20,feasible,74.661397225,cpfctd,800,20,True
compact,1011925.0,9.882145532380826e-05,twdhla_1200_100,feasible,0.8452041149139404,twdhla,1200,100,True
compact,994017.0,9.36928216132591e-13,jwsajq_400_20,feasible,2.198071956634521,jwsajq,400,20,True
compact,1003791.0,9.990087368608214e-05,qniopc_400_20,feasible,3.0594072341918945,qniopc,400,20,True
compact,1002085.0,0.075452130285433,atbthj_800_20,feasible,3600.000538110733,atbthj,800,20,False
mckp,1002951.0,0.0,nqjnoo_400_20,feasible,71.087516338,nqjnoo,400,20,True
mckp,1018264.0,0.0,txiide_1200_100,feasible,179.056820003,txiide,1200,100,True
compact,990630.0,0.4365227874226196,fgwytp_600_20,feasible,3600.0004057884216,fgwytp,600,20,False
mckp,997314.0,0.0,cihfma_400_20,feasible,65.306550461,cihfma,400,20,True
mckp,999310.0,0.0,ptaukp_1000_20,feasible,46.742993385000005,ptaukp,1000,20,True
compact,1004299.0,9.957184108334165e-05,okgwrb_800_20,feasible,1.787048101425171,okgwrb,800,20,True
compact,1010346.0,9.897589639994972e-05,mxniud_400_100,feasible,0.1219990253448486,mxniud,400,100,True
compact,504581.0,0.0,csoamt_400_20,feasible,0.0185778141021728,csoamt,400,20,True
mckp,1004394.0,0.0,ahhwxu_400_20,feasible,62.655271175,ahhwxu,400,20,True
compact,974433.0,0.0,rsdfsz_600_20,feasible,0.1958150863647461,rsdfsz,600,20,True
compact,504811.0,0.0,dspebr_1000_20,feasible,0.0075678825378417,dspebr,1000,20,True
compact,1014579.0,9.856295215754302e-05,arlwxu_600_100,feasible,0.1012210845947265,arlwxu,600,100,True
compact,1015741.0,9.84501969988442e-05,phemhe_800_100,feasible,0.9308228492736816,phemhe,800,100,True
compact,1003299.0,8.575875851189724e-05,wuflgh_1200_20,feasible,0.2289810180664062,wuflgh,1200,20,True
mckp,501901.0,0.0,bomdri_1200_20,feasible,47.746742946,bomdri,1200,20,True
compact,1012233.0,9.879138618145609e-05,gxvpgf_600_100,feasible,0.1491179466247558,gxvpgf,600,100,True
mckp,993444.0,0.0,iirldz_800_100,feasible,271.271785706,iirldz,800,100,True
compact,1015481.0,9.847540379839328e-05,kyjvuf_1000_100,feasible,0.1199030876159668,kyjvuf,1000,100,True
compact,972596.0,0.0,rwixxx_800_20,feasible,2.315107107162476,rwixxx,800,20,True
mckp,1005473.0,0.0,npbptw_800_100,feasible,161.723768054,npbptw,800,100,True
mckp,1003135.0,0.0,lxsqea_800_20,feasible,100.021177189,lxsqea,800,20,True
compact,1002871.0,0.0,xvzjqj_400_20,feasible,0.4981241226196289,xvzjqj,400,20,True
mckp,1001427.0,0.0,eefcnc_1000_20,feasible,49.312644453,eefcnc,1000,20,True
mckp,972627.0,0.0,ngzyoc_1000_20,feasible,56.463689112,ngzyoc,1000,20,True
compact,505164.0,0.0,klgftp_1200_20,feasible,0.0055859088897705,klgftp,1200,20,True
compact,1001840.0,0.0853324533289058,opktjf_400_20,feasible,3600.000441789627,opktjf,400,20,False
compact,601784.0,0.0,xlmsrh_800_20,feasible,0.0328328609466552,xlmsrh,800,20,True
compact,1001960.0,0.1016350345276215,czkdtu_800_20,feasible,3600.000720977783,czkdtu,800,20,False
compact,1003724.0,9.962888241301152e-05,cnnjbo_400_100,feasible,0.1185119152069091,cnnjbo,400,100,True
compact,1005243.0,9.947833560807128e-05,zlciyw_800_100,feasible,0.1468949317932129,zlciyw,800,100,True
mckp,503699.0,0.0,rxiejf_1000_20,feasible,40.82415955,rxiejf,1000,20,True
mckp,1006603.0,0.0,zdcakg_600_100,feasible,130.481618636,zdcakg,600,100,True
mckp,1002674.0,0.0,jkkfyz_600_20,feasible,66.195893707,jkkfyz,600,20,True
mckp,1014882.0,0.0,hjsqeh_800_100,feasible,226.709925693,hjsqeh,800,100,True
mckp,1003174.0,0.0,kqilpv_1000_20,feasible,115.633277958,kqilpv,1000,20,True
compact,972663.0,0.0,ksueia_1200_20,feasible,0.2528698444366455,ksueia,1200,20,True
mckp,513812.0,0.0,qzjehm_1000_20,feasible,46.554026167,qzjehm,1000,20,True
mckp,1004444.0,0.0,cjyiwy_600_20,feasible,100.466262126,cjyiwy,600,20,True
compact,1004096.0,0.0,mzlqfj_800_20,feasible,0.1293058395385742,mzlqfj,800,20,True
compact,603376.0,0.0,oywzoh_1000_20,feasible,0.0053699016571044,oywzoh,1000,20,True
compact,501810.0,0.0,svietx_1000_20,feasible,0.0062599182128906,svietx,1000,20,True
mckp,1015835.0,0.0,gkcefz_1000_100,feasible,267.229996426,gkcefz,1000,100,True
mckp,1018334.0,0.0,hodxia_1200_100,feasible,206.263115299,hodxia,1200,100,True
mckp,1011947.0,0.0,vfnnim_1000_100,feasible,202.259968998,vfnnim,1000,100,True
compact,1003104.0,9.96904611182279e-05,pxzpft_400_100,feasible,0.1415259838104248,pxzpft,400,100,True
mckp,1003245.0,0.0,lfdkcp_1000_20,feasible,76.62323685800001,lfdkcp,1000,20,True
compact,974232.0,0.0,kkysnw_400_20,feasible,0.1595020294189453,kkysnw,400,20,True
compact,1004020.0,0.0415480371302512,jcfisd_600_100,feasible,3600.0006110668182,jcfisd,600,100,False
compact,1011666.0,9.884675491045967e-05,wstmqk_400_100,feasible,0.1191968917846679,wstmqk,400,100,True
mckp,1010465.0,0.0,tzjahm_800_100,feasible,174.390574637,tzjahm,800,100,True
mckp,504830.0,0.0,tofkgp_1000_20,feasible,48.416164637,tofkgp,1000,20,True
mckp,1010659.0,0.0,wxskcq_400_100,feasible,87.170596925,wxskcq,400,100,True
mckp,1004654.0,0.0,xmxwsw_600_100,feasible,125.407869934,xmxwsw,600,100,True
mckp,1010337.0,0.0,vsmzos_1000_100,feasible,264.557957633,vsmzos,1000,100,True
mckp,1010239.0,0.0,bqxhei_1000_100,feasible,230.659013382,bqxhei,1000,100,True
compact,1009880.0,9.902156788770164e-05,zdbksq_800_100,feasible,1.277925968170166,zdbksq,800,100,True
compact,1004909.0,9.951139903075896e-05,jdiiqj_1200_20,feasible,0.1931700706481933,jdiiqj,1200,20,True
mckp,990659.0,0.0,qrgrzv_1000_20,feasible,48.950880175,qrgrzv,1000,20,True
mckp,1018275.0,0.0,qwmdgt_1000_100,feasible,169.625486377,qwmdgt,1000,100,True
mckp,1009758.0,0.0,hethgw_1000_100,feasible,273.135224034,hethgw,1000,100,True
mckp,1002934.0,0.0,brkrhg_400_20,feasible,65.807694501,brkrhg,400,20,True
mckp,974531.0,0.0,dfyyal_600_20,feasible,70.149660203,dfyyal,600,20,True
compact,1004546.0,4.8140504976942575e-05,pozjdm_600_20,feasible,0.3482339382171631,pozjdm,600,20,True
mckp,1005742.0,0.0,rzqqof_400_100,feasible,129.48451823,rzqqof,400,100,True
mckp,993657.0,0.0,hswpva_1200_100,feasible,319.814295607,hswpva,1200,100,True
compact,977899.0,0.0,ctskbo_600_100,feasible,0.3030579090118408,ctskbo,600,100,True
mckp,1010400.0,0.0,ucayrz_800_100,feasible,200.198146307,ucayrz,800,100,True
compact,1004638.0,9.953824209492166e-05,hzrdjc_600_20,feasible,0.0282831192016601,hzrdjc,600,20,True
mckp,505005.0,0.0,gpfueb_800_20,feasible,47.435125584,gpfueb,800,20,True
mckp,515240.0,0.0,kfwaho_800_20,feasible,40.813621253,kfwaho,800,20,True
mckp,601889.0,0.0,nzmmdt_1000_20,feasible,49.212108234,nzmmdt,1000,20,True
mckp,1004818.0,0.0,ybuqfw_800_20,feasible,63.99379884,ybuqfw,800,20,True
mckp,1015476.0,0.0,uxctvt_800_100,feasible,222.596584524,uxctvt,800,100,True
compact,505618.0,0.0,hbnmdm_800_20,feasible,0.0071978569030761,hbnmdm,800,20,True
compact,1010190.0,9.899118087569578e-05,roowvm_800_100,feasible,0.1601910591125488,roowvm,800,100,True
compact,1007557.0,9.924986948642162e-05,nnzyjc_600_100,feasible,5.780158996582031,nnzyjc,600,100,True
compact,1001533.0,9.984683495517876e-05,bccvrj_800_20,feasible,3.696223020553589,bccvrj,800,20,True
mckp,506061.0,0.0,rxcvsq_1000_20,feasible,49.482252883,rxcvsq,1000,20,True
mckp,1001694.0,0.0,qqsvde_1200_20,feasible,114.369497437,qqsvde,1200,20,True
mckp,999392.0,0.0,uotyvv_1000_20,feasible,55.70780203,uotyvv,1000,20,True
mckp,1002827.0,0.0,yohcrd_400_100,feasible,115.028205002,yohcrd,400,100,True
mckp,999271.0,0.0,ogzuev_400_20,feasible,74.548364593,ogzuev,400,20,True
mckp,1006427.0,0.0,wirilv_1200_100,feasible,347.895644039,wirilv,1200,100,True
compact,976027.0,2.644871220387077,gtsggh_600_100,feasible,3600.0005009174347,gtsggh,600,100,False
compact,505417.0,0.0,uabeek_800_20,feasible,0.0063230991363525,uabeek,800,20,True
mckp,1008212.0,0.0,twvzcp_400_100,feasible,121.324686186,twvzcp,400,100,True
compact,1009186.0,0.0353357159189921,fkjnri_1200_100,feasible,3600.000853061676,fkjnri,1200,100,False
mckp,974432.0,0.0,bggfql_800_20,feasible,43.609523193,bggfql,800,20,True
compact,1003245.0,9.96764502425128e-05,lfdkcp_1000_20,feasible,0.2234029769897461,lfdkcp,1000,20,True
compact,1001620.0,9.997369349423192e-05,sayrtl_1000_20,feasible,122.88417100906372,sayrtl,1000,20,True
mckp,993962.0,0.0,izemto_600_20,feasible,69.745244318,izemto,600,20,True
compact,993171.0,2.026875904621658,tlthwy_1200_100,feasible,3600.0006589889526,tlthwy,1200,100,False
mckp,503233.0,0.0,zkjspt_800_20,feasible,51.747624516,zkjspt,800,20,True
mckp,970809.0,0.0,jmyewm_600_20,feasible,74.858919166,jmyewm,600,20,True
mckp,1009793.0,0.0,unpbeq_600_100,feasible,150.97560423899998,unpbeq,600,100,True
mckp,1001840.0,0.0,opktjf_400_20,feasible,70.136487027,opktjf,400,20,True
compact,1014178.0,9.860192332911644e-05,hbagrw_600_100,feasible,0.0543320178985595,hbagrw,600,100,True
mckp,1004678.0,0.0,tvgrtg_1000_20,feasible,68.34397244200001,tvgrtg,1000,20,True
mckp,1001496.0,0.0,eqmace_800_20,feasible,55.258660796,eqmace,800,20,True
compact,1003238.0,2.357365331938637e-05,bonppa_800_20,feasible,0.4298849105834961,bonppa,800,20,True
compact,1004218.0,9.95798725178472e-05,omsxcx_400_100,feasible,2.22146987915039,omsxcx,400,100,True
compact,1015573.0,9.846648299385372e-05,vafjns_800_100,feasible,0.1809849739074707,vafjns,800,100,True
compact,1003242.0,9.967674830524608e-05,bklqhv_800_20,feasible,0.1708228588104248,bklqhv,800,20,True
mckp,501734.0,0.0,hwgmqc_400_20,feasible,76.52699275100001,hwgmqc,400,20,True
mckp,1013656.0,0.0,qvbmry_600_100,feasible,150.065620857,qvbmry,600,100,True
compact,1004994.0,0.0,lpuqde_1200_20,feasible,0.1368651390075683,lpuqde,1200,20,True
mckp,1004076.0,0.0,hmwtuj_1000_100,feasible,334.222233924,hmwtuj,1000,100,True
mckp,511881.0,0.0,zanybj_600_20,feasible,64.239630901,zanybj,600,20,True
compact,974594.0,1.1988972768829869,yqgjas_1000_20,feasible,3600.0008630752563,yqgjas,1000,20,False
mckp,503497.0,0.0,edbzzf_1000_20,feasible,38.914628497,edbzzf,1000,20,True
compact,1019304.0,9.810606246412998e-05,vkprhm_1200_100,feasible,0.203773021697998,vkprhm,1200,100,True
compact,1002025.0,0.078739459973075,pwbrid_600_20,feasible,3600.000514984131,pwbrid,600,20,False
mckp,1003234.0,0.0,zzzwmk_1000_20,feasible,49.623298372,zzzwmk,1000,20,True
compact,1009044.0,9.91036078668444e-05,rlzgeh_800_100,feasible,0.1640009880065918,rlzgeh,800,100,True
mckp,501717.0,0.0,rccxpa_400_20,feasible,70.598934458,rccxpa,400,20,True
compact,506417.0,0.0,gtaudz_600_20,feasible,0.0275330543518066,gtaudz,600,20,True
mckp,975349.0,0.0,wutprr_800_100,feasible,317.263755983,wutprr,800,100,True
mckp,1001415.0,0.0,smrplb_1200_20,feasible,61.038325466,smrplb,1200,20,True
mckp,1004552.0,0.0,rhgzeh_800_20,feasible,46.203905835,rhgzeh,800,20,True
compact,1011418.0,9.887099214074484e-05,pcbbea_1200_100,feasible,0.1049540042877197,pcbbea,1200,100,True
compact,999324.0,0.3621385887466496,gizidz_1000_20,feasible,3600.0005848407745,gizidz,1000,20,False
mckp,1005057.0,0.0,nayrmk_1200_20,feasible,153.019651106,nayrmk,1200,20,True
compact,1001619.0,9.983826201553484e-05,ijncjz_1000_20,feasible,1.5679049491882324,ijncjz,1000,20,True
compact,1004839.0,9.951833127662116e-05,jnbkvy_600_100,feasible,0.2214031219482422,jnbkvy,600,100,True
compact,514860.0,0.0,rfbdif_800_20,feasible,0.0106678009033203,rfbdif,800,20,True
compact,502829.0,0.0,hezgje_600_20,feasible,0.0177760124206542,hezgje,600,20,True
mckp,1001533.0,0.0,bccvrj_800_20,feasible,64.672069293,bccvrj,800,20,True
mckp,1014043.0,0.0,rpfbno_600_100,feasible,144.428510902,rpfbno,600,100,True
mckp,515670.0,0.0,kezugh_1000_20,feasible,42.440540201000005,kezugh,1000,20,True
mckp,992098.0,0.0,xblnrf_400_20,feasible,64.108430572,xblnrf,400,20,True
mckp,1003267.0,0.0,esapgf_1200_20,feasible,46.822444315,esapgf,1200,20,True
compact,1005038.0,9.493906956481203e-05,ifwqek_1200_20,feasible,0.4423990249633789,ifwqek,1200,20,True
mckp,1004403.0,0.0,baxdqz_1000_20,feasible,50.570696531,baxdqz,1000,20,True
mckp,505783.0,0.0,nfkzft_1000_20,feasible,46.419982129,nfkzft,1000,20,True
compact,1007115.0,0.0,lgieec_400_100,feasible,0.0387389659881591,lgieec,400,100,True
mckp,992440.0,0.0,pnchob_600_20,feasible,68.505976998,pnchob,600,20,True
compact,1001376.0,9.986248935216208e-05,idcrwo_400_20,feasible,5.506693124771118,idcrwo,400,20,True
mckp,1003287.0,0.0,potnpm_1000_20,feasible,61.409126386,potnpm,1000,20,True
mckp,1004174.0,0.0,yhnwdc_600_20,feasible,73.38994564500001,yhnwdc,600,20,True
compact,972672.0,0.0,wluuib_1200_20,feasible,2.458867073059082,wluuib,1200,20,True
compact,1003620.0,9.963920643350428e-05,zaswqf_1000_100,feasible,1.677386999130249,zaswqf,1000,100,True
mckp,1002075.0,0.0,ylmrqx_400_20,feasible,75.30372084300001,ylmrqx,400,20,True
compact,1010024.0,0.0,stklre_800_100,feasible,0.0180869102478027,stklre,800,100,True
mckp,1005732.0,0.0,gnnnqo_1000_100,feasible,196.232384826,gnnnqo,1000,100,True
compact,974663.0,0.0,wopizf_600_20,feasible,0.5112030506134033,wopizf,600,20,True
compact,990210.0,1.843519929840001,ujrnkz_1000_100,feasible,3600.000582933426,ujrnkz,1000,100,False
mckp,505999.0,0.0,qpgmwn_1200_20,feasible,42.168049109,qpgmwn,1200,20,True
mckp,1010317.0,0.0,ighpwp_1200_100,feasible,334.656034748,ighpwp,1200,100,True
compact,1004150.0,0.0621897759273245,bdobkt_800_100,feasible,3600.0005729198456,bdobkt,800,100,False
mckp,1003048.0,0.0,efkuqq_800_20,feasible,57.881109342,efkuqq,800,20,True
mckp,1013245.0,0.0,bkovkt_1000_100,feasible,312.325878708,bkovkt,1000,100,True
compact,1009614.0,9.904765678005972e-05,yktfxs_600_100,feasible,0.1004800796508789,yktfxs,600,100,True
compact,501717.0,0.0,rccxpa_400_20,feasible,0.0176680088043212,rccxpa,400,20,True
compact,974517.0,2.0172122578358667,pekqcf_600_20,feasible,3600.000384092331,pekqcf,600,20,False
mckp,972739.0,0.0,oirdwe_800_20,feasible,47.556698195,oirdwe,800,20,True
mckp,1007005.0,0.0,fsxhhc_400_100,feasible,97.079698265,fsxhhc,400,100,True
mckp,1004379.0,0.0,twvamj_600_20,feasible,78.393015508,twvamj,600,20,True
compact,1004423.0,0.0038493070830091,yyqogr_800_100,feasible,3600.000507831573,yyqogr,800,100,False
mckp,1005740.0,0.0,nbcjvo_800_100,feasible,137.488814682,nbcjvo,800,100,True
mckp,1005084.0,0.0,ubmoir_1000_100,feasible,228.83377234,ubmoir,1000,100,True
compact,972695.0,1.3961064585093446,lzaiqr_1200_20,feasible,3600.0008170604706,lzaiqr,1200,20,False
compact,1003206.0,9.968032519709292e-05,bcxswi_600_20,feasible,0.5316910743713379,bcxswi,600,20,True
compact,1004311.0,0.0102408722030195,ljvixf_1200_100,feasible,3600.000894069672,ljvixf,1200,100,False
mckp,1016517.0,0.0,sfzvge_1000_100,feasible,208.059140082,sfzvge,1000,100,True
mckp,1010976.0,0.0,yeeclu_1200_100,feasible,296.931973547,yeeclu,1200,100,True
mckp,1016357.0,0.0,ikkhlj_800_100,feasible,132.45413983600002,ikkhlj,800,100,True
mckp,1002784.0,0.0,ukxvgl_400_100,feasible,120.701053814,ukxvgl,400,100,True
mckp,1006850.0,0.0,yvuduf_400_100,feasible,85.195544138,yvuduf,400,100,True
mckp,513643.0,0.0,cyximl_800_20,feasible,44.420444384,cyximl,800,20,True
compact,998822.0,0.3423098099036251,osmuun_600_20,feasible,3600.0005769729614,osmuun,600,20,False
mckp,515482.0,0.0,qjzpvj_800_20,feasible,46.517486657,qjzpvj,800,20,True
mckp,1013810.0,0.0,rnzvxc_600_100,feasible,161.893784791,rnzvxc,600,100,True
compact,1001978.0,0.1178937954060323,azctkf_1200_20,feasible,3600.000720977783,azctkf,1200,20,False
compact,970825.0,0.0,jtdsaz_600_20,feasible,3.575889825820923,jtdsaz,600,20,True
mckp,601840.0,0.0,fdzjuw_1000_20,feasible,39.74206603,fdzjuw,1000,20,True
compact,1006953.0,9.93094024156019e-05,ptplde_600_100,feasible,0.9009318351745604,ptplde,600,100,True
mckp,999412.0,0.0,enomjm_800_20,feasible,47.422689158,enomjm,800,20,True
mckp,1002131.0,0.0,ykrzhm_1200_20,feasible,52.768337696,ykrzhm,1200,20,True
compact,972567.0,0.2066529103276177,fpadoo_1000_20,feasible,3600.0005559921265,fpadoo,1000,20,False
mckp,1013290.0,0.0,tozqlo_600_100,feasible,103.650464358,tozqlo,600,100,True
mckp,1004271.0,0.0,olegap_1200_20,feasible,52.467032728,olegap,1200,20,True
mckp,1004866.0,0.0,tarbhb_800_100,feasible,172.52787148299998,tarbhb,800,100,True
mckp,505514.0,0.0,ngziwh_1000_20,feasible,46.519943389,ngziwh,1000,20,True
compact,1003023.0,9.6878916149808e-05,rlnfvy_800_20,feasible,0.2807071208953857,rlnfvy,800,20,True
compact,1001482.0,8.814249089810397e-05,hazcvu_600_20,feasible,0.3203740119934082,hazcvu,600,20,True
compact,507767.0,0.0,rxziff_1200_100,feasible,0.0285060405731201,rxziff,1200,100,True
compact,1007226.0,0.0,xcljtb_400_100,feasible,0.0270371437072753,xcljtb,400,100,True
compact,1005528.0,0.0,kkkyxf_800_100,feasible,10.008203983306885,kkkyxf,800,100,True
compact,1004241.0,8.478784205809918e-05,zxtvbh_600_20,feasible,0.5872538089752197,zxtvbh,600,20,True
mckp,1015260.0,0.0,sctfbm_800_100,feasible,164.273879152,sctfbm,800,100,True
compact,970760.0,0.0,vtadfk_400_20,feasible,0.353126049041748,vtadfk,400,20,True
compact,1002821.0,9.83323410479258e-05,ovwfyl_400_20,feasible,0.1411828994750976,ovwfyl,400,20,True
mckp,1001343.0,0.0,vgzyjv_1000_20,feasible,57.627428315,vgzyjv,1000,20,True
compact,1011119.0,9.890022944853232e-05,ngazba_600_100,feasible,0.441878080368042,ngazba,600,100,True
compact,1010549.0,0.0,dqdgmg_800_100,feasible,0.3285260200500488,dqdgmg,800,100,True
mckp,1009832.0,0.0,viajua_600_100,feasible,247.509774091,viajua,600,100,True
mckp,1005691.0,0.0,cxggbs_400_100,feasible,108.88241029,cxggbs,400,100,True
mckp,974205.0,0.0,fxkjvo_400_20,feasible,75.488380683,fxkjvo,400,20,True
mckp,1004790.0,0.0,bxaasi_1200_20,feasible,117.223862261,bxaasi,1200,20,True
compact,999934.0,0.1430214600256638,tblnlj_400_20,feasible,3600.000361919403,tblnlj,400,20,False
mckp,1000148.0,0.0,kecvki_400_20,feasible,68.339526901,kecvki,400,20,True
compact,1002785.0,0.0,kpchkz_400_20,feasible,0.066645860671997,kpchkz,400,20,True
compact,1003167.0,8.625545066970344e-05,ftafcj_800_20,feasible,0.8708250522613525,ftafcj,800,20,True
compact,1001212.0,0.1475967937335791,eldais_1200_20,feasible,3600.0007648468018,eldais,1200,20,False
mckp,1002152.0,0.0,xdbwol_1000_20,feasible,45.182553609,xdbwol,1000,20,True
compact,1001342.0,0.0157339961700826,flecot_1000_20,feasible,3600.0006670951843,flecot,1000,20,False
mckp,506389.0,0.0,mfjdss_400_20,feasible,66.347526771,mfjdss,400,20,True
compact,1002674.0,9.973321365347697e-05,axmcvt_400_100,feasible,12.809859991073608,axmcvt,400,100,True
mckp,1004611.0,0.0,rmhiwq_1000_20,feasible,51.785108282,rmhiwq,1000,20,True
mckp,1001395.0,0.0,vcixcf_1000_20,feasible,47.113774527,vcixcf,1000,20,True
compact,990611.0,0.0,qturnk_1200_20,feasible,17.479249954223633,qturnk,1200,20,True
compact,504714.0,0.0,exbchb_600_20,feasible,0.0105640888214111,exbchb,600,20,True
compact,1001394.0,0.1745733623980588,tjcypi_1200_20,feasible,3600.0006518363957,tjcypi,1200,20,False
mckp,1003468.0,0.0,dyvayl_600_100,feasible,157.33155441699998,dyvayl,600,100,True
compact,979424.0,2.4449412752869275,qbtdoz_800_100,feasible,3600.0005140304565,qbtdoz,800,100,False
mckp,1001298.0,0.0,qvgjgi_600_20,feasible,72.859760359,qvgjgi,600,20,True
compact,1009651.0,9.904402705090468e-05,nabdip_600_100,feasible,0.1300940513610839,nabdip,600,100,True
compact,1004031.0,9.959841917389087e-05,scvtwp_600_100,feasible,0.2790620326995849,scvtwp,600,100,True
mckp,1001676.0,0.0,pilcyh_1200_20,feasible,105.821741653,pilcyh,1200,20,True
compact,1010465.0,9.896424026142394e-05,tzjahm_800_100,feasible,0.6315829753875732,tzjahm,800,100,True
mckp,1001367.0,0.0,wftsfg_800_20,feasible,49.784418936,wftsfg,800,20,True
mckp,1004940.0,0.0,yanxib_800_20,feasible,81.878067188,yanxib,800,20,True
mckp,503568.0,0.0,tkzact_800_20,feasible,47.420246152,tkzact,800,20,True
compact,1002234.0,9.977699840855688e-05,lmnndp_1000_100,feasible,0.6708810329437256,lmnndp,1000,100,True
compact,984609.0,2.3587775558843243,ibvptk_800_100,feasible,3600.000799179077,ibvptk,800,100,False
compact,503656.0,0.0,apmcvp_800_20,feasible,0.00468111038208,apmcvp,800,20,True
mckp,502368.0,0.0,fpcqvo_600_20,feasible,72.66901819799999,fpcqvo,600,20,True
mckp,1017557.0,0.0,zjuuef_1000_100,feasible,171.181953098,zjuuef,1000,100,True
mckp,1003746.0,0.0,ncktqf_600_20,feasible,76.71643851799999,ncktqf,600,20,True
compact,972660.0,0.0,lhccyq_1200_20,feasible,0.3154640197753906,lhccyq,1200,20,True
compact,1001462.0,9.985391372422148e-05,ouobhc_800_20,feasible,0.1918668746948242,ouobhc,800,20,True
mckp,504957.0,0.0,dhueyo_600_20,feasible,75.778052355,dhueyo,600,20,True
compact,1001676.0,9.983258076206202e-05,pilcyh_1200_20,feasible,0.1231169700622558,pilcyh,1200,20,True
mckp,1001461.0,0.0,hbodyh_1000_20,feasible,47.931560745,hbodyh,1000,20,True
compact,501779.0,0.0,vcthbi_600_20,feasible,0.018665075302124,vcthbi,600,20,True
compact,503613.0,0.0,nbjhfl_600_20,feasible,0.0136778354644775,nbjhfl,600,20,True
compact,1019149.0,9.81209831722514e-05,gghzec_1200_100,feasible,0.2782011032104492,gghzec,1200,100,True
compact,1001322.0,9.995954688569138e-05,scvjox_800_20,feasible,10.114202976226808,scvjox,800,20,True
compact,1000202.0,0.1107730681468731,wgszll_1000_20,feasible,3600.000544071197,wgszll,1000,20,False
mckp,515328.0,0.0,kwoavw_400_20,feasible,73.205174735,kwoavw,400,20,True
compact,974626.0,0.0,vpnnbr_800_20,feasible,1.4394140243530271,vpnnbr,800,20,True
mckp,1002203.0,0.0,xkxrjx_800_100,feasible,328.18323867,xkxrjx,800,100,True
compact,515395.0,0.0,rinwhe_1200_100,feasible,0.0473599433898925,rinwhe,1200,100,True
compact,1005782.0,9.942502507996258e-05,pnfxdi_600_100,feasible,0.2542550563812256,pnfxdi,600,100,True
mckp,511585.0,0.0,hgvlor_800_20,feasible,40.194305548,hgvlor,800,20,True
compact,993444.0,0.0061184384303072,iirldz_800_100,feasible,3600.000473022461,iirldz,800,100,False
mckp,979571.0,0.0,lhxjcj_1000_100,feasible,341.254852289,lhxjcj,1000,100,True
compact,1001318.0,0.0,ifhugs_1200_20,feasible,0.0881149768829345,ifhugs,1200,20,True
mckp,1004709.0,0.0,qupxkq_1200_20,feasible,53.778279077,qupxkq,1200,20,True
mckp,972611.0,0.0,rfzmlc_1000_20,feasible,51.460042833,rfzmlc,1000,20,True
compact,1015822.0,0.0,srhqzc_1000_100,feasible,0.097869873046875,srhqzc,1000,100,True
mckp,977221.0,0.0,pryazi_1200_100,feasible,277.74520001900004,pryazi,1200,100,True
compact,1004583.0,0.0699982612099476,sohayn_1000_100,feasible,3600.0007178783417,sohayn,1000,100,False
compact,994319.0,0.0,cpfujy_600_20,feasible,0.3051841259002685,cpfujy,600,20,True
compact,1011475.0,0.0,vdnnam_400_100,feasible,0.055772066116333,vdnnam,400,100,True
mckp,1004750.0,0.0,dcrtiq_600_100,feasible,119.9234191,dcrtiq,600,100,True
compact,1010657.0,9.894543950574774e-05,mjjsir_1000_100,feasible,0.4087879657745361,mjjsir,1000,100,True
compact,1002126.0,0.0891555170783502,frfbiy_1200_20,feasible,3600.000816822052,frfbiy,1200,20,False
mckp,976210.0,0.0,rxhlpx_600_20,feasible,67.71242626,rxhlpx,600,20,True
compact,1005142.0,9.948833151103872e-05,yqdlcg_1000_100,feasible,21.893255949020386,yqdlcg,1000,100,True
mckp,1010930.0,0.0,lxudrk_800_100,feasible,143.48695062000002,lxudrk,800,100,True
mckp,972787.0,0.0,vyusps_800_20,feasible,52.397184478,vyusps,800,20,True
mckp,514768.0,0.0,eirkqs_400_20,feasible,69.42776348599999,eirkqs,400,20,True
mckp,1003982.0,0.0,nrvift_400_20,feasible,78.718640567,nrvift,400,20,True
compact,1012736.0,9.87423190818544e-05,ebseqr_800_100,feasible,0.34014892578125,ebseqr,800,100,True
compact,1004978.0,9.950456676209156e-05,sxxyrx_1000_100,feasible,1.3079190254211426,sxxyrx,1000,100,True
mckp,1003203.0,0.0,seopbc_1000_20,feasible,117.730450676,seopbc,1000,20,True
mckp,504661.0,0.0,bznmin_800_20,feasible,46.336489411,bznmin,800,20,True
mckp,1001412.0,0.0,wfvjax_1200_20,feasible,49.126418386,wfvjax,1200,20,True
mckp,1010549.0,0.0,dqdgmg_800_100,feasible,300.34729414900005,dqdgmg,800,100,True
compact,1001609.0,9.983925879334272e-05,avvxqx_1200_20,feasible,1.0428988933563232,avvxqx,1200,20,True
compact,1006191.0,9.938461049183456e-05,youqlw_1200_100,feasible,0.0965259075164794,youqlw,1200,100,True
mckp,1009881.0,0.0,zdbksq_800_100,feasible,187.505898286,zdbksq,800,100,True
mckp,1002734.0,0.0,eoeopo_400_20,feasible,64.946620055,eoeopo,400,20,True
compact,1009385.0,9.90701277806508e-05,wyixer_600_100,feasible,0.1802051067352295,wyixer,600,100,True
compact,972574.0,0.0,audmsk_400_20,feasible,2.5557191371917725,audmsk,400,20,True
mckp,1005485.0,0.0,eynxil_1200_100,feasible,282.224369264,eynxil,1200,100,True
mckp,999315.0,0.0,annrpe_400_20,feasible,67.73524657,annrpe,400,20,True
compact,501800.0,0.0,ulyxaz_600_20,feasible,0.0156800746917724,ulyxaz,600,20,True
mckp,603154.0,0.0,qxcdku_800_20,feasible,43.500393911,qxcdku,800,20,True
compact,1011070.0,9.890502249594735e-05,qjbjya_1200_100,feasible,106.23164486885072,qjbjya,1200,100,True
mckp,1004097.0,0.0,dzeeyi_600_100,feasible,161.27522387099998,dzeeyi,600,100,True
compact,506159.0,0.0,lzlmtv_400_20,feasible,0.0046510696411132,lzlmtv,400,20,True
compact,1001409.0,0.0202858665008076,zqavjj_1200_20,feasible,3600.000824928284,zqavjj,1200,20,False
compact,1001446.0,1.1255553499870156e-05,pzjbjf_600_20,feasible,0.1581289768218994,pzjbjf,600,20,True
compact,1014525.0,9.85681983507569e-05,urjvqq_800_100,feasible,0.1533701419830322,urjvqq,800,100,True
compact,1007345.0,9.927075701893888e-05,pwoajs_600_100,feasible,2.831707000732422,pwoajs,600,100,True
compact,1003102.0,0.0387250724845255,qqbfdm_600_100,feasible,3600.000574827194,qqbfdm,600,100,False
compact,1006156.0,9.9388067667372e-05,elviom_1000_100,feasible,0.4426350593566894,elviom,1000,100,True
mckp,995674.0,0.0,gnnoap_1200_20,feasible,44.955225478,gnnoap,1200,20,True
mckp,1011774.0,0.0,wsxqhp_1000_100,feasible,202.885165783,wsxqhp,1000,100,True
mckp,1009006.0,0.0,hobnrv_1000_100,feasible,348.654516656,hobnrv,1000,100,True
mckp,1001247.0,0.0,nzqamt_400_20,feasible,72.545714669,nzqamt,400,20,True
mckp,1005480.0,0.0,zezmcr_600_100,feasible,244.140735044,zezmcr,600,100,True
compact,970622.0,1.2643883250333805,utkdrg_600_20,feasible,3600.000463962555,utkdrg,600,20,False
mckp,1003138.0,0.0,ybrmql_1200_20,feasible,53.89780336,ybrmql,1200,20,True
mckp,992519.0,0.0,qoendi_600_20,feasible,78.76706351200001,qoendi,600,20,True
mckp,505377.0,0.0,qzevra_600_20,feasible,65.608005555,qzevra,600,20,True
compact,974514.0,0.0,zslrou_800_20,feasible,0.0703389644622802,zslrou,800,20,True
compact,1012866.0,9.87296456494288e-05,hzimpl_1200_100,feasible,0.0480899810791015,hzimpl,1200,100,True
mckp,606730.0,0.0,tcxmrv_1200_100,feasible,323.60628591,tcxmrv,1200,100,True
compact,990548.0,0.0,vlbrsm_400_20,feasible,0.7400639057159424,vlbrsm,400,20,True
mckp,974614.0,0.0,ykdnlg_1200_20,feasible,53.979327197,ykdnlg,1200,20,True
mckp,1002713.0,0.0,qisarh_400_20,feasible,66.83470438799999,qisarh,400,20,True
mckp,505417.0,0.0,uabeek_800_20,feasible,41.330425546,uabeek,800,20,True
compact,501734.0,0.0,hwgmqc_400_20,feasible,0.0141880512237548,hwgmqc,400,20,True
compact,1012384.0,9.87766511751952e-05,ozhttg_1200_100,feasible,0.5461680889129639,ozhttg,1200,100,True
compact,1002494.0,0.0,vnpfdm_400_20,feasible,0.0406329631805419,vnpfdm,400,20,True
mckp,1007496.0,0.0,cjupel_1000_100,feasible,332.150457356,cjupel,1000,100,True
mckp,1004592.0,0.0,bxtauz_600_20,feasible,92.667925381,bxtauz,600,20,True
compact,1001577.0,9.98424486160838e-05,borhfu_1000_20,feasible,0.4423339366912842,borhfu,1000,20,True
compact,1005828.0,9.942047803354249e-05,lsmriz_1000_100,feasible,0.0604939460754394,lsmriz,1000,100,True
mckp,1009952.0,0.0,txjmso_1000_100,feasible,362.451674818,txjmso,1000,100,True
mckp,1009819.0,0.0,bwrupg_800_100,feasible,177.572481194,bwrupg,800,100,True
compact,1003238.0,9.977488429217564e-05,hggens_1000_20,feasible,10.678741931915283,hggens,1000,20,True
compact,999962.0,0.1441743740427769,zwwfjr_400_20,feasible,3600.0004239082336,zwwfjr,400,20,False
mckp,1012866.0,0.0,hzimpl_1200_100,feasible,222.539806919,hzimpl,1200,100,True
mckp,982710.0,0.0,pvglgm_1200_100,feasible,354.109976465,pvglgm,1200,100,True
mckp,1008148.0,0.0,fgfaqy_600_100,feasible,160.234533635,fgfaqy,600,100,True
compact,501855.0,0.0,egzutb_1000_20,feasible,0.0183010101318359,egzutb,1000,20,True
mckp,972633.0,0.0,czfqvx_800_20,feasible,49.695129495,czfqvx,800,20,True
compact,1010170.0,9.899314076527638e-05,bnnvxv_1200_100,feasible,0.4488198757171631,bnnvxv,1200,100,True
mckp,983879.0,0.0,eiojbc_1000_100,feasible,326.16823358100004,eiojbc,1000,100,True
compact,999064.0,9.952125545744944e-05,lqmcbd_600_20,feasible,565.0022730827332,lqmcbd,600,20,True
compact,1002853.0,9.971541221354256e-05,dkapwj_600_20,feasible,0.3368580341339111,dkapwj,600,20,True
mckp,515533.0,0.0,qcxbkt_600_20,feasible,71.280793048,qcxbkt,600,20,True
compact,1002938.0,9.409826175541608e-05,tbxddm_600_20,feasible,0.1747899055480957,tbxddm,600,20,True
mckp,996875.0,0.0,bfrriu_1200_100,feasible,313.713365583,bfrriu,1200,100,True
compact,1002386.0,9.976186842008128e-05,pzyvvo_400_100,feasible,0.96594500541687,pzyvvo,400,100,True
compact,1003524.0,9.964873819785256e-05,ihvgvx_400_100,feasible,0.0883550643920898,ihvgvx,400,100,True
mckp,1003271.0,0.0,atszxk_1200_20,feasible,92.588486542,atszxk,1200,20,True
mckp,513540.0,0.0,weicgh_1000_20,feasible,39.1106516,weicgh,1000,20,True
mckp,1011519.0,0.0,rthpfx_400_100,feasible,84.86658834699999,rthpfx,400,100,True
mckp,1001945.0,0.0,ljgjob_800_20,feasible,55.952925365,ljgjob,800,20,True
compact,503894.0,0.0,bmsfjj_1000_20,feasible,0.0077970027923583,bmsfjj,1000,20,True
mckp,1011397.0,0.0,jvnofh_600_100,feasible,199.523747015,jvnofh,600,100,True
mckp,1002038.0,0.0,jleqwk_800_100,feasible,300.960889141,jleqwk,800,100,True
compact,975998.0,0.0,ycvoap_400_20,feasible,0.2740499973297119,ycvoap,400,20,True
compact,974601.0,0.0,hnsbtx_1200_20,feasible,0.3519191741943359,hnsbtx,1200,20,True
mckp,506159.0,0.0,lzlmtv_400_20,feasible,69.074200202,lzlmtv,400,20,True
mckp,1004278.0,0.0,vdyked_600_100,feasible,110.987763646,vdyked,600,100,True
mckp,1005665.0,0.0,licfja_1000_100,feasible,217.868044174,licfja,1000,100,True
compact,997292.0,0.4704979652315464,zicnvb_1200_20,feasible,3600.0008821487427,zicnvb,1200,20,False
compact,1004881.0,8.938467952082795e-05,ecyuxb_1000_20,feasible,0.5286180973052979,ecyuxb,1000,20,True
compact,505732.0,0.0,adxzqa_1200_20,feasible,0.0459151268005371,adxzqa,1200,20,True
mckp,1004236.0,0.0,skifbk_1200_100,feasible,344.1943804,skifbk,1200,100,True
compact,1007523.0,9.92532187818851e-05,plqkzm_400_100,feasible,0.037626028060913,plqkzm,400,100,True
mckp,1007487.0,0.0,kryxzc_1200_100,feasible,343.935611126,kryxzc,1200,100,True
compact,1010337.0,9.89767780683296e-05,vsmzos_1000_100,feasible,0.2579889297485351,vsmzos,1000,100,True
compact,1000277.0,0.0183915215085845,ctmrms_800_100,feasible,3600.000597000122,ctmrms,800,100,False
mckp,1012830.0,0.0,fxipuu_1200_100,feasible,214.786134361,fxipuu,1200,100,True
mckp,974675.0,0.0,dzmhhr_1000_20,feasible,42.80937008,dzmhhr,1000,20,True
compact,505545.0,0.0,uabtne_1000_20,feasible,0.0480358600616455,uabtne,1000,20,True
mckp,1001608.0,0.0,kbhlxo_800_20,feasible,79.153799104,kbhlxo,800,20,True
compact,1003155.0,9.968539290000758e-05,buhtze_1200_20,feasible,7.207048892974853,buhtze,1200,20,True
compact,1003871.0,0.0505698845394412,yghakh_800_20,feasible,3600.001122951508,yghakh,800,20,False
compact,979496.0,2.447973920823341,kurlct_1000_100,feasible,3600.000623941421,kurlct,1000,100,False
compact,1004257.0,3.6226111654104346e-05,xphgep_600_20,feasible,0.3134009838104248,xphgep,600,20,True
compact,1003018.0,9.84578838795224e-05,kxoafa_800_20,feasible,1.4535610675811768,kxoafa,800,20,True
mckp,999393.0,0.0,islcrw_600_20,feasible,76.128619161,islcrw,600,20,True
mckp,1000019.0,0.0,oajide_1000_20,feasible,65.414052295,oajide,1000,20,True
compact,1004259.0,6.118451052045378e-05,yapzrt_400_20,feasible,0.1709649562835693,yapzrt,400,20,True
mckp,997422.0,0.0,loelvg_1000_20,feasible,48.697778863,loelvg,1000,20,True
mckp,1003037.0,0.0,sucazj_800_20,feasible,72.430096674,sucazj,800,20,True
mckp,992489.0,0.0,jdbiyw_800_20,feasible,50.15379555,jdbiyw,800,20,True
compact,523380.0,0.0,wttrla_1200_100,feasible,0.003364086151123,wttrla,1200,100,True
compact,1009515.0,0.0,hogful_600_100,feasible,0.0214829444885253,hogful,600,100,True
mckp,1002922.0,0.0,nlokaw_600_20,feasible,68.79143815,nlokaw,600,20,True
mckp,1015573.0,0.0,vafjns_800_100,feasible,147.616531823,vafjns,800,100,True
compact,1014088.0,0.0,tzaswy_600_100,feasible,0.0231630802154541,tzaswy,600,100,True
compact,1001311.0,6.798361993226788e-05,smfqxv_800_20,feasible,0.1338040828704834,smfqxv,800,20,True
compact,1007667.0,9.923903507901412e-05,ecenaf_400_100,feasible,0.193789005279541,ecenaf,400,100,True
mckp,503634.0,0.0,yplfwr_600_20,feasible,73.039330612,yplfwr,600,20,True
compact,501757.0,0.0,dylnbi_800_20,feasible,0.0057129859924316,dylnbi,800,20,True
mckp,1003597.0,0.0,obnwmh_400_100,feasible,77.955070898,obnwmh,400,100,True
mckp,515825.0,0.0,rokpsk_1200_100,feasible,323.26181275100004,rokpsk,1200,100,True
compact,1001496.0,9.99013480884882e-05,zedxos_600_20,feasible,32.935917139053345,zedxos,600,20,True
compact,993962.0,0.0,izemto_600_20,feasible,4.393456935882568,izemto,600,20,True
compact,1004386.0,0.0451657311847618,lxfruc_800_100,feasible,3600.0006489753723,lxfruc,800,100,False
compact,1009819.0,0.0057973102669772,bwrupg_800_100,feasible,3600.0005729198456,bwrupg,800,100,False
compact,1009232.0,9.908514683923336e-05,wiultp_600_100,feasible,0.1428489685058593,wiultp,600,100,True
mckp,1016522.0,0.0,zqfppq_1000_100,feasible,212.149505692,zqfppq,1000,100,True
compact,972672.0,0.0,oubqrd_1200_20,feasible,2.6534981727600098,oubqrd,1200,20,True
compact,972739.0,0.0,oirdwe_800_20,feasible,0.0454790592193603,oirdwe,800,20,True
compact,1001358.0,4.359717419746328e-05,xdpzld_400_20,feasible,0.287916898727417,xdpzld,400,20,True
compact,1004392.0,9.887920705818482e-05,jexvgq_1200_20,feasible,2.705203056335449,jexvgq,1200,20,True
mckp,1009141.0,0.0,ackksz_800_100,feasible,214.053394928,ackksz,800,100,True
mckp,1003044.0,0.0,akqkty_800_20,feasible,44.815710913,akqkty,800,20,True
mckp,602905.0,0.0,boqzpn_600_20,feasible,69.64885161299999,boqzpn,600,20,True
mckp,972779.0,0.0,vmkila_1000_20,feasible,49.227924560000005,vmkila,1000,20,True
mckp,1003524.0,0.0,ihvgvx_400_100,feasible,71.804526977,ihvgvx,400,100,True
compact,1001992.0,0.0529752502440588,tfbyeh_400_20,feasible,3600.0004291534424,tfbyeh,400,20,False
compact,1010284.0,0.0417187520532828,lcasbu_1000_100,feasible,3600.000674962997,lcasbu,1000,100,False
compact,1013810.0,0.0,rnzvxc_600_100,feasible,0.0390779972076416,rnzvxc,600,100,True
compact,601670.0,0.0,kcsefy_1000_20,feasible,0.0068287849426269,kcsefy,1000,20,True
mckp,1015481.0,0.0,kyjvuf_1000_100,feasible,245.914841897,kyjvuf,1000,100,True
compact,1011544.0,9.885867657889663e-05,oodwkk_1000_100,feasible,0.4184110164642334,oodwkk,1000,100,True
compact,1002934.0,9.482381163951952e-05,brkrhg_400_20,feasible,0.0619978904724121,brkrhg,400,20,True
compact,996866.0,9.803815646593308e-05,gnxglv_400_20,feasible,1691.5825200080872,gnxglv,400,20,True
compact,601759.0,0.0,kmolad_400_20,feasible,0.0106549263000488,kmolad,400,20,True
compact,504537.0,0.0,amxurf_800_20,feasible,0.0024318695068359,amxurf,800,20,True
mckp,974555.0,0.0,urbfiw_1000_20,feasible,44.079013192,urbfiw,1000,20,True
mckp,976031.0,0.0,dknbpd_1000_100,feasible,338.043868006,dknbpd,1000,100,True
compact,1003853.0,9.96160796291094e-05,fzfiuc_400_100,feasible,0.0285749435424804,fzfiuc,400,100,True
mckp,515262.0,0.0,tpxefi_600_20,feasible,73.254543286,tpxefi,600,20,True
compact,513643.0,0.0,cyximl_800_20,feasible,0.0063569545745849,cyximl,800,20,True
compact,1012178.0,9.879675432902678e-05,cnfyzz_1200_100,feasible,0.1153709888458252,cnfyzz,1200,100,True
mckp,1008864.0,0.0,bsazwz_1200_100,feasible,331.026621303,bsazwz,1200,100,True
compact,504713.0,0.0,usuboy_800_20,feasible,0.002310037612915,usuboy,800,20,True
mckp,1015741.0,0.0,phemhe_800_100,feasible,184.726103713,phemhe,800,100,True
mckp,605603.0,0.0,gkxhya_1200_20,feasible,50.096205111,gkxhya,1200,20,True
