algorithm,primal_lb,instance,status,time_elapsed,num_items,num_classes,repetition,pisinger_R,knapsack_generator,optimal
mckp,3447492.0,span_weakly_correlated_10000-rnduniform-rnduniform-1000-20-3,feasible,122.83386551,1000,20,3,10000,span_weakly_correlated,True
mckp,6754777.0,almost_strongly_correlated_10000-rnduniform-rnduniform-2000-20-9,feasible,2507.383605993,2000,20,9,10000,almost_strongly_correlated,True
mckp,238123.0,subset_sum_1000-rnduniform-rnduniform-1000-20-3,feasible,13.538468633,1000,20,3,1000,subset_sum,True
mckp,5288082.0,profit_ceiling_10000-rnduniform-rnduniform-2000-100-8,feasible,74.31901426,2000,100,8,10000,profit_ceiling,True
mckp,77434.0,uncorrelated_1000-rnduniform-rnduniform-200-20-6,feasible,0.2915084739999999,200,20,6,1000,uncorrelated,True
mckp,575428.0,almost_strongly_correlated_1000-rnduniform-rnduniform-2000-20-0,feasible,167.983677342,2000,20,0,1000,almost_strongly_correlated,True
mckp,2310025.0,circle_10000-rnduniform-rnduniform-500-20-1,feasible,47.937267,500,20,1,10000,circle,True
compact,282720.0,strongly_correlated_10000-rnduniform-rnduniform-100-20-0,feasible,0.0046741962432861,100,20,0,10000,strongly_correlated,True
compact,9969508.0,span_uncorrelated_10000-rnduniform-rnduniform-2000-20-2,feasible,0.0126800537109375,2000,20,2,10000,span_uncorrelated,True
compact,4689968.0,span_weakly_correlated_10000-rnduniform-rnduniform-1000-20-4,feasible,5.020287036895752,1000,20,4,10000,span_weakly_correlated,True
mckp,333325.0,mstr_1000-rnduniform-rnduniform-1000-500-0,feasible,1.2440233,1000,500,0,1000,mstr,True
mckp,311737.0,almost_strongly_correlated_1000-rnduniform-rnduniform-1000-100-4,feasible,1.518253008,1000,100,4,1000,almost_strongly_correlated,True
compact,45995.0,span_weakly_correlated_1000-rnduniform-rnduniform-100-20-9,feasible,0.025019884109497,100,20,9,1000,span_weakly_correlated,True
compact,2849430.0,almost_strongly_correlated_10000-rnduniform-rnduniform-1000-100-1,feasible,0.7289760112762451,1000,100,1,10000,almost_strongly_correlated,False
compact,58720.0,strongly_correlated_1000-rnduniform-rnduniform-200-20-0,feasible,0.0584681034088134,200,20,0,1000,strongly_correlated,True
compact,44792.0,span_weakly_correlated_1000-rnduniform-rnduniform-200-20-3,feasible,0.0172088146209716,200,20,3,1000,span_weakly_correlated,True
mckp,1890577.0,span_uncorrelated_10000-rnduniform-rnduniform-500-20-6,feasible,25.285398935,500,20,6,10000,span_uncorrelated,True
mckp,1489590.0,span_weakly_correlated_10000-rnduniform-rnduniform-500-20-2,feasible,35.118055725000005,500,20,2,10000,span_weakly_correlated,True
mckp,2315272.0,span_uncorrelated_10000-rnduniform-rnduniform-1000-20-1,feasible,194.778286938,1000,20,1,10000,span_uncorrelated,True
compact,389030.0,span_uncorrelated_10000-rnduniform-rnduniform-100-20-0,feasible,0.0037178993225097,100,20,0,10000,span_uncorrelated,True
compact,491708.0,circle_10000-rnduniform-rnduniform-100-20-8,feasible,0.0131359100341796,100,20,8,10000,circle,True
compact,1347703.0,subset_sum_10000-rnduniform-rnduniform-500-20-7,feasible,0.0057859420776367,500,20,7,10000,subset_sum,True
compact,2599955.0,weakly_correlated_10000-rnduniform-rnduniform-1000-100-4,feasible,0.0482439994812011,1000,100,4,10000,weakly_correlated,True
compact,449866.0,mstr_10000-rnduniform-rnduniform-200-20-1,feasible,0.2553260326385498,200,20,1,10000,mstr,True
mckp,28200.0,almost_strongly_correlated_1000-rnduniform-rnduniform-100-20-2,feasible,0.174786439,100,20,2,1000,almost_strongly_correlated,True
compact,5390327.0,subset_sum_10000-rnduniform-rnduniform-2000-100-9,feasible,0.0494730472564697,2000,100,9,10000,subset_sum,True
compact,620327.0,strongly_correlated_1000-rnduniform-rnduniform-2000-100-4,feasible,3600.001160144806,2000,100,4,1000,strongly_correlated,False
mckp,87467.0,mstr_1000-rnduniform-rnduniform-200-20-9,feasible,0.314224083,200,20,9,1000,mstr,True
mckp,1582549.0,almost_strongly_correlated_10000-rnduniform-rnduniform-500-20-5,feasible,39.802306366,500,20,5,10000,almost_strongly_correlated,True
compact,657662.0,almost_strongly_correlated_1000-rnduniform-rnduniform-2000-20-7,feasible,3600.001116037369,2000,20,7,1000,almost_strongly_correlated,False
compact,412867.0,span_strongly_correlated_1000-rnduniform-rnduniform-1000-100-4,feasible,3600.0009999275208,1000,100,4,1000,span_strongly_correlated,False
compact,74465.0,uncorrelated_1000-rnduniform-rnduniform-200-20-3,feasible,0.0121979713439941,200,20,3,1000,uncorrelated,True
compact,454434.0,profit_ceiling_10000-rnduniform-rnduniform-200-100-1,feasible,0.0035080909729003,200,100,1,10000,profit_ceiling,True
mckp,2834059.0,inverse_strongly_correlated_10000-rnduniform-rnduniform-1000-100-8,feasible,27.592833269000003,1000,100,8,10000,inverse_strongly_correlated,True
compact,1253059.0,weakly_correlated_10000-rnduniform-rnduniform-500-20-2,feasible,0.0721778869628906,500,20,2,10000,weakly_correlated,False
mckp,2463803.0,subset_sum_10000-rnduniform-rnduniform-1000-100-4,feasible,17.66121428,1000,100,4,10000,subset_sum,True
compact,123112.0,subset_sum_1000-rnduniform-rnduniform-500-20-5,feasible,0.007282018661499,500,20,5,1000,subset_sum,True
mckp,569005.0,almost_strongly_correlated_10000-rnduniform-rnduniform-200-100-3,feasible,4.745971068,200,100,3,10000,almost_strongly_correlated,True
mckp,129501.0,weakly_correlated_1000-rnduniform-rnduniform-500-20-3,feasible,4.3428792309999995,500,20,3,1000,weakly_correlated,True
mckp,1592363.0,strongly_correlated_10000-rnduniform-rnduniform-500-20-6,feasible,57.309315907,500,20,6,10000,strongly_correlated,True
mckp,193800.0,uncorrelated_similar-rnduniform-rnduniform-500-20-8,feasible,340.387022651,500,20,8,100000,uncorrelated_similar,True
mckp,742223.0,mstr_1000-rnduniform-rnduniform-2000-100-1,feasible,12.508872297,2000,100,1,1000,mstr,True
compact,519685.0,subset_sum_10000-rnduniform-rnduniform-200-20-8,feasible,0.0036239624023437,200,20,8,10000,subset_sum,True
compact,2030539.0,uncorrelated_10000-rnduniform-rnduniform-500-20-7,feasible,0.0164880752563476,500,20,7,10000,uncorrelated,True
compact,291773.0,inverse_strongly_correlated_1000-rnduniform-rnduniform-1000-20-9,feasible,3600.000729084015,1000,20,9,1000,inverse_strongly_correlated,False
mckp,117532.0,span_uncorrelated_1000-rnduniform-rnduniform-500-20-1,feasible,2.05918359,500,20,1,1000,span_uncorrelated,True
mckp,294934.0,almost_strongly_correlated_1000-rnduniform-rnduniform-1000-100-2,feasible,1.4951849430000002,1000,100,2,1000,almost_strongly_correlated,True
mckp,113550.0,profit_ceiling_1000-rnduniform-rnduniform-500-20-0,feasible,4.507650569,500,20,0,1000,profit_ceiling,True
mckp,260582.0,weakly_correlated_1000-rnduniform-rnduniform-1000-100-3,feasible,1.511563451,1000,100,3,1000,weakly_correlated,True
mckp,1911830.0,span_strongly_correlated_10000-rnduniform-rnduniform-1000-20-5,feasible,41.764285426,1000,20,5,10000,span_strongly_correlated,True
compact,328287.0,strongly_correlated_1000-rnduniform-rnduniform-1000-100-7,feasible,0.1971709728240966,1000,100,7,1000,strongly_correlated,True
compact,276552.0,span_weakly_correlated_1000-rnduniform-rnduniform-1000-100-9,feasible,3600.0009241104126,1000,100,9,1000,span_weakly_correlated,False
mckp,298315.0,strongly_correlated_1000-rnduniform-rnduniform-1000-100-3,feasible,1.42845803,1000,100,3,1000,strongly_correlated,True
compact,78628.0,mstr_1000-rnduniform-rnduniform-200-20-6,feasible,0.036755084991455,200,20,6,1000,mstr,True
mckp,1252106.0,inverse_strongly_correlated_10000-rnduniform-rnduniform-500-20-1,feasible,60.529408712,500,20,1,10000,inverse_strongly_correlated,True
compact,149444.0,almost_strongly_correlated_1000-rnduniform-rnduniform-500-20-1,feasible,0.6295289993286133,500,20,1,1000,almost_strongly_correlated,False
mckp,267879.0,profit_ceiling_1000-rnduniform-rnduniform-1000-100-9,feasible,1.598291602,1000,100,9,1000,profit_ceiling,True
mckp,76014.0,span_strongly_correlated_1000-rnduniform-rnduniform-500-20-1,feasible,1.053000468,500,20,1,1000,span_strongly_correlated,True
mckp,267652.0,subset_sum_1000-rnduniform-rnduniform-1000-100-9,feasible,1.4253116449999998,1000,100,9,1000,subset_sum,True
mckp,110181.0,profit_ceiling_10000-rnduniform-rnduniform-50-20-3,feasible,1.305807427,50,20,3,10000,profit_ceiling,True
compact,1179242.0,subset_sum_10000-rnduniform-rnduniform-500-20-0,feasible,0.0116889476776123,500,20,0,10000,subset_sum,True
compact,5050022.0,circle_10000-rnduniform-rnduniform-1000-100-9,feasible,0.1568188667297363,1000,100,9,10000,circle,False
compact,681575.0,uncorrelated_similar-rnduniform-rnduniform-2000-20-0,feasible,0.028498888015747,2000,20,0,100000,uncorrelated_similar,True
mckp,8277330.0,uncorrelated_10000-rnduniform-rnduniform-2000-100-7,feasible,94.137627211,2000,100,7,10000,uncorrelated,True
compact,777095.0,uncorrelated_10000-rnduniform-rnduniform-200-20-7,feasible,0.0248210430145263,200,20,7,10000,uncorrelated,True
mckp,596706.0,almost_strongly_correlated_1000-rnduniform-rnduniform-2000-100-2,feasible,11.658804198,2000,100,2,1000,almost_strongly_correlated,True
mckp,3021702.0,almost_strongly_correlated_10000-rnduniform-rnduniform-1000-20-3,feasible,418.304753329,1000,20,3,10000,almost_strongly_correlated,True
compact,531083.0,weakly_correlated_10000-rnduniform-rnduniform-200-20-5,feasible,0.0455551147460937,200,20,5,10000,weakly_correlated,True
mckp,2262300.0,span_weakly_correlated_10000-rnduniform-rnduniform-1000-100-1,feasible,16.128007296000003,1000,100,1,10000,span_weakly_correlated,True
mckp,48071.0,circle_1000-rnduniform-rnduniform-100-20-8,feasible,0.173111085,100,20,8,1000,circle,True
compact,117344.0,subset_sum_1000-rnduniform-rnduniform-500-20-4,feasible,0.007505178451538,500,20,4,1000,subset_sum,True
mckp,384780.0,uncorrelated_1000-rnduniform-rnduniform-1000-100-4,feasible,1.5654150320000002,1000,100,4,1000,uncorrelated,True
mckp,45174.0,subset_sum_1000-rnduniform-rnduniform-200-20-2,feasible,0.3041807299999999,200,20,2,1000,subset_sum,True
compact,2142905.0,uncorrelated_10000-rnduniform-rnduniform-500-20-9,feasible,0.0559248924255371,500,20,9,10000,uncorrelated,True
compact,558318.0,weakly_correlated_1000-rnduniform-rnduniform-2000-20-7,feasible,0.1017708778381347,2000,20,7,1000,weakly_correlated,False
compact,5414064.0,weakly_correlated_10000-rnduniform-rnduniform-2000-100-5,feasible,0.2748239040374756,2000,100,5,10000,weakly_correlated,False
compact,154974.99999999994,almost_strongly_correlated_1000-rnduniform-rnduniform-500-20-4,feasible,0.3437869548797607,500,20,4,1000,almost_strongly_correlated,True
compact,178447.0,uncorrelated_similar-rnduniform-rnduniform-500-20-0,feasible,0.0163679122924804,500,20,0,100000,uncorrelated_similar,True
compact,2160763.0,span_strongly_correlated_10000-rnduniform-rnduniform-500-20-5,feasible,3600.000485897064,500,20,5,10000,span_strongly_correlated,False
mckp,520210.0,subset_sum_1000-rnduniform-rnduniform-2000-100-7,feasible,11.027719802,2000,100,7,1000,subset_sum,True
compact,3215883.0,strongly_correlated_10000-rnduniform-rnduniform-1000-20-5,feasible,3600.0009920597076,1000,20,5,10000,strongly_correlated,False
compact,2412518.0,inverse_strongly_correlated_10000-rnduniform-rnduniform-1000-100-2,feasible,0.4048290252685547,1000,100,2,10000,inverse_strongly_correlated,False
compact,2268165.0,profit_ceiling_10000-rnduniform-rnduniform-1000-100-0,feasible,3600.0008850097656,1000,100,0,10000,profit_ceiling,False
mckp,198242.0,uncorrelated_1000-rnduniform-rnduniform-500-20-3,feasible,6.328722546000001,500,20,3,1000,uncorrelated,True
compact,3564547.0,span_uncorrelated_10000-rnduniform-rnduniform-1000-100-7,feasible,3600.0007770061493,1000,100,7,10000,span_uncorrelated,False
mckp,1247631.0,inverse_strongly_correlated_10000-rnduniform-rnduniform-500-20-2,feasible,55.301858892,500,20,2,10000,inverse_strongly_correlated,True
compact,3447492.0,span_weakly_correlated_10000-rnduniform-rnduniform-1000-20-3,feasible,3600.0008969306946,1000,20,3,10000,span_weakly_correlated,False
mckp,134538.0,weakly_correlated_1000-rnduniform-rnduniform-500-20-6,feasible,9.769589027,500,20,6,1000,weakly_correlated,True
mckp,232393.0,subset_sum_10000-rnduniform-rnduniform-100-20-5,feasible,2.9016029480000003,100,20,5,10000,subset_sum,True
compact,151908.0,span_strongly_correlated_1000-rnduniform-rnduniform-500-20-3,feasible,2.126802921295166,500,20,3,1000,span_strongly_correlated,True
compact,599221.0,strongly_correlated_1000-rnduniform-rnduniform-2000-100-2,feasible,3600.0018730163574,2000,100,2,1000,strongly_correlated,False
mckp,888560.0,circle_1000-rnduniform-rnduniform-2000-100-0,feasible,14.174722577,2000,100,0,1000,circle,True
compact,305073.0,inverse_strongly_correlated_10000-rnduniform-rnduniform-100-20-8,feasible,0.0649170875549316,100,20,8,10000,inverse_strongly_correlated,True
mckp,694212.0,span_strongly_correlated_10000-rnduniform-rnduniform-200-20-8,feasible,5.187219160000001,200,20,8,10000,span_strongly_correlated,True
compact,3319662.0,span_strongly_correlated_10000-rnduniform-rnduniform-1000-500-1,feasible,0.0892920494079589,1000,500,1,10000,span_strongly_correlated,True
compact,959320.0,circle_1000-rnduniform-rnduniform-2000-20-3,feasible,3600.0011830329895,2000,20,3,1000,circle,False
mckp,470975.0,circle_1000-rnduniform-rnduniform-1000-100-4,feasible,1.612712347,1000,100,4,1000,circle,True
mckp,1538439.0,strongly_correlated_10000-rnduniform-rnduniform-500-20-4,feasible,38.517280401,500,20,4,10000,strongly_correlated,True
compact,1343337.0,profit_ceiling_10000-rnduniform-rnduniform-500-20-8,feasible,0.0269210338592529,500,20,8,10000,profit_ceiling,True
mckp,571065.0,span_uncorrelated_1000-rnduniform-rnduniform-1000-100-2,feasible,1.681039875,1000,100,2,1000,span_uncorrelated,True
compact,529141.0,span_strongly_correlated_10000-rnduniform-rnduniform-100-20-8,feasible,0.2425999641418457,100,20,8,10000,span_strongly_correlated,True
mckp,528236.0,inverse_strongly_correlated_10000-rnduniform-rnduniform-200-20-6,feasible,4.5277373480000005,200,20,6,10000,inverse_strongly_correlated,True
compact,5835654.0,weakly_correlated_10000-rnduniform-rnduniform-2000-100-9,feasible,0.1966080665588379,2000,100,9,10000,weakly_correlated,False
compact,402982.0,uncorrelated_1000-rnduniform-rnduniform-1000-20-3,feasible,0.0710029602050781,1000,20,3,1000,uncorrelated,True
compact,451817.0,subset_sum_10000-rnduniform-rnduniform-200-100-3,feasible,0.0848839282989502,200,100,3,10000,subset_sum,True
compact,143783.0,weakly_correlated_1000-rnduniform-rnduniform-500-20-9,feasible,0.0434188842773437,500,20,9,1000,weakly_correlated,True
compact,140669.0,subset_sum_1000-rnduniform-rnduniform-500-20-8,feasible,0.0083200931549072,500,20,8,1000,subset_sum,True
mckp,821305.0,mstr_1000-rnduniform-rnduniform-2000-100-6,feasible,12.238412677,2000,100,6,1000,mstr,True
compact,5340493.0,subset_sum_10000-rnduniform-rnduniform-2000-20-9,feasible,0.0141351222991943,2000,20,9,10000,subset_sum,False
mckp,681774.0,span_weakly_correlated_10000-rnduniform-rnduniform-200-20-3,feasible,5.45373737,200,20,3,10000,span_weakly_correlated,True
compact,7376147.0,uncorrelated_10000-rnduniform-rnduniform-2000-100-0,feasible,0.1010749340057373,2000,100,0,10000,uncorrelated,False
compact,1607645.0,span_uncorrelated_10000-rnduniform-rnduniform-500-100-8,feasible,3600.0007331371307,500,100,8,10000,span_uncorrelated,False
compact,633145.0,almost_strongly_correlated_1000-rnduniform-rnduniform-2000-100-5,feasible,106.463632106781,2000,100,5,1000,almost_strongly_correlated,False
compact,2325267.0,inverse_strongly_correlated_10000-rnduniform-rnduniform-1000-20-0,feasible,3600.000818014145,1000,20,0,10000,inverse_strongly_correlated,False
compact,2557765.0,circle_10000-rnduniform-rnduniform-500-20-8,feasible,0.2626731395721435,500,20,8,10000,circle,False
compact,175237.0,uncorrelated_similar-rnduniform-rnduniform-500-20-3,feasible,0.0161728858947753,500,20,3,100000,uncorrelated_similar,True
compact,153825.0,span_strongly_correlated_1000-rnduniform-rnduniform-500-20-7,feasible,3600.00053191185,500,20,7,1000,span_strongly_correlated,False
mckp,130639.0,inverse_strongly_correlated_1000-rnduniform-rnduniform-500-20-4,feasible,4.616000596999999,500,20,4,1000,inverse_strongly_correlated,True
mckp,2382250.0,weakly_correlated_10000-rnduniform-rnduniform-1000-100-0,feasible,43.049169852,1000,100,0,10000,weakly_correlated,True
mckp,614972.0,almost_strongly_correlated_10000-rnduniform-rnduniform-200-20-6,feasible,8.018892205,200,20,6,10000,almost_strongly_correlated,True
compact,129929.0,weakly_correlated_10000-rnduniform-rnduniform-50-20-3,feasible,0.0059869289398193,50,20,3,10000,weakly_correlated,True
mckp,882867.0,span_weakly_correlated_1000-rnduniform-rnduniform-2000-100-2,feasible,10.564178486,2000,100,2,1000,span_weakly_correlated,True
mckp,255097.0,subset_sum_1000-rnduniform-rnduniform-1000-100-7,feasible,2.68904413,1000,100,7,1000,subset_sum,True
compact,801975.0,uncorrelated_10000-rnduniform-rnduniform-200-20-9,feasible,0.0061938762664794,200,20,9,10000,uncorrelated,True
mckp,5546250.0,mstr_10000-rnduniform-rnduniform-2000-20-8,feasible,1901.436924759,2000,20,8,10000,mstr,True
mckp,834888.0,uncorrelated_1000-rnduniform-rnduniform-2000-100-9,feasible,10.357207597,2000,100,9,1000,uncorrelated,True
mckp,363759.0,mstr_1000-rnduniform-rnduniform-1000-100-1,feasible,1.693758707,1000,100,1,1000,mstr,True
compact,271582.0,weakly_correlated_1000-rnduniform-rnduniform-1000-100-5,feasible,0.0592720508575439,1000,100,5,1000,weakly_correlated,True
compact,6754775.0,almost_strongly_correlated_10000-rnduniform-rnduniform-2000-20-9,feasible,0.6761279106140137,2000,20,9,10000,almost_strongly_correlated,False
compact,6287297.0,almost_strongly_correlated_10000-rnduniform-rnduniform-2000-100-5,feasible,9.861310958862305,2000,100,5,10000,almost_strongly_correlated,False
mckp,75043.0,mstr_1000-rnduniform-rnduniform-200-20-3,feasible,0.436190392,200,20,3,1000,mstr,True
compact,118077.0,subset_sum_1000-rnduniform-rnduniform-500-20-2,feasible,0.0053761005401611,500,20,2,1000,subset_sum,True
mckp,896926.0,span_weakly_correlated_1000-rnduniform-rnduniform-2000-20-8,feasible,97.313544482,2000,20,8,1000,span_weakly_correlated,True
compact,3924772.0,span_strongly_correlated_10000-rnduniform-rnduniform-2000-100-9,feasible,0.1666769981384277,2000,100,9,10000,span_strongly_correlated,True
mckp,245541.0,profit_ceiling_1000-rnduniform-rnduniform-1000-20-4,feasible,31.65688407,1000,20,4,1000,profit_ceiling,True
mckp,245369.0,almost_strongly_correlated_10000-rnduniform-rnduniform-100-20-1,feasible,1.666482059,100,20,1,10000,almost_strongly_correlated,True
compact,2826054.0,weakly_correlated_10000-rnduniform-rnduniform-1000-100-6,feasible,0.2054719924926757,1000,100,6,10000,weakly_correlated,False
mckp,10117457.0,circle_10000-rnduniform-rnduniform-2000-20-6,feasible,3358.23549294,2000,20,6,10000,circle,True
compact,79578.0,uncorrelated_similar-rnduniform-rnduniform-200-20-9,feasible,0.008329153060913,200,20,9,100000,uncorrelated_similar,True
compact,7908322.0,uncorrelated_10000-rnduniform-rnduniform-2000-100-4,feasible,0.1123650074005127,2000,100,4,10000,uncorrelated,True
compact,3357445.0,almost_strongly_correlated_10000-rnduniform-rnduniform-1000-100-9,feasible,0.2439639568328857,1000,100,9,10000,almost_strongly_correlated,False
compact,2541870.0,weakly_correlated_10000-rnduniform-rnduniform-1000-20-2,feasible,0.0623388290405273,1000,20,2,10000,weakly_correlated,False
compact,265153.0,almost_strongly_correlated_1000-rnduniform-rnduniform-1000-500-0,feasible,0.0122270584106445,1000,500,0,1000,almost_strongly_correlated,True
compact,233118.0,profit_ceiling_10000-rnduniform-rnduniform-100-20-3,feasible,0.2172698974609375,100,20,3,10000,profit_ceiling,True
mckp,52170.0,profit_ceiling_1000-rnduniform-rnduniform-200-20-5,feasible,0.359460749,200,20,5,1000,profit_ceiling,True
mckp,280047.0,inverse_strongly_correlated_1000-rnduniform-rnduniform-1000-20-8,feasible,27.957880596,1000,20,8,1000,inverse_strongly_correlated,True
mckp,286332.0,weakly_correlated_1000-rnduniform-rnduniform-1000-20-8,feasible,45.614859059,1000,20,8,1000,weakly_correlated,True
mckp,45909.0,profit_ceiling_1000-rnduniform-rnduniform-200-20-3,feasible,0.6009506490000001,200,20,3,1000,profit_ceiling,True
mckp,623810.0,almost_strongly_correlated_1000-rnduniform-rnduniform-2000-100-4,feasible,10.880170486,2000,100,4,1000,almost_strongly_correlated,True
compact,311737.0,almost_strongly_correlated_1000-rnduniform-rnduniform-1000-100-4,feasible,0.1960210800170898,1000,100,4,1000,almost_strongly_correlated,True
compact,260703.0,circle_1000-rnduniform-rnduniform-500-20-9,feasible,0.3981919288635254,500,20,9,1000,circle,True
mckp,233447.0,weakly_correlated_10000-rnduniform-rnduniform-100-20-0,feasible,2.208231336,100,20,0,10000,weakly_correlated,True
mckp,53196.0,inverse_strongly_correlated_1000-rnduniform-rnduniform-200-20-7,feasible,0.375624994,200,20,7,1000,inverse_strongly_correlated,True
mckp,4684869.0,subset_sum_10000-rnduniform-rnduniform-2000-100-2,feasible,91.830738794,2000,100,2,10000,subset_sum,True
compact,2869725.0,almost_strongly_correlated_10000-rnduniform-rnduniform-1000-20-0,feasible,0.2702429294586181,1000,20,0,10000,almost_strongly_correlated,False
compact,844099.0,span_strongly_correlated_1000-rnduniform-rnduniform-2000-20-8,feasible,0.0295319557189941,2000,20,8,1000,span_strongly_correlated,True
compact,626859.0,almost_strongly_correlated_1000-rnduniform-rnduniform-2000-20-5,feasible,3600.0014159679413,2000,20,5,1000,almost_strongly_correlated,False
compact,1952204.0,span_uncorrelated_10000-rnduniform-rnduniform-1000-100-4,feasible,3600.00079703331,1000,100,4,10000,span_uncorrelated,False
mckp,237503.0,subset_sum_1000-rnduniform-rnduniform-1000-100-2,feasible,1.602410051,1000,100,2,1000,subset_sum,True
compact,822624.0,uncorrelated_1000-rnduniform-rnduniform-2000-20-8,feasible,0.0332069396972656,2000,20,8,1000,uncorrelated,True
compact,5288079.0,profit_ceiling_10000-rnduniform-rnduniform-2000-100-8,feasible,0.0405740737915039,2000,100,8,10000,profit_ceiling,False
mckp,3780219.0,span_weakly_correlated_10000-rnduniform-rnduniform-1000-20-9,feasible,121.356581395,1000,20,9,10000,span_weakly_correlated,True
mckp,1427604.0,inverse_strongly_correlated_10000-rnduniform-rnduniform-500-20-8,feasible,37.441504163,500,20,8,10000,inverse_strongly_correlated,True
mckp,395043.0,uncorrelated_similar-rnduniform-rnduniform-1000-20-8,feasible,1556.141006867,1000,20,8,100000,uncorrelated_similar,True
compact,443920.0,circle_1000-rnduniform-rnduniform-1000-100-1,feasible,0.093109130859375,1000,100,1,1000,circle,True
compact,452121.0,profit_ceiling_1000-rnduniform-rnduniform-2000-100-0,feasible,0.0732951164245605,2000,100,0,1000,profit_ceiling,True
mckp,4738780.0,circle_10000-rnduniform-rnduniform-1000-20-2,feasible,241.099530906,1000,20,2,10000,circle,True
compact,2458987.0,subset_sum_10000-rnduniform-rnduniform-1000-20-5,feasible,0.0205321311950683,1000,20,5,10000,subset_sum,True
mckp,5816079.0,almost_strongly_correlated_10000-rnduniform-rnduniform-2000-100-1,feasible,73.197941772,2000,100,1,10000,almost_strongly_correlated,True
mckp,335501.0,strongly_correlated_1000-rnduniform-rnduniform-1000-100-9,feasible,1.502568914,1000,100,9,1000,strongly_correlated,True
mckp,526453.0,inverse_strongly_correlated_10000-rnduniform-rnduniform-200-20-4,feasible,4.373454367,200,20,4,10000,inverse_strongly_correlated,True
compact,710560.0,uncorrelated_similar-rnduniform-rnduniform-2000-100-2,feasible,0.0707221031188964,2000,100,2,100000,uncorrelated_similar,True
compact,628520.0,span_weakly_correlated_10000-rnduniform-rnduniform-200-20-6,feasible,3600.000419139862,200,20,6,10000,span_weakly_correlated,False
compact,139862.0,inverse_strongly_correlated_1000-rnduniform-rnduniform-500-20-7,feasible,3600.0005838871,500,20,7,1000,inverse_strongly_correlated,False
compact,198242.0,uncorrelated_1000-rnduniform-rnduniform-500-20-3,feasible,0.0210390090942382,500,20,3,1000,uncorrelated,True
mckp,2542998.0,inverse_strongly_correlated_10000-rnduniform-rnduniform-1000-20-3,feasible,246.421278294,1000,20,3,10000,inverse_strongly_correlated,True
mckp,4054045.0,uncorrelated_10000-rnduniform-rnduniform-1000-20-7,feasible,476.775451366,1000,20,7,10000,uncorrelated,True
mckp,9918426.0,circle_10000-rnduniform-rnduniform-2000-20-5,feasible,1619.874552331,2000,20,5,10000,circle,True
mckp,2660442.0,span_strongly_correlated_10000-rnduniform-rnduniform-500-20-8,feasible,38.847472530000005,500,20,8,10000,span_strongly_correlated,True
mckp,29745.0,strongly_correlated_1000-rnduniform-rnduniform-100-20-7,feasible,0.167449309,100,20,7,1000,strongly_correlated,True
compact,2620108.0,weakly_correlated_10000-rnduniform-rnduniform-1000-20-3,feasible,0.0746188163757324,1000,20,3,10000,weakly_correlated,False
mckp,252699.0,circle_1000-rnduniform-rnduniform-500-20-7,feasible,4.39454235,500,20,7,1000,circle,True
mckp,107796.0,profit_ceiling_1000-rnduniform-rnduniform-500-20-1,feasible,5.799628557999999,500,20,1,1000,profit_ceiling,True
mckp,6551758.0,span_uncorrelated_10000-rnduniform-rnduniform-2000-100-0,feasible,108.604223007,2000,100,0,10000,span_uncorrelated,True
compact,326244.0,strongly_correlated_1000-rnduniform-rnduniform-1000-20-7,feasible,3600.0006849765778,1000,20,7,1000,strongly_correlated,False
mckp,229682.0,circle_1000-rnduniform-rnduniform-500-20-3,feasible,4.213160007,500,20,3,1000,circle,True
mckp,58299.0,span_weakly_correlated_1000-rnduniform-rnduniform-200-20-4,feasible,0.31104004,200,20,4,1000,span_weakly_correlated,True
mckp,1661147.0,strongly_correlated_10000-rnduniform-rnduniform-500-20-8,feasible,41.801332358,500,20,8,10000,strongly_correlated,True
compact,2826343.0,mstr_10000-rnduniform-rnduniform-1000-20-9,feasible,3600.0008981227875,1000,20,9,10000,mstr,False
compact,177813.0,uncorrelated_similar-rnduniform-rnduniform-500-20-2,feasible,0.0127260684967041,500,20,2,100000,uncorrelated_similar,True
compact,2700594.0,span_weakly_correlated_10000-rnduniform-rnduniform-1000-20-5,feasible,3600.0008878707886,1000,20,5,10000,span_weakly_correlated,False
mckp,422430.0,mstr_1000-rnduniform-rnduniform-1000-100-9,feasible,2.187574171,1000,100,9,1000,mstr,True
mckp,228804.0,profit_ceiling_10000-rnduniform-rnduniform-100-20-1,feasible,2.307202906,100,20,1,10000,profit_ceiling,True
compact,704864.0,span_strongly_correlated_1000-rnduniform-rnduniform-2000-100-3,feasible,3600.001392841339,2000,100,3,1000,span_strongly_correlated,False
compact,4799491.0,subset_sum_10000-rnduniform-rnduniform-2000-20-4,feasible,0.0317690372467041,2000,20,4,10000,subset_sum,True
compact,2445851.0,mstr_10000-rnduniform-rnduniform-1000-100-3,feasible,0.5318610668182373,1000,100,3,10000,mstr,False
compact,9549555.0,circle_10000-rnduniform-rnduniform-2000-20-2,feasible,3600.0016899108887,2000,20,2,10000,circle,False
mckp,129929.0,weakly_correlated_10000-rnduniform-rnduniform-50-20-3,feasible,1.71302159,50,20,3,10000,weakly_correlated,True
compact,5728281.0,inverse_strongly_correlated_10000-rnduniform-rnduniform-2000-100-9,feasible,3.5744822025299072,2000,100,9,10000,inverse_strongly_correlated,False
compact,267652.0,subset_sum_1000-rnduniform-rnduniform-1000-100-9,feasible,0.0132889747619628,1000,100,9,1000,subset_sum,True
compact,5759183.0,almost_strongly_correlated_10000-rnduniform-rnduniform-2000-20-0,feasible,0.1746828556060791,2000,20,0,10000,almost_strongly_correlated,False
mckp,757306.0,uncorrelated_similar-rnduniform-rnduniform-2000-20-7,feasible,6972.6839791,2000,20,7,100000,uncorrelated_similar,False
mckp,411610.0,mstr_1000-rnduniform-rnduniform-1000-100-8,feasible,1.50800649,1000,100,8,1000,mstr,True
compact,248823.0,profit_ceiling_1000-rnduniform-rnduniform-1000-100-4,feasible,0.0645780563354492,1000,100,4,1000,profit_ceiling,True
compact,491083.0,inverse_strongly_correlated_10000-rnduniform-rnduniform-200-20-0,feasible,0.1146049499511718,200,20,0,10000,inverse_strongly_correlated,True
mckp,79578.0,uncorrelated_similar-rnduniform-rnduniform-200-20-9,feasible,78.230742253,200,20,9,100000,uncorrelated_similar,True
compact,245541.0,profit_ceiling_1000-rnduniform-rnduniform-1000-20-4,feasible,0.009246826171875,1000,20,4,1000,profit_ceiling,True
mckp,1047773.0,span_strongly_correlated_1000-rnduniform-rnduniform-2000-20-7,feasible,57.899438001,2000,20,7,1000,span_strongly_correlated,True
mckp,5328318.0,weakly_correlated_10000-rnduniform-rnduniform-2000-100-4,feasible,74.788862739,2000,100,4,10000,weakly_correlated,True
mckp,87277.0,span_uncorrelated_1000-rnduniform-rnduniform-200-100-3,feasible,0.632303538,200,100,3,1000,span_uncorrelated,True
mckp,597679.0,span_uncorrelated_1000-rnduniform-rnduniform-2000-20-1,feasible,27.2526808,2000,20,1,1000,span_uncorrelated,True
mckp,65008.0,strongly_correlated_1000-rnduniform-rnduniform-200-20-7,feasible,0.271898073,200,20,7,1000,strongly_correlated,True
mckp,508797.0,weakly_correlated_10000-rnduniform-rnduniform-200-100-2,feasible,6.186032185999999,200,100,2,10000,weakly_correlated,True
compact,1138269.000357346,span_strongly_correlated_10000-rnduniform-rnduniform-200-20-9,feasible,1.1294598579406738,200,20,9,10000,span_strongly_correlated,True
compact,6693255.0,strongly_correlated_10000-rnduniform-rnduniform-2000-20-8,feasible,3600.0012199878693,2000,20,8,10000,strongly_correlated,False
mckp,1026054.0,span_uncorrelated_10000-rnduniform-rnduniform-200-20-0,feasible,1.980195329,200,20,0,10000,span_uncorrelated,True
mckp,10314239.0,span_uncorrelated_10000-rnduniform-rnduniform-2000-20-1,feasible,102.610506361,2000,20,1,10000,span_uncorrelated,True
compact,550296.0,inverse_strongly_correlated_1000-rnduniform-rnduniform-2000-100-7,feasible,3600.001305103302,2000,100,7,1000,inverse_strongly_correlated,False
mckp,2493792.0,inverse_strongly_correlated_10000-rnduniform-rnduniform-1000-20-2,feasible,242.722029185,1000,20,2,10000,inverse_strongly_correlated,True
mckp,310687.0,span_uncorrelated_1000-rnduniform-rnduniform-1000-500-1,feasible,2.376904883,1000,500,1,1000,span_uncorrelated,True
compact,53786.0,almost_strongly_correlated_1000-rnduniform-rnduniform-200-100-1,feasible,0.0042290687561035,200,100,1,1000,almost_strongly_correlated,True
mckp,190485.0,mstr_1000-rnduniform-rnduniform-500-20-1,feasible,4.440049052999999,500,20,1,1000,mstr,True
compact,2803472.0,span_strongly_correlated_10000-rnduniform-rnduniform-2000-100-4,feasible,3600.0016288757324,2000,100,4,10000,span_strongly_correlated,False
compact,918653.0,span_uncorrelated_10000-rnduniform-rnduniform-200-100-2,feasible,0.0161950588226318,200,100,2,10000,span_uncorrelated,True
mckp,75348.0,span_uncorrelated_1000-rnduniform-rnduniform-200-100-0,feasible,0.218347072,200,100,0,1000,span_uncorrelated,True
mckp,6448197.0,strongly_correlated_10000-rnduniform-rnduniform-2000-100-6,feasible,97.743682513,2000,100,6,10000,strongly_correlated,True
compact,326828.0,span_weakly_correlated_1000-rnduniform-rnduniform-1000-100-0,feasible,3600.0011479854584,1000,100,0,1000,span_weakly_correlated,False
compact,237503.0,subset_sum_1000-rnduniform-rnduniform-1000-100-2,feasible,0.0257461071014404,1000,100,2,1000,subset_sum,True
compact,517832.9999999901,mstr_10000-rnduniform-rnduniform-200-20-8,feasible,0.7648851871490479,200,20,8,10000,mstr,True
compact,5109731.0,circle_10000-rnduniform-rnduniform-1000-20-8,feasible,1.0350210666656494,1000,20,8,10000,circle,False
compact,500786.0,inverse_strongly_correlated_1000-rnduniform-rnduniform-2000-20-3,feasible,3600.001096010208,2000,20,3,1000,inverse_strongly_correlated,False
compact,193800.0,uncorrelated_similar-rnduniform-rnduniform-500-20-8,feasible,0.0141830444335937,500,20,8,100000,uncorrelated_similar,True
mckp,63928.0,span_strongly_correlated_1000-rnduniform-rnduniform-200-100-1,feasible,0.352439438,200,100,1,1000,span_strongly_correlated,True
mckp,266198.0,span_weakly_correlated_1000-rnduniform-rnduniform-1000-100-7,feasible,1.358522829,1000,100,7,1000,span_weakly_correlated,True
mckp,503526.0,circle_1000-rnduniform-rnduniform-1000-20-6,feasible,28.390729412,1000,20,6,1000,circle,True
mckp,22906.0,subset_sum_1000-rnduniform-rnduniform-100-20-0,feasible,0.2299064069999999,100,20,0,1000,subset_sum,True
mckp,152916.0,span_strongly_correlated_10000-rnduniform-rnduniform-200-100-0,feasible,0.116994622,200,100,0,10000,span_strongly_correlated,True
compact,12806.0,inverse_strongly_correlated_1000-rnduniform-rnduniform-50-20-7,feasible,0.0020160675048828,50,20,7,1000,inverse_strongly_correlated,True
compact,27701.0,almost_strongly_correlated_1000-rnduniform-rnduniform-100-20-4,feasible,0.0467340946197509,100,20,4,1000,almost_strongly_correlated,True
compact,5212134.0,weakly_correlated_10000-rnduniform-rnduniform-2000-20-2,feasible,0.4872050285339355,2000,20,2,10000,weakly_correlated,False
mckp,573262.0,almost_strongly_correlated_10000-rnduniform-rnduniform-200-20-1,feasible,4.443909379,200,20,1,10000,almost_strongly_correlated,True
compact,2602047.0,span_uncorrelated_10000-rnduniform-rnduniform-500-20-9,feasible,0.0176079273223876,500,20,9,10000,span_uncorrelated,True
mckp,46110.0,inverse_strongly_correlated_1000-rnduniform-rnduniform-200-20-1,feasible,0.3534225099999999,200,20,1,1000,inverse_strongly_correlated,True
mckp,212323.0,uncorrelated_1000-rnduniform-rnduniform-500-20-8,feasible,4.9621493999999995,500,20,8,1000,uncorrelated,True
mckp,256406.0,inverse_strongly_correlated_1000-rnduniform-rnduniform-1000-20-2,feasible,33.513371806,1000,20,2,1000,inverse_strongly_correlated,True
compact,142228.0,almost_strongly_correlated_10000-rnduniform-rnduniform-50-20-0,feasible,0.0633349418640136,50,20,0,10000,almost_strongly_correlated,True
compact,277507.0,strongly_correlated_1000-rnduniform-rnduniform-1000-100-0,feasible,0.17476487159729,1000,100,0,1000,strongly_correlated,True
compact,39372.0,span_uncorrelated_1000-rnduniform-rnduniform-100-20-0,feasible,0.0065498352050781,100,20,0,1000,span_uncorrelated,True
mckp,73920.0,strongly_correlated_1000-rnduniform-rnduniform-200-20-9,feasible,0.348921814,200,20,9,1000,strongly_correlated,True
compact,243150.0,subset_sum_1000-rnduniform-rnduniform-1000-100-5,feasible,0.0176930427551269,1000,100,5,1000,subset_sum,True
compact,3052751.0,strongly_correlated_10000-rnduniform-rnduniform-1000-100-4,feasible,1.4509789943695068,1000,100,4,10000,strongly_correlated,True
mckp,378450.0,span_strongly_correlated_1000-rnduniform-rnduniform-1000-20-9,feasible,7.634792032,1000,20,9,1000,span_strongly_correlated,True
mckp,608832.0,strongly_correlated_1000-rnduniform-rnduniform-2000-100-3,feasible,9.805289347,2000,100,3,1000,strongly_correlated,True
compact,2127080.0,inverse_strongly_correlated_10000-rnduniform-rnduniform-1000-500-0,feasible,0.0111799240112304,1000,500,0,10000,inverse_strongly_correlated,True
compact,187522.0,uncorrelated_similar-rnduniform-rnduniform-500-20-4,feasible,0.0134170055389404,500,20,4,100000,uncorrelated_similar,True
compact,498564.0,weakly_correlated_10000-rnduniform-rnduniform-200-20-1,feasible,0.0469629764556884,200,20,1,10000,weakly_correlated,True
compact,2171779.0,circle_10000-rnduniform-rnduniform-500-100-3,feasible,0.1253719329833984,500,100,3,10000,circle,False
compact,238263.0,profit_ceiling_1000-rnduniform-rnduniform-1000-100-2,feasible,0.1594991683959961,1000,100,2,1000,profit_ceiling,True
mckp,235274.0,subset_sum_10000-rnduniform-rnduniform-100-20-1,feasible,2.2309463629999997,100,20,1,10000,subset_sum,True
mckp,3906961.0,uncorrelated_10000-rnduniform-rnduniform-1000-20-5,feasible,490.740180101,1000,20,5,10000,uncorrelated,True
compact,541342.0,strongly_correlated_10000-rnduniform-rnduniform-200-100-0,feasible,0.002648115158081,200,100,0,10000,strongly_correlated,True
compact,476754.0,profit_ceiling_10000-rnduniform-rnduniform-200-20-1,feasible,0.0175960063934326,200,20,1,10000,profit_ceiling,True
compact,514748.0,inverse_strongly_correlated_1000-rnduniform-rnduniform-2000-100-4,feasible,3600.001204967499,2000,100,4,1000,inverse_strongly_correlated,False
compact,421533.0,uncorrelated_1000-rnduniform-rnduniform-1000-20-8,feasible,0.0206818580627441,1000,20,8,1000,uncorrelated,True
compact,250939.0,weakly_correlated_1000-rnduniform-rnduniform-1000-20-1,feasible,0.0262229442596435,1000,20,1,1000,weakly_correlated,True
mckp,263734.0,inverse_strongly_correlated_1000-rnduniform-rnduniform-1000-20-6,feasible,30.038197669,1000,20,6,1000,inverse_strongly_correlated,True
mckp,2408677.0,weakly_correlated_10000-rnduniform-rnduniform-1000-500-0,feasible,26.753858152,1000,500,0,10000,weakly_correlated,True
compact,393133.0,uncorrelated_1000-rnduniform-rnduniform-1000-20-4,feasible,0.053704023361206,1000,20,4,1000,uncorrelated,True
compact,681754.0,span_uncorrelated_1000-rnduniform-rnduniform-1000-100-5,feasible,0.0511770248413085,1000,100,5,1000,span_uncorrelated,True
compact,743790.0,mstr_1000-rnduniform-rnduniform-2000-20-0,feasible,3600.0012588500977,2000,20,0,1000,mstr,False
compact,307998.0,strongly_correlated_10000-rnduniform-rnduniform-100-20-8,feasible,0.1059329509735107,100,20,8,10000,strongly_correlated,True
compact,2565009.0,inverse_strongly_correlated_10000-rnduniform-rnduniform-1000-100-3,feasible,2.215557098388672,1000,100,3,10000,inverse_strongly_correlated,False
mckp,3324243.0,uncorrelated_10000-rnduniform-rnduniform-1000-500-0,feasible,28.356846975,1000,500,0,10000,uncorrelated,True
compact,316071.0,span_weakly_correlated_1000-rnduniform-rnduniform-1000-100-3,feasible,3600.0012879371643,1000,100,3,1000,span_weakly_correlated,False
mckp,3898241.0,uncorrelated_10000-rnduniform-rnduniform-1000-100-4,feasible,23.908241373000003,1000,100,4,10000,uncorrelated,True
mckp,3127744.0,almost_strongly_correlated_10000-rnduniform-rnduniform-1000-100-6,feasible,23.173773365,1000,100,6,10000,almost_strongly_correlated,True
compact,4736842.0,subset_sum_10000-rnduniform-rnduniform-2000-20-1,feasible,0.0225501060485839,2000,20,1,10000,subset_sum,True
mckp,341821.0,almost_strongly_correlated_1000-rnduniform-rnduniform-1000-100-9,feasible,1.611257875,1000,100,9,1000,almost_strongly_correlated,True
mckp,563794.0,span_strongly_correlated_1000-rnduniform-rnduniform-2000-20-9,feasible,41.590726551,2000,20,9,1000,span_strongly_correlated,True
compact,5394924.0,span_weakly_correlated_10000-rnduniform-rnduniform-2000-20-3,feasible,3600.001298904419,2000,20,3,10000,span_weakly_correlated,False
compact,4783941.0,profit_ceiling_10000-rnduniform-rnduniform-2000-100-4,feasible,0.1091980934143066,2000,100,4,10000,profit_ceiling,False
compact,92122.0,span_uncorrelated_1000-rnduniform-rnduniform-200-20-8,feasible,0.7395851612091064,200,20,8,1000,span_uncorrelated,True
compact,1711224.0,almost_strongly_correlated_10000-rnduniform-rnduniform-500-20-8,feasible,176.72554898262024,500,20,8,10000,almost_strongly_correlated,False
compact,421422.0,span_weakly_correlated_1000-rnduniform-rnduniform-2000-20-5,feasible,3600.001785993576,2000,20,5,1000,span_weakly_correlated,False
compact,2262300.0,span_weakly_correlated_10000-rnduniform-rnduniform-1000-100-1,feasible,3600.0010900497437,1000,100,1,10000,span_weakly_correlated,False
compact,395043.0,uncorrelated_similar-rnduniform-rnduniform-1000-20-8,feasible,0.0331859588623046,1000,20,8,100000,uncorrelated_similar,True
mckp,307117.0,span_strongly_correlated_1000-rnduniform-rnduniform-1000-100-5,feasible,1.4783711039999998,1000,100,5,1000,span_strongly_correlated,True
mckp,130510.0,inverse_strongly_correlated_1000-rnduniform-rnduniform-500-20-3,feasible,4.651557474,500,20,3,1000,inverse_strongly_correlated,True
compact,54082.0,span_weakly_correlated_1000-rnduniform-rnduniform-200-20-8,feasible,0.0580050945281982,200,20,8,1000,span_weakly_correlated,True
compact,1009562.0,circle_1000-rnduniform-rnduniform-2000-20-6,feasible,161.0152781009674,2000,20,6,1000,circle,False
mckp,3348210.0,span_strongly_correlated_10000-rnduniform-rnduniform-2000-100-1,feasible,21.279167076,2000,100,1,10000,span_strongly_correlated,True
compact,856320.0,mstr_1000-rnduniform-rnduniform-2000-20-9,feasible,115.19332194328308,2000,20,9,1000,mstr,False
compact,4003754.0,span_weakly_correlated_10000-rnduniform-rnduniform-1000-20-0,feasible,3600.000643014908,1000,20,0,10000,span_weakly_correlated,False
mckp,86814.0,span_uncorrelated_1000-rnduniform-rnduniform-200-20-3,feasible,0.367434857,200,20,3,1000,span_uncorrelated,True
mckp,1235268.0,profit_ceiling_10000-rnduniform-rnduniform-500-20-3,feasible,38.025555646,500,20,3,10000,profit_ceiling,True
compact,6191126.0,span_uncorrelated_10000-rnduniform-rnduniform-1000-20-2,feasible,0.0252149105072021,1000,20,2,10000,span_uncorrelated,True
compact,140940.0,weakly_correlated_1000-rnduniform-rnduniform-500-20-7,feasible,0.0438261032104492,500,20,7,1000,weakly_correlated,True
mckp,377806.0,span_strongly_correlated_10000-rnduniform-rnduniform-200-20-7,feasible,1.426395957,200,20,7,10000,span_strongly_correlated,True
compact,579474.0,mstr_10000-rnduniform-rnduniform-200-20-7,feasible,0.3395860195159912,200,20,7,10000,mstr,False
compact,787009.0,uncorrelated_1000-rnduniform-rnduniform-2000-20-5,feasible,0.0529799461364746,2000,20,5,1000,uncorrelated,False
compact,571065.0,span_uncorrelated_1000-rnduniform-rnduniform-1000-100-2,feasible,0.0490829944610595,1000,100,2,1000,span_uncorrelated,True
compact,363759.0,mstr_1000-rnduniform-rnduniform-1000-100-1,feasible,0.2035520076751709,1000,100,1,1000,mstr,True
mckp,573509.0,strongly_correlated_1000-rnduniform-rnduniform-2000-20-0,feasible,72.648199895,2000,20,0,1000,strongly_correlated,True
mckp,493629.0,inverse_strongly_correlated_1000-rnduniform-rnduniform-2000-20-2,feasible,109.483966917,2000,20,2,1000,inverse_strongly_correlated,True
mckp,5371356.0,profit_ceiling_10000-rnduniform-rnduniform-2000-100-9,feasible,94.016457296,2000,100,9,10000,profit_ceiling,True
compact,155310.0,span_strongly_correlated_1000-rnduniform-rnduniform-1000-100-7,feasible,3600.001007080078,1000,100,7,1000,span_strongly_correlated,False
mckp,263883.0,profit_ceiling_1000-rnduniform-rnduniform-1000-20-8,feasible,24.601626981,1000,20,8,1000,profit_ceiling,True
compact,505968.0,circle_1000-rnduniform-rnduniform-1000-100-9,feasible,0.1146590709686279,1000,100,9,1000,circle,True
mckp,5078834.0,subset_sum_10000-rnduniform-rnduniform-2000-100-6,feasible,166.325011079,2000,100,6,10000,subset_sum,True
compact,2753452.0,span_weakly_correlated_10000-rnduniform-rnduniform-2000-20-5,feasible,3600.0027987957,2000,20,5,10000,span_weakly_correlated,False
compact,265724.0,subset_sum_1000-rnduniform-rnduniform-1000-20-8,feasible,0.0225250720977783,1000,20,8,1000,subset_sum,True
compact,190272.0,uncorrelated_similar-rnduniform-rnduniform-500-20-9,feasible,0.0156939029693603,500,20,9,100000,uncorrelated_similar,True
compact,1144104.0,subset_sum_10000-rnduniform-rnduniform-500-20-1,feasible,0.0058038234710693,500,20,1,10000,subset_sum,True
compact,464818.0,inverse_strongly_correlated_1000-rnduniform-rnduniform-2000-100-0,feasible,3600.001144886017,2000,100,0,1000,inverse_strongly_correlated,False
mckp,6243248.0,span_weakly_correlated_10000-rnduniform-rnduniform-2000-100-8,feasible,75.730160945,2000,100,8,10000,span_weakly_correlated,True
mckp,766504.0,span_uncorrelated_10000-rnduniform-rnduniform-200-20-7,feasible,2.19876109,200,20,7,10000,span_uncorrelated,True
compact,754427.0,mstr_1000-rnduniform-rnduniform-2000-20-1,feasible,3600.0011270046234,2000,20,1,1000,mstr,False
compact,4914368.0,inverse_strongly_correlated_10000-rnduniform-rnduniform-2000-100-2,feasible,3600.0010612010956,2000,100,2,10000,inverse_strongly_correlated,False
compact,37442.0,span_uncorrelated_1000-rnduniform-rnduniform-100-20-9,feasible,0.00620698928833,100,20,9,1000,span_uncorrelated,True
compact,318570.0,span_weakly_correlated_10000-rnduniform-rnduniform-200-100-1,feasible,0.0144040584564208,200,100,1,10000,span_weakly_correlated,True
mckp,122275.0,inverse_strongly_correlated_1000-rnduniform-rnduniform-500-20-0,feasible,5.1237389680000005,500,20,0,1000,inverse_strongly_correlated,True
compact,5025657.0,subset_sum_10000-rnduniform-rnduniform-2000-20-7,feasible,0.0209491252899169,2000,20,7,10000,subset_sum,True
mckp,1647984.0,strongly_correlated_10000-rnduniform-rnduniform-500-20-7,feasible,51.913186168,500,20,7,10000,strongly_correlated,True
compact,57057.0,strongly_correlated_1000-rnduniform-rnduniform-200-100-4,feasible,0.0020430088043212,200,100,4,1000,strongly_correlated,True
compact,44954.0,subset_sum_1000-rnduniform-rnduniform-200-20-4,feasible,0.0030519962310791,200,20,4,1000,subset_sum,True
compact,356467.0,mstr_1000-rnduniform-rnduniform-1000-100-0,feasible,0.7596049308776855,1000,100,0,1000,mstr,True
mckp,481690.0,inverse_strongly_correlated_1000-rnduniform-rnduniform-2000-20-1,feasible,108.653976547,2000,20,1,1000,inverse_strongly_correlated,True
mckp,505968.0,circle_1000-rnduniform-rnduniform-1000-100-9,feasible,1.523950211,1000,100,9,1000,circle,True
compact,6029244.0,strongly_correlated_10000-rnduniform-rnduniform-2000-100-2,feasible,3600.001487970352,2000,100,2,10000,strongly_correlated,False
compact,193453.0,span_weakly_correlated_1000-rnduniform-rnduniform-2000-100-1,feasible,0.1445579528808593,2000,100,1,1000,span_weakly_correlated,True
compact,535248.0,weakly_correlated_10000-rnduniform-rnduniform-200-20-7,feasible,0.0376448631286621,200,20,7,10000,weakly_correlated,True
compact,304874.0,span_strongly_correlated_1000-rnduniform-rnduniform-2000-100-6,feasible,3600.001260995865,2000,100,6,1000,span_strongly_correlated,False
compact,410330.0,uncorrelated_1000-rnduniform-rnduniform-1000-100-8,feasible,0.0574889183044433,1000,100,8,1000,uncorrelated,True
mckp,250939.0,weakly_correlated_1000-rnduniform-rnduniform-1000-20-1,feasible,52.214025408000005,1000,20,1,1000,weakly_correlated,True
mckp,193162.0,uncorrelated_1000-rnduniform-rnduniform-500-20-4,feasible,10.257730374,500,20,4,1000,uncorrelated,True
mckp,263644.0,span_strongly_correlated_1000-rnduniform-rnduniform-500-20-8,feasible,3.782620896,500,20,8,1000,span_strongly_correlated,True
compact,443145.0,weakly_correlated_10000-rnduniform-rnduniform-200-100-3,feasible,0.0035769939422607,200,100,3,10000,weakly_correlated,True
mckp,4884648.0,mstr_10000-rnduniform-rnduniform-2000-20-2,feasible,2352.692920759,2000,20,2,10000,mstr,True
compact,391108.0,uncorrelated_1000-rnduniform-rnduniform-1000-100-5,feasible,0.0593228340148925,1000,100,5,1000,uncorrelated,True
compact,5875874.0,almost_strongly_correlated_10000-rnduniform-rnduniform-2000-20-1,feasible,0.220858097076416,2000,20,1,10000,almost_strongly_correlated,False
compact,1230564.0,profit_ceiling_10000-rnduniform-rnduniform-500-20-6,feasible,0.1152138710021972,500,20,6,10000,profit_ceiling,True
mckp,4412705.0,subset_sum_10000-rnduniform-rnduniform-2000-100-1,feasible,68.74691343,2000,100,1,10000,subset_sum,True
mckp,822624.0,uncorrelated_1000-rnduniform-rnduniform-2000-20-8,feasible,414.853448065,2000,20,8,1000,uncorrelated,True
compact,4983027.0,circle_10000-rnduniform-rnduniform-1000-20-6,feasible,20.41138195991516,1000,20,6,10000,circle,False
mckp,198254.0,mstr_1000-rnduniform-rnduniform-500-20-5,feasible,4.88605146,500,20,5,1000,mstr,True
mckp,1430170.0,weakly_correlated_10000-rnduniform-rnduniform-500-20-7,feasible,37.914477306,500,20,7,10000,weakly_correlated,True
compact,85102.0,mstr_1000-rnduniform-rnduniform-200-20-8,feasible,0.2934629917144775,200,20,8,1000,mstr,True
mckp,133733.0,weakly_correlated_1000-rnduniform-rnduniform-500-20-5,feasible,5.2872982859999995,500,20,5,1000,weakly_correlated,True
compact,44788.0,span_strongly_correlated_1000-rnduniform-rnduniform-100-20-6,feasible,3600.0003221035004,100,20,6,1000,span_strongly_correlated,False
mckp,5002805.0,subset_sum_10000-rnduniform-rnduniform-2000-20-6,feasible,911.030293856,2000,20,6,10000,subset_sum,True
compact,40323.0,uncorrelated_similar-rnduniform-rnduniform-100-20-8,feasible,0.0030059814453125,100,20,8,100000,uncorrelated_similar,True
compact,4876098.0,span_strongly_correlated_10000-rnduniform-rnduniform-1000-500-0,feasible,0.1663110256195068,1000,500,0,10000,span_strongly_correlated,True
mckp,3109214.0,almost_strongly_correlated_10000-rnduniform-rnduniform-1000-100-5,feasible,17.320286499999998,1000,100,5,10000,almost_strongly_correlated,True
compact,735175.0,uncorrelated_similar-rnduniform-rnduniform-2000-100-3,feasible,0.0691909790039062,2000,100,3,100000,uncorrelated_similar,True
compact,76014.0,span_strongly_correlated_1000-rnduniform-rnduniform-500-20-1,feasible,3600.000529050827,500,20,1,1000,span_strongly_correlated,False
mckp,4143915.0,span_uncorrelated_10000-rnduniform-rnduniform-1000-20-8,feasible,90.931502451,1000,20,8,10000,span_uncorrelated,True
compact,448190.0,span_strongly_correlated_10000-rnduniform-rnduniform-100-20-3,feasible,2209.893394947052,100,20,3,10000,span_strongly_correlated,True
compact,6106100.0,almost_strongly_correlated_10000-rnduniform-rnduniform-2000-20-2,feasible,137.40614700317383,2000,20,2,10000,almost_strongly_correlated,False
mckp,4471279.0,span_uncorrelated_10000-rnduniform-rnduniform-2000-100-5,feasible,44.237627933999995,2000,100,5,10000,span_uncorrelated,True
compact,385159.0,uncorrelated_similar-rnduniform-rnduniform-1000-100-9,feasible,0.0413520336151123,1000,100,9,100000,uncorrelated_similar,True
mckp,4653549.0,profit_ceiling_10000-rnduniform-rnduniform-2000-100-2,feasible,77.559993355,2000,100,2,10000,profit_ceiling,True
compact,107796.0,profit_ceiling_1000-rnduniform-rnduniform-500-20-1,feasible,0.0272018909454345,500,20,1,1000,profit_ceiling,True
mckp,3289000.0,strongly_correlated_10000-rnduniform-rnduniform-1000-20-7,feasible,609.921769427,1000,20,7,10000,strongly_correlated,True
mckp,560193.0,strongly_correlated_10000-rnduniform-rnduniform-200-100-2,feasible,4.217543238999999,200,100,2,10000,strongly_correlated,True
mckp,1089539.0,span_weakly_correlated_1000-rnduniform-rnduniform-2000-100-7,feasible,12.735458048,2000,100,7,1000,span_weakly_correlated,True
compact,320631.0,almost_strongly_correlated_1000-rnduniform-rnduniform-1000-20-5,feasible,3600.001401901245,1000,20,5,1000,almost_strongly_correlated,False
compact,1297881.0,inverse_strongly_correlated_10000-rnduniform-rnduniform-500-20-4,feasible,15.546994924545288,500,20,4,10000,inverse_strongly_correlated,False
mckp,4080787.0,uncorrelated_10000-rnduniform-rnduniform-1000-20-9,feasible,467.261060146,1000,20,9,10000,uncorrelated,True
mckp,215377.0,subset_sum_10000-rnduniform-rnduniform-100-20-0,feasible,2.540787264,100,20,0,10000,subset_sum,True
compact,2564824.0,circle_10000-rnduniform-rnduniform-500-20-9,feasible,4.628072023391724,500,20,9,10000,circle,False
compact,3324243.0,uncorrelated_10000-rnduniform-rnduniform-1000-500-0,feasible,0.0081632137298583,1000,500,0,10000,uncorrelated,True
compact,58104.0,span_strongly_correlated_1000-rnduniform-rnduniform-200-20-0,feasible,0.0456268787384033,200,20,0,1000,span_strongly_correlated,True
compact,461682.0,profit_ceiling_10000-rnduniform-rnduniform-200-20-3,feasible,0.3239521980285644,200,20,3,10000,profit_ceiling,True
mckp,376381.0,mstr_1000-rnduniform-rnduniform-1000-100-2,feasible,1.472636967,1000,100,2,1000,mstr,True
compact,82946.0,circle_1000-rnduniform-rnduniform-200-100-0,feasible,0.0037188529968261,200,100,0,1000,circle,True
compact,190741.0,uncorrelated_1000-rnduniform-rnduniform-500-20-1,feasible,0.0457589626312255,500,20,1,1000,uncorrelated,True
compact,896926.0,span_weakly_correlated_1000-rnduniform-rnduniform-2000-20-8,feasible,3600.0018780231476,2000,20,8,1000,span_weakly_correlated,False
mckp,6614195.0,strongly_correlated_10000-rnduniform-rnduniform-2000-100-8,feasible,74.9998957,2000,100,8,10000,strongly_correlated,True
compact,5009269.0,weakly_correlated_10000-rnduniform-rnduniform-2000-20-1,feasible,0.2528069019317627,2000,20,1,10000,weakly_correlated,False
mckp,681754.0,span_uncorrelated_1000-rnduniform-rnduniform-1000-100-5,feasible,0.960150726,1000,100,5,1000,span_uncorrelated,True
mckp,92122.0,span_uncorrelated_1000-rnduniform-rnduniform-200-20-8,feasible,0.394644653,200,20,8,1000,span_uncorrelated,True
mckp,8623504.0,span_strongly_correlated_10000-rnduniform-rnduniform-2000-20-9,feasible,323.990299951,2000,20,9,10000,span_strongly_correlated,True
mckp,8116007.0,uncorrelated_10000-rnduniform-rnduniform-2000-20-5,feasible,5985.84051267,2000,20,5,10000,uncorrelated,False
compact,911842.0,circle_1000-rnduniform-rnduniform-2000-100-2,feasible,1.3088858127593994,2000,100,2,1000,circle,False
compact,9241119.0,circle_10000-rnduniform-rnduniform-2000-100-2,feasible,0.2099988460540771,2000,100,2,10000,circle,False
mckp,626860.0,almost_strongly_correlated_1000-rnduniform-rnduniform-2000-20-5,feasible,184.607001634,2000,20,5,1000,almost_strongly_correlated,True
mckp,6101417.0,strongly_correlated_10000-rnduniform-rnduniform-2000-100-3,feasible,97.097692243,2000,100,3,10000,strongly_correlated,True
compact,6023867.0,almost_strongly_correlated_10000-rnduniform-rnduniform-2000-100-3,feasible,9.15155291557312,2000,100,3,10000,almost_strongly_correlated,False
compact,114918.0,profit_ceiling_1000-rnduniform-rnduniform-500-20-3,feasible,0.0377328395843505,500,20,3,1000,profit_ceiling,True
compact,9179553.0,circle_10000-rnduniform-rnduniform-2000-20-0,feasible,174.84519910812378,2000,20,0,10000,circle,False
mckp,236593.0,inverse_strongly_correlated_1000-rnduniform-rnduniform-1000-100-0,feasible,1.778023247,1000,100,0,1000,inverse_strongly_correlated,True
mckp,4060987.0,span_strongly_correlated_10000-rnduniform-rnduniform-1000-100-6,feasible,23.162090891,1000,100,6,10000,span_strongly_correlated,True
compact,139318.0,weakly_correlated_1000-rnduniform-rnduniform-500-20-8,feasible,0.0304980278015136,500,20,8,1000,weakly_correlated,True
compact,933017.0,circle_1000-rnduniform-rnduniform-2000-20-1,feasible,0.8572890758514404,2000,20,1,1000,circle,False
mckp,393358.0,mstr_1000-rnduniform-rnduniform-1000-20-4,feasible,27.523871513000003,1000,20,4,1000,mstr,True
mckp,41505.0,profit_ceiling_1000-rnduniform-rnduniform-200-100-0,feasible,0.376847461,200,100,0,1000,profit_ceiling,True
compact,147846.0,almost_strongly_correlated_1000-rnduniform-rnduniform-500-20-2,feasible,3600.0005271434784,500,20,2,1000,almost_strongly_correlated,False
mckp,5004970.0,mstr_10000-rnduniform-rnduniform-2000-100-2,feasible,75.197352915,2000,100,2,10000,mstr,True
compact,2335112.0,mstr_10000-rnduniform-rnduniform-1000-100-0,feasible,0.8279581069946289,1000,100,0,10000,mstr,False
compact,990987.0,span_strongly_correlated_10000-rnduniform-rnduniform-500-20-1,feasible,3600.000554084778,500,20,1,10000,span_strongly_correlated,False
mckp,487517.0,mstr_10000-rnduniform-rnduniform-200-20-4,feasible,4.91417285,200,20,4,10000,mstr,True
compact,133733.0,weakly_correlated_1000-rnduniform-rnduniform-500-20-5,feasible,0.0129170417785644,500,20,5,1000,weakly_correlated,True
mckp,116163.0,inverse_strongly_correlated_1000-rnduniform-rnduniform-500-100-0,feasible,1.02237258,500,100,0,1000,inverse_strongly_correlated,True
compact,213009.9999999999,mstr_1000-rnduniform-rnduniform-500-20-9,feasible,0.9452459812164308,500,20,9,1000,mstr,True
mckp,3721716.0,span_strongly_correlated_10000-rnduniform-rnduniform-1000-20-6,feasible,78.88777153199999,1000,20,6,10000,span_strongly_correlated,True
compact,58447.0,almost_strongly_correlated_1000-rnduniform-rnduniform-200-100-3,feasible,0.0038628578186035,200,100,3,1000,almost_strongly_correlated,True
compact,233772.0,span_strongly_correlated_10000-rnduniform-rnduniform-100-20-6,feasible,36.709922075271606,100,20,6,10000,span_strongly_correlated,True
mckp,328287.0,strongly_correlated_1000-rnduniform-rnduniform-1000-100-7,feasible,1.519046335,1000,100,7,1000,strongly_correlated,True
mckp,191836.0,mstr_1000-rnduniform-rnduniform-500-20-3,feasible,5.001056225,500,20,3,1000,mstr,True
mckp,5235272.0,subset_sum_10000-rnduniform-rnduniform-2000-100-7,feasible,131.84965759,2000,100,7,10000,subset_sum,True
mckp,8985529.0,circle_10000-rnduniform-rnduniform-2000-100-1,feasible,101.099247058,2000,100,1,10000,circle,True
mckp,629500.0,uncorrelated_10000-rnduniform-rnduniform-200-100-0,feasible,5.9591394289999995,200,100,0,10000,uncorrelated,True
mckp,843715.0,span_strongly_correlated_1000-rnduniform-rnduniform-2000-100-9,feasible,7.841727218,2000,100,9,1000,span_strongly_correlated,True
compact,2418107.0,circle_10000-rnduniform-rnduniform-500-20-4,feasible,0.156743049621582,500,20,4,10000,circle,False
compact,99888.0,span_strongly_correlated_1000-rnduniform-rnduniform-200-100-0,feasible,0.0026569366455078,200,100,0,1000,span_strongly_correlated,True
mckp,231237.0,circle_1000-rnduniform-rnduniform-500-20-1,feasible,4.333623552,500,20,1,1000,circle,True
mckp,328547.0,span_weakly_correlated_10000-rnduniform-rnduniform-100-20-5,feasible,3.586076434,100,20,5,10000,span_weakly_correlated,True
mckp,1625705.0,span_strongly_correlated_10000-rnduniform-rnduniform-500-100-8,feasible,10.048590562,500,100,8,10000,span_strongly_correlated,True
compact,8342152.0,span_uncorrelated_10000-rnduniform-rnduniform-2000-100-2,feasible,0.0924849510192871,2000,100,2,10000,span_uncorrelated,True
mckp,660897.0,strongly_correlated_1000-rnduniform-rnduniform-2000-100-7,feasible,12.370620441,2000,100,7,1000,strongly_correlated,True
mckp,920466.0,circle_10000-rnduniform-rnduniform-200-20-3,feasible,3.393920574,200,20,3,10000,circle,True
compact,683904.0,almost_strongly_correlated_1000-rnduniform-rnduniform-2000-20-9,feasible,0.5819640159606934,2000,20,9,1000,almost_strongly_correlated,False
compact,48321.0,span_weakly_correlated_1000-rnduniform-rnduniform-200-20-6,feasible,3600.0005190372467,200,20,6,1000,span_weakly_correlated,False
compact,845195.0,circle_10000-rnduniform-rnduniform-200-100-5,feasible,0.002838134765625,200,100,5,10000,circle,True
compact,367864.0,uncorrelated_10000-rnduniform-rnduniform-100-20-5,feasible,0.0052919387817382,100,20,5,10000,uncorrelated,True
compact,254631.0,profit_ceiling_10000-rnduniform-rnduniform-100-20-6,feasible,0.082643985748291,100,20,6,10000,profit_ceiling,True
compact,6318592.0,strongly_correlated_10000-rnduniform-rnduniform-2000-100-5,feasible,3600.0016629695892,2000,100,5,10000,strongly_correlated,False
mckp,567386.0,inverse_strongly_correlated_10000-rnduniform-rnduniform-200-20-7,feasible,4.36603015,200,20,7,10000,inverse_strongly_correlated,True
compact,124621.0,span_weakly_correlated_10000-rnduniform-rnduniform-100-20-6,feasible,16.037297010421753,100,20,6,10000,span_weakly_correlated,True
mckp,270756.0,span_strongly_correlated_10000-rnduniform-rnduniform-100-20-0,feasible,2.27838274,100,20,0,10000,span_strongly_correlated,True
compact,1608643.0,strongly_correlated_10000-rnduniform-rnduniform-500-100-9,feasible,0.0618140697479248,500,100,9,10000,strongly_correlated,True
mckp,444031.0,circle_10000-rnduniform-rnduniform-100-20-0,feasible,2.2908721940000003,100,20,0,10000,circle,True
mckp,501505.0,span_uncorrelated_10000-rnduniform-rnduniform-200-20-3,feasible,5.251397680999999,200,20,3,10000,span_uncorrelated,True
mckp,898964.0,span_weakly_correlated_10000-rnduniform-rnduniform-200-100-0,feasible,10.97661464,200,100,0,10000,span_weakly_correlated,True
compact,706057.0,uncorrelated_similar-rnduniform-rnduniform-2000-20-1,feasible,0.0522511005401611,2000,20,1,100000,uncorrelated_similar,True
compact,63946.0,almost_strongly_correlated_1000-rnduniform-rnduniform-200-20-5,feasible,3600.000347852707,200,20,5,1000,almost_strongly_correlated,False
compact,2812188.0,span_uncorrelated_10000-rnduniform-rnduniform-500-20-7,feasible,0.0165519714355468,500,20,7,10000,span_uncorrelated,True
compact,31369.0,span_uncorrelated_1000-rnduniform-rnduniform-100-20-1,feasible,4.76440691947937,100,20,1,1000,span_uncorrelated,True
compact,74799.0,uncorrelated_1000-rnduniform-rnduniform-200-20-2,feasible,0.0105221271514892,200,20,2,1000,uncorrelated,True
mckp,48798.0,inverse_strongly_correlated_1000-rnduniform-rnduniform-200-20-2,feasible,0.3442760609999999,200,20,2,1000,inverse_strongly_correlated,True
mckp,242750.0,subset_sum_1000-rnduniform-rnduniform-1000-20-4,feasible,21.002846884,1000,20,4,1000,subset_sum,True
mckp,5198400.0,mstr_10000-rnduniform-rnduniform-2000-100-4,feasible,79.128039758,2000,100,4,10000,mstr,True
mckp,801975.0,uncorrelated_10000-rnduniform-rnduniform-200-20-9,feasible,5.033159038,200,20,9,10000,uncorrelated,True
compact,30325.0,almost_strongly_correlated_1000-rnduniform-rnduniform-100-20-6,feasible,0.0235869884490966,100,20,6,1000,almost_strongly_correlated,True
mckp,4773652.0,mstr_10000-rnduniform-rnduniform-2000-100-0,feasible,73.040976015,2000,100,0,10000,mstr,True
mckp,1007732.0,circle_1000-rnduniform-rnduniform-2000-100-7,feasible,10.173641662,2000,100,7,1000,circle,True
mckp,336122.0,strongly_correlated_1000-rnduniform-rnduniform-1000-100-8,feasible,2.738670238,1000,100,8,1000,strongly_correlated,True
mckp,4435931.0,subset_sum_10000-rnduniform-rnduniform-2000-20-0,feasible,601.448386856,2000,20,0,10000,subset_sum,True
mckp,5232237.0,inverse_strongly_correlated_10000-rnduniform-rnduniform-2000-20-5,feasible,2195.982044901,2000,20,5,10000,inverse_strongly_correlated,True
mckp,501250.0,circle_1000-rnduniform-rnduniform-1000-20-7,feasible,27.10242661,1000,20,7,1000,circle,True
compact,618695.0,span_strongly_correlated_1000-rnduniform-rnduniform-1000-100-8,feasible,3600.0007841587067,1000,100,8,1000,span_strongly_correlated,False
mckp,5446596.0,mstr_10000-rnduniform-rnduniform-2000-20-7,feasible,1682.201413384,2000,20,7,10000,mstr,True
compact,182766.0,span_strongly_correlated_1000-rnduniform-rnduniform-500-20-0,feasible,3600.000407934189,500,20,0,1000,span_strongly_correlated,False
compact,114687.0,profit_ceiling_1000-rnduniform-rnduniform-500-20-2,feasible,0.0062360763549804,500,20,2,1000,profit_ceiling,True
compact,41129.0,mstr_1000-rnduniform-rnduniform-100-20-8,feasible,0.0304219722747802,100,20,8,1000,mstr,True
mckp,2652747.0,subset_sum_10000-rnduniform-rnduniform-1000-100-9,feasible,18.119924483,1000,100,9,10000,subset_sum,True
compact,271310.99999999953,mstr_10000-rnduniform-rnduniform-100-20-9,feasible,0.1876628398895263,100,20,9,10000,mstr,True
compact,319893.0,span_uncorrelated_1000-rnduniform-rnduniform-1000-20-1,feasible,0.0155920982360839,1000,20,1,1000,span_uncorrelated,True
mckp,312782.0,strongly_correlated_1000-rnduniform-rnduniform-1000-20-5,feasible,22.045719397,1000,20,5,1000,strongly_correlated,True
mckp,614579.0,span_strongly_correlated_1000-rnduniform-rnduniform-2000-20-4,feasible,45.112065042,2000,20,4,1000,span_strongly_correlated,True
mckp,471794.0,subset_sum_10000-rnduniform-rnduniform-200-20-5,feasible,3.430955231,200,20,5,10000,subset_sum,True
compact,501505.0,span_uncorrelated_10000-rnduniform-rnduniform-200-20-3,feasible,0.0417609214782714,200,20,3,10000,span_uncorrelated,True
mckp,230970.0,profit_ceiling_10000-rnduniform-rnduniform-100-20-8,feasible,1.954844059,100,20,8,10000,profit_ceiling,True
compact,490399.0,mstr_10000-rnduniform-rnduniform-200-20-3,feasible,0.6511189937591553,200,20,3,10000,mstr,True
mckp,1873832.0,span_weakly_correlated_10000-rnduniform-rnduniform-1000-100-6,feasible,17.251271621,1000,100,6,10000,span_weakly_correlated,True
compact,600193.0,span_uncorrelated_1000-rnduniform-rnduniform-2000-100-4,feasible,0.2858469486236572,2000,100,4,1000,span_uncorrelated,True
mckp,5156394.0,profit_ceiling_10000-rnduniform-rnduniform-2000-20-8,feasible,1716.094758946,2000,20,8,10000,profit_ceiling,True
mckp,5170287.0,profit_ceiling_10000-rnduniform-rnduniform-2000-20-7,feasible,1928.168671958,2000,20,7,10000,profit_ceiling,True
compact,188654.0,span_uncorrelated_10000-rnduniform-rnduniform-50-20-8,feasible,0.0028340816497802,50,20,8,10000,span_uncorrelated,True
mckp,3787862.0,uncorrelated_10000-rnduniform-rnduniform-1000-100-1,feasible,21.828607973,1000,100,1,10000,uncorrelated,True
mckp,366151.0,uncorrelated_similar-rnduniform-rnduniform-1000-20-5,feasible,1912.241379649,1000,20,5,100000,uncorrelated_similar,True
compact,5170287.0,profit_ceiling_10000-rnduniform-rnduniform-2000-20-7,feasible,0.0605599880218505,2000,20,7,10000,profit_ceiling,False
compact,204244.0,mstr_1000-rnduniform-rnduniform-500-20-7,feasible,340.223769903183,500,20,7,1000,mstr,True
mckp,247683.0,subset_sum_1000-rnduniform-rnduniform-1000-20-5,feasible,19.97948322,1000,20,5,1000,subset_sum,True
mckp,391256.0,span_uncorrelated_1000-rnduniform-rnduniform-500-20-2,feasible,1.955872981,500,20,2,1000,span_uncorrelated,True
mckp,550169.0,almost_strongly_correlated_10000-rnduniform-rnduniform-200-20-0,feasible,4.4740328080000005,200,20,0,10000,almost_strongly_correlated,True
mckp,400036.0,uncorrelated_1000-rnduniform-rnduniform-1000-100-7,feasible,2.531401663,1000,100,7,1000,uncorrelated,True
mckp,2910713.0,weakly_correlated_10000-rnduniform-rnduniform-1000-100-9,feasible,17.383222384,1000,100,9,10000,weakly_correlated,True
compact,580227.0,span_uncorrelated_10000-rnduniform-rnduniform-200-20-1,feasible,0.0196869373321533,200,20,1,10000,span_uncorrelated,True
mckp,817512.0,uncorrelated_1000-rnduniform-rnduniform-2000-20-6,feasible,493.508992021,2000,20,6,1000,uncorrelated,True
mckp,44954.0,subset_sum_1000-rnduniform-rnduniform-200-20-4,feasible,0.277276032,200,20,4,1000,subset_sum,True
compact,66315.0,almost_strongly_correlated_1000-rnduniform-rnduniform-200-20-8,feasible,0.2600030899047851,200,20,8,1000,almost_strongly_correlated,True
compact,4997880.0,profit_ceiling_10000-rnduniform-rnduniform-2000-20-5,feasible,0.0316648483276367,2000,20,5,10000,profit_ceiling,False
compact,195510.0,mstr_1000-rnduniform-rnduniform-500-100-6,feasible,0.0578961372375488,500,100,6,1000,mstr,True
mckp,537421.0,almost_strongly_correlated_10000-rnduniform-rnduniform-200-100-0,feasible,4.662961841,200,100,0,10000,almost_strongly_correlated,True
mckp,6790.0,span_weakly_correlated_1000-rnduniform-rnduniform-50-20-8,feasible,0.068216804,50,20,8,1000,span_weakly_correlated,True
mckp,13008.0,span_strongly_correlated_1000-rnduniform-rnduniform-50-20-9,feasible,0.093877017,50,20,9,1000,span_strongly_correlated,True
mckp,2515803.0,weakly_correlated_10000-rnduniform-rnduniform-1000-100-1,feasible,21.859618032999997,1000,100,1,10000,weakly_correlated,True
compact,24672.0,span_strongly_correlated_1000-rnduniform-rnduniform-200-100-3,feasible,0.0034141540527343,200,100,3,1000,span_strongly_correlated,True
mckp,2364477.0,profit_ceiling_10000-rnduniform-rnduniform-1000-100-3,feasible,22.968031668,1000,100,3,10000,profit_ceiling,True
compact,54525.0,span_uncorrelated_1000-rnduniform-rnduniform-200-100-2,feasible,0.0030069351196289,200,100,2,1000,span_uncorrelated,True
mckp,6943938.0,span_weakly_correlated_10000-rnduniform-rnduniform-2000-20-8,feasible,369.557826643,2000,20,8,10000,span_weakly_correlated,True
compact,253118.0,mstr_10000-rnduniform-rnduniform-100-20-5,feasible,0.1867997646331787,100,20,5,10000,mstr,True
mckp,2173446.0,span_weakly_correlated_10000-rnduniform-rnduniform-500-20-9,feasible,37.796102427,500,20,9,10000,span_weakly_correlated,True
compact,36319.0,uncorrelated_similar-rnduniform-rnduniform-100-20-9,feasible,0.0044639110565185,100,20,9,100000,uncorrelated_similar,True
compact,25186.0,subset_sum_1000-rnduniform-rnduniform-100-20-8,feasible,0.0086171627044677,100,20,8,1000,subset_sum,True
mckp,27391.0,weakly_correlated_1000-rnduniform-rnduniform-100-20-9,feasible,0.186133065,100,20,9,1000,weakly_correlated,True
mckp,4689968.0,span_weakly_correlated_10000-rnduniform-rnduniform-1000-20-4,feasible,133.200068253,1000,20,4,10000,span_weakly_correlated,True
mckp,1362885.0,inverse_strongly_correlated_10000-rnduniform-rnduniform-500-20-6,feasible,43.65706979,500,20,6,10000,inverse_strongly_correlated,True
mckp,76658.0,mstr_1000-rnduniform-rnduniform-200-20-5,feasible,0.343586728,200,20,5,1000,mstr,True
mckp,3312535.0,strongly_correlated_10000-rnduniform-rnduniform-1000-100-6,feasible,25.190811011,1000,100,6,10000,strongly_correlated,True
compact,263734.0,inverse_strongly_correlated_1000-rnduniform-rnduniform-1000-20-6,feasible,3600.001965045929,1000,20,6,1000,inverse_strongly_correlated,False
compact,290832.0,strongly_correlated_10000-rnduniform-rnduniform-100-20-3,feasible,0.0868699550628662,100,20,3,10000,strongly_correlated,True
mckp,5394924.0,span_weakly_correlated_10000-rnduniform-rnduniform-2000-20-3,feasible,339.439833549,2000,20,3,10000,span_weakly_correlated,True
compact,479464.0,inverse_strongly_correlated_10000-rnduniform-rnduniform-200-100-1,feasible,0.036482810974121,200,100,1,10000,inverse_strongly_correlated,True
compact,5785974.0,span_uncorrelated_10000-rnduniform-rnduniform-1000-100-8,feasible,0.0475618839263916,1000,100,8,10000,span_uncorrelated,True
compact,87277.0,span_uncorrelated_1000-rnduniform-rnduniform-200-100-3,feasible,0.0024831295013427,200,100,3,1000,span_uncorrelated,True
compact,1345311.0,profit_ceiling_10000-rnduniform-rnduniform-500-20-7,feasible,0.3112249374389648,500,20,7,10000,profit_ceiling,True
mckp,56622.0,weakly_correlated_1000-rnduniform-rnduniform-200-20-6,feasible,0.331326805,200,20,6,1000,weakly_correlated,True
mckp,7759971.0,uncorrelated_10000-rnduniform-rnduniform-2000-20-1,feasible,6534.192429217001,2000,20,1,10000,uncorrelated,False
compact,297725.0,weakly_correlated_1000-rnduniform-rnduniform-1000-100-9,feasible,0.1989400386810302,1000,100,9,1000,weakly_correlated,True
compact,23838.0,subset_sum_1000-rnduniform-rnduniform-100-20-2,feasible,0.0024220943450927,100,20,2,1000,subset_sum,True
mckp,496514.0,span_weakly_correlated_1000-rnduniform-rnduniform-1000-20-5,feasible,17.744785751,1000,20,5,1000,span_weakly_correlated,True
mckp,275868.0,almost_strongly_correlated_10000-rnduniform-rnduniform-100-20-0,feasible,3.040174622,100,20,0,10000,almost_strongly_correlated,True
compact,510969.0,weakly_correlated_1000-rnduniform-rnduniform-2000-100-1,feasible,0.0799698829650878,2000,100,1,1000,weakly_correlated,True
mckp,305073.0,inverse_strongly_correlated_10000-rnduniform-rnduniform-100-20-8,feasible,3.612610916,100,20,8,10000,inverse_strongly_correlated,True
compact,2652745.0,subset_sum_10000-rnduniform-rnduniform-1000-100-9,feasible,0.0205240249633789,1000,100,9,10000,subset_sum,False
mckp,100870.0,circle_1000-rnduniform-rnduniform-200-20-7,feasible,0.334290341,200,20,7,1000,circle,True
compact,4219254.0,span_strongly_correlated_10000-rnduniform-rnduniform-1000-100-0,feasible,3600.000988960266,1000,100,0,10000,span_strongly_correlated,False
mckp,580227.0,span_uncorrelated_10000-rnduniform-rnduniform-200-20-1,feasible,6.473724633,200,20,1,10000,span_uncorrelated,True
compact,307117.0,span_strongly_correlated_1000-rnduniform-rnduniform-1000-100-5,feasible,3600.0006539821625,1000,100,5,1000,span_strongly_correlated,False
compact,872227.0,span_uncorrelated_1000-rnduniform-rnduniform-2000-20-5,feasible,0.0133020877838134,2000,20,5,1000,span_uncorrelated,True
mckp,1963602.0,uncorrelated_10000-rnduniform-rnduniform-500-20-1,feasible,37.798808926,500,20,1,10000,uncorrelated,True
mckp,6123401.0,almost_strongly_correlated_10000-rnduniform-rnduniform-2000-20-3,feasible,1945.100923172,2000,20,3,10000,almost_strongly_correlated,True
mckp,772313.0,mstr_1000-rnduniform-rnduniform-2000-20-3,feasible,135.312023895,2000,20,3,1000,mstr,True
compact,247202.0,inverse_strongly_correlated_1000-rnduniform-rnduniform-1000-100-3,feasible,0.1238470077514648,1000,100,3,1000,inverse_strongly_correlated,True
compact,7579644.0,span_strongly_correlated_10000-rnduniform-rnduniform-2000-100-8,feasible,3600.001163959503,2000,100,8,10000,span_strongly_correlated,False
compact,334537.0,span_uncorrelated_1000-rnduniform-rnduniform-1000-100-0,feasible,0.0396010875701904,1000,100,0,1000,span_uncorrelated,True
compact,255917.0,subset_sum_10000-rnduniform-rnduniform-100-20-3,feasible,0.3862838745117187,100,20,3,10000,subset_sum,True
compact,759215.0,uncorrelated_1000-rnduniform-rnduniform-2000-100-0,feasible,0.1287939548492431,2000,100,0,1000,uncorrelated,False
mckp,40796.0,span_strongly_correlated_1000-rnduniform-rnduniform-100-20-8,feasible,0.219304801,100,20,8,1000,span_strongly_correlated,True
mckp,39372.0,span_uncorrelated_1000-rnduniform-rnduniform-100-20-0,feasible,0.357902042,100,20,0,1000,span_uncorrelated,True
mckp,291773.0,inverse_strongly_correlated_1000-rnduniform-rnduniform-1000-20-9,feasible,24.515706309,1000,20,9,1000,inverse_strongly_correlated,True
mckp,1085480.0,span_strongly_correlated_10000-rnduniform-rnduniform-500-20-9,feasible,10.764548262,500,20,9,10000,span_strongly_correlated,True
compact,3798079.0,uncorrelated_10000-rnduniform-rnduniform-1000-100-2,feasible,0.0717320442199707,1000,100,2,10000,uncorrelated,True
mckp,514748.0,inverse_strongly_correlated_1000-rnduniform-rnduniform-2000-100-4,feasible,12.866691889,2000,100,4,1000,inverse_strongly_correlated,True
compact,51760.0,span_weakly_correlated_1000-rnduniform-rnduniform-200-100-2,feasible,0.0039288997650146,200,100,2,1000,span_weakly_correlated,True
compact,100870.0,circle_1000-rnduniform-rnduniform-200-20-7,feasible,0.0367741584777832,200,20,7,1000,circle,True
mckp,2512119.0,profit_ceiling_10000-rnduniform-rnduniform-1000-100-5,feasible,28.131548475,1000,100,5,10000,profit_ceiling,True
mckp,54525.0,span_uncorrelated_1000-rnduniform-rnduniform-200-100-2,feasible,0.456325647,200,100,2,1000,span_uncorrelated,True
mckp,6023870.0,almost_strongly_correlated_10000-rnduniform-rnduniform-2000-100-3,feasible,90.744359437,2000,100,3,10000,almost_strongly_correlated,True
mckp,256082.0,weakly_correlated_10000-rnduniform-rnduniform-100-20-3,feasible,2.1941011849999996,100,20,3,10000,weakly_correlated,True
compact,292124.0,span_strongly_correlated_1000-rnduniform-rnduniform-2000-20-6,feasible,0.0150220394134521,2000,20,6,1000,span_strongly_correlated,True
compact,2217892.0,span_uncorrelated_10000-rnduniform-rnduniform-500-20-1,feasible,0.0748519897460937,500,20,1,10000,span_uncorrelated,True
compact,73920.0,strongly_correlated_1000-rnduniform-rnduniform-200-20-9,feasible,0.134761095046997,200,20,9,1000,strongly_correlated,True
mckp,800125.0,mstr_1000-rnduniform-rnduniform-2000-20-5,feasible,153.24950653800002,2000,20,5,1000,mstr,True
mckp,527692.0,subset_sum_1000-rnduniform-rnduniform-2000-100-8,feasible,11.104632147,2000,100,8,1000,subset_sum,True
compact,2519638.0,span_strongly_correlated_10000-rnduniform-rnduniform-500-20-6,feasible,3600.0007269382477,500,20,6,10000,span_strongly_correlated,False
mckp,380785.0,uncorrelated_1000-rnduniform-rnduniform-1000-20-0,feasible,48.835825905,1000,20,0,1000,uncorrelated,True
mckp,473877.0,profit_ceiling_1000-rnduniform-rnduniform-2000-100-3,feasible,13.077261291,2000,100,3,1000,profit_ceiling,True
mckp,384982.0,uncorrelated_similar-rnduniform-rnduniform-1000-20-9,feasible,1168.1817031429998,1000,20,9,100000,uncorrelated_similar,True
compact,11438.0,inverse_strongly_correlated_1000-rnduniform-rnduniform-50-20-3,feasible,0.0109760761260986,50,20,3,1000,inverse_strongly_correlated,True
compact,30687.0,strongly_correlated_1000-rnduniform-rnduniform-100-20-6,feasible,0.0154769420623779,100,20,6,1000,strongly_correlated,True
compact,7032295.0,span_strongly_correlated_10000-rnduniform-rnduniform-2000-20-0,feasible,3600.001326084137,2000,20,0,10000,span_strongly_correlated,False
mckp,72147.0,span_weakly_correlated_1000-rnduniform-rnduniform-200-100-3,feasible,0.445284428,200,100,3,1000,span_weakly_correlated,True
compact,49119.0,span_uncorrelated_1000-rnduniform-rnduniform-200-20-2,feasible,0.1013450622558593,200,20,2,1000,span_uncorrelated,True
mckp,4125178.0,uncorrelated_10000-rnduniform-rnduniform-1000-20-8,feasible,675.404216199,1000,20,8,10000,uncorrelated,True
compact,1560975.0,almost_strongly_correlated_10000-rnduniform-rnduniform-500-20-3,feasible,22.72261619567871,500,20,3,10000,almost_strongly_correlated,False
compact,1647984.0,strongly_correlated_10000-rnduniform-rnduniform-500-20-7,feasible,3600.000499010086,500,20,7,10000,strongly_correlated,False
mckp,522081.0,circle_1000-rnduniform-rnduniform-1000-20-9,feasible,21.043757338,1000,20,9,1000,circle,True
mckp,21718.0,inverse_strongly_correlated_1000-rnduniform-rnduniform-100-20-0,feasible,0.209179946,100,20,0,1000,inverse_strongly_correlated,True
mckp,646393.0,almost_strongly_correlated_10000-rnduniform-rnduniform-200-20-9,feasible,4.3840383130000005,200,20,9,10000,almost_strongly_correlated,True
mckp,2160763.0,span_strongly_correlated_10000-rnduniform-rnduniform-500-20-5,feasible,23.373279799,500,20,5,10000,span_strongly_correlated,True
compact,5953272.0,strongly_correlated_10000-rnduniform-rnduniform-2000-20-1,feasible,3600.001183986664,2000,20,1,10000,strongly_correlated,False
compact,264509.0,weakly_correlated_1000-rnduniform-rnduniform-1000-20-5,feasible,0.0159649848937988,1000,20,5,1000,weakly_correlated,True
mckp,5497690.0,weakly_correlated_10000-rnduniform-rnduniform-2000-20-6,feasible,2309.903433021,2000,20,6,10000,weakly_correlated,True
mckp,815848.0,circle_10000-rnduniform-rnduniform-200-100-1,feasible,4.942308793,200,100,1,10000,circle,True
compact,632471.0,strongly_correlated_1000-rnduniform-rnduniform-2000-20-5,feasible,3600.001326084137,2000,20,5,1000,strongly_correlated,False
mckp,89760.0,span_weakly_correlated_1000-rnduniform-rnduniform-200-20-7,feasible,0.582531762,200,20,7,1000,span_weakly_correlated,True
mckp,511854.0,profit_ceiling_10000-rnduniform-rnduniform-200-20-4,feasible,5.866604809,200,20,4,10000,profit_ceiling,True
mckp,183531.0,span_uncorrelated_10000-rnduniform-rnduniform-200-20-8,feasible,7.741737951,200,20,8,10000,span_uncorrelated,True
mckp,401511.0,mstr_1000-rnduniform-rnduniform-1000-100-7,feasible,1.392141371,1000,100,7,1000,mstr,True
compact,504517.0,subset_sum_1000-rnduniform-rnduniform-2000-20-6,feasible,0.0163938999176025,2000,20,6,1000,subset_sum,True
mckp,2909509.0,strongly_correlated_10000-rnduniform-rnduniform-1000-100-1,feasible,17.960522423,1000,100,1,10000,strongly_correlated,True
compact,191836.0,mstr_1000-rnduniform-rnduniform-500-20-3,feasible,170.309152841568,500,20,3,1000,mstr,True
compact,139685.0,weakly_correlated_10000-rnduniform-rnduniform-50-20-6,feasible,0.0142760276794433,50,20,6,10000,weakly_correlated,True
mckp,946485.0,span_strongly_correlated_10000-rnduniform-rnduniform-200-20-3,feasible,8.581788924,200,20,3,10000,span_strongly_correlated,True
mckp,2282054.0,circle_10000-rnduniform-rnduniform-500-20-3,feasible,45.069297565,500,20,3,10000,circle,True
mckp,52486.0,weakly_correlated_1000-rnduniform-rnduniform-200-20-4,feasible,0.30148818,200,20,4,1000,weakly_correlated,True
compact,240901.0,inverse_strongly_correlated_1000-rnduniform-rnduniform-1000-20-0,feasible,0.1239869594573974,1000,20,0,1000,inverse_strongly_correlated,True
compact,6656077.0,almost_strongly_correlated_10000-rnduniform-rnduniform-2000-20-8,feasible,0.062626838684082,2000,20,8,10000,almost_strongly_correlated,False
compact,9687391.0,circle_10000-rnduniform-rnduniform-2000-20-4,feasible,1452.6998209953308,2000,20,4,10000,circle,False
compact,4049229.0,circle_10000-rnduniform-rnduniform-1000-500-1,feasible,0.0136239528656005,1000,500,1,10000,circle,True
compact,137658.0,profit_ceiling_1000-rnduniform-rnduniform-500-20-9,feasible,0.0091259479522705,500,20,9,1000,profit_ceiling,True
compact,4910585.0,span_uncorrelated_10000-rnduniform-rnduniform-1000-100-5,feasible,0.05324387550354,1000,100,5,10000,span_uncorrelated,True
mckp,405479.0,uncorrelated_1000-rnduniform-rnduniform-1000-100-6,feasible,1.545905058,1000,100,6,1000,uncorrelated,True
mckp,1005629.0,span_weakly_correlated_10000-rnduniform-rnduniform-200-20-8,feasible,10.702761662,200,20,8,10000,span_weakly_correlated,True
mckp,355529.0,uncorrelated_similar-rnduniform-rnduniform-1000-100-3,feasible,459.074026745,1000,100,3,100000,uncorrelated_similar,True
mckp,1029325.0,circle_1000-rnduniform-rnduniform-2000-20-8,feasible,104.205282392,2000,20,8,1000,circle,True
compact,275597.0,almost_strongly_correlated_1000-rnduniform-rnduniform-1000-500-1,feasible,0.0142810344696044,1000,500,1,1000,almost_strongly_correlated,True
compact,18708.0,mstr_1000-rnduniform-rnduniform-50-20-3,feasible,0.0029900074005126,50,20,3,1000,mstr,True
mckp,878408.0,span_uncorrelated_1000-rnduniform-rnduniform-2000-100-0,feasible,8.740090762000001,2000,100,0,1000,span_uncorrelated,True
mckp,263082.0,subset_sum_1000-rnduniform-rnduniform-1000-20-9,feasible,18.095991064,1000,20,9,1000,subset_sum,True
compact,745222.0,uncorrelated_similar-rnduniform-rnduniform-2000-20-4,feasible,0.0568058490753173,2000,20,4,100000,uncorrelated_similar,True
compact,46125.0,span_strongly_correlated_1000-rnduniform-rnduniform-100-20-4,feasible,172.80641412734985,100,20,4,1000,span_strongly_correlated,True
mckp,31622.0,span_weakly_correlated_1000-rnduniform-rnduniform-200-20-2,feasible,0.204612181,200,20,2,1000,span_weakly_correlated,True
mckp,519924.0,mstr_10000-rnduniform-rnduniform-200-20-5,feasible,3.586316587,200,20,5,10000,mstr,True
compact,4067535.0,span_uncorrelated_10000-rnduniform-rnduniform-1000-20-5,feasible,0.0207750797271728,1000,20,5,10000,span_uncorrelated,True
mckp,504517.0,subset_sum_1000-rnduniform-rnduniform-2000-20-6,feasible,75.621231742,2000,20,6,1000,subset_sum,True
compact,1409428.0,almost_strongly_correlated_10000-rnduniform-rnduniform-500-20-0,feasible,0.1736369132995605,500,20,0,10000,almost_strongly_correlated,False
mckp,776541.0,mstr_1000-rnduniform-rnduniform-2000-100-3,feasible,15.443759072,2000,100,3,1000,mstr,True
mckp,412146.0,uncorrelated_1000-rnduniform-rnduniform-1000-20-7,feasible,48.595928133,1000,20,7,1000,uncorrelated,True
compact,435832.0,inverse_strongly_correlated_10000-rnduniform-rnduniform-200-100-3,feasible,0.004565954208374,200,100,3,10000,inverse_strongly_correlated,True
compact,357528.0,uncorrelated_1000-rnduniform-rnduniform-1000-100-0,feasible,0.0702159404754638,1000,100,0,1000,uncorrelated,True
mckp,524066.0,subset_sum_1000-rnduniform-rnduniform-2000-20-9,feasible,65.3248616,2000,20,9,1000,subset_sum,True
mckp,510777.0,weakly_correlated_10000-rnduniform-rnduniform-200-100-1,feasible,4.9279918149999995,200,100,1,10000,weakly_correlated,True
mckp,4454643.0,profit_ceiling_10000-rnduniform-rnduniform-2000-20-0,feasible,1323.7344791530002,2000,20,0,10000,profit_ceiling,True
compact,529867.0,weakly_correlated_1000-rnduniform-rnduniform-2000-20-3,feasible,0.1134440898895263,2000,20,3,1000,weakly_correlated,False
mckp,570701.0,span_weakly_correlated_10000-rnduniform-rnduniform-200-20-0,feasible,3.946639524,200,20,0,10000,span_weakly_correlated,True
compact,5867780.0,span_strongly_correlated_10000-rnduniform-rnduniform-1000-20-4,feasible,3600.0009388923645,1000,20,4,10000,span_strongly_correlated,False
compact,4406596.0,subset_sum_10000-rnduniform-rnduniform-2000-100-0,feasible,0.0312349796295166,2000,100,0,10000,subset_sum,True
mckp,778366.0,uncorrelated_10000-rnduniform-rnduniform-200-20-6,feasible,5.315327814,200,20,6,10000,uncorrelated,True
compact,4687642.0,circle_10000-rnduniform-rnduniform-1000-100-4,feasible,0.3450350761413574,1000,100,4,10000,circle,False
mckp,472513.0,inverse_strongly_correlated_1000-rnduniform-rnduniform-2000-20-0,feasible,123.510048311,2000,20,0,1000,inverse_strongly_correlated,True
compact,5536948.0,mstr_10000-rnduniform-rnduniform-2000-100-8,feasible,3600.001974105835,2000,100,8,10000,mstr,False
mckp,2335113.0,mstr_10000-rnduniform-rnduniform-1000-100-0,feasible,22.994732133,1000,100,0,10000,mstr,True
compact,26946.0,weakly_correlated_1000-rnduniform-rnduniform-100-20-1,feasible,0.0189580917358398,100,20,1,1000,weakly_correlated,True
mckp,369240.0,span_strongly_correlated_1000-rnduniform-rnduniform-1000-100-0,feasible,2.392887777,1000,100,0,1000,span_strongly_correlated,True
compact,8202677.0,uncorrelated_10000-rnduniform-rnduniform-2000-20-8,feasible,0.0603499412536621,2000,20,8,10000,uncorrelated,False
mckp,235629.0,profit_ceiling_1000-rnduniform-rnduniform-1000-20-2,feasible,31.38437383,1000,20,2,1000,profit_ceiling,True
mckp,312283.0,inverse_strongly_correlated_10000-rnduniform-rnduniform-100-20-9,feasible,4.155679458,100,20,9,10000,inverse_strongly_correlated,True
compact,1873832.0054805116,span_weakly_correlated_10000-rnduniform-rnduniform-1000-100-6,feasible,0.4576640129089355,1000,100,6,10000,span_weakly_correlated,True
mckp,605486.0,almost_strongly_correlated_10000-rnduniform-rnduniform-200-20-4,feasible,5.381618448999999,200,20,4,10000,almost_strongly_correlated,True
mckp,64598.0,uncorrelated_1000-rnduniform-rnduniform-200-100-0,feasible,0.292055091,200,100,0,1000,uncorrelated,True
mckp,2723792.0,mstr_10000-rnduniform-rnduniform-1000-100-7,feasible,23.362567503,1000,100,7,10000,mstr,True
compact,395555.0,uncorrelated_10000-rnduniform-rnduniform-100-20-9,feasible,0.0059127807617187,100,20,9,10000,uncorrelated,True
mckp,191534.0,uncorrelated_similar-rnduniform-rnduniform-500-20-7,feasible,308.52225094600004,500,20,7,100000,uncorrelated_similar,True
mckp,2733656.0,strongly_correlated_10000-rnduniform-rnduniform-1000-500-1,feasible,19.72194469,1000,500,1,10000,strongly_correlated,True
compact,9995728.0,span_strongly_correlated_10000-rnduniform-rnduniform-2000-100-6,feasible,3600.0011818408966,2000,100,6,10000,span_strongly_correlated,False
mckp,7900144.0,span_weakly_correlated_10000-rnduniform-rnduniform-2000-100-3,feasible,92.896030849,2000,100,3,10000,span_weakly_correlated,True
compact,4684869.0,subset_sum_10000-rnduniform-rnduniform-2000-100-2,feasible,0.026871919631958,2000,100,2,10000,subset_sum,True
compact,923419.0,circle_10000-rnduniform-rnduniform-200-20-5,feasible,0.0855240821838378,200,20,5,10000,circle,True
mckp,839639.0,mstr_1000-rnduniform-rnduniform-2000-20-7,feasible,227.745767153,2000,20,7,1000,mstr,True
compact,458539.0,mstr_10000-rnduniform-rnduniform-200-100-0,feasible,0.0029017925262451,200,100,0,10000,mstr,True
compact,684711.0,strongly_correlated_10000-rnduniform-rnduniform-200-20-9,feasible,1.0406649112701416,200,20,9,10000,strongly_correlated,False
compact,49193.0,subset_sum_1000-rnduniform-rnduniform-200-20-5,feasible,0.002835988998413,200,20,5,1000,subset_sum,True
mckp,151908.0,span_strongly_correlated_1000-rnduniform-rnduniform-500-20-3,feasible,2.983336059,500,20,3,1000,span_strongly_correlated,True
compact,86814.0,span_uncorrelated_1000-rnduniform-rnduniform-200-20-3,feasible,0.0100939273834228,200,20,3,1000,span_uncorrelated,True
mckp,5867780.0,span_strongly_correlated_10000-rnduniform-rnduniform-1000-20-4,feasible,212.700347169,1000,20,4,10000,span_strongly_correlated,True
mckp,503842.0,subset_sum_10000-rnduniform-rnduniform-200-20-7,feasible,4.921297735,200,20,7,10000,subset_sum,True
mckp,44141.0,span_strongly_correlated_1000-rnduniform-rnduniform-200-20-1,feasible,0.197023946,200,20,1,1000,span_strongly_correlated,True
compact,586159.0,weakly_correlated_1000-rnduniform-rnduniform-2000-20-9,feasible,0.1516928672790527,2000,20,9,1000,weakly_correlated,True
mckp,224553.0,profit_ceiling_1000-rnduniform-rnduniform-1000-20-0,feasible,34.51975828,1000,20,0,1000,profit_ceiling,True
compact,242750.0,subset_sum_1000-rnduniform-rnduniform-1000-20-4,feasible,0.0067269802093505,1000,20,4,1000,subset_sum,True
mckp,5472679.0,weakly_correlated_10000-rnduniform-rnduniform-2000-100-6,feasible,103.864899925,2000,100,6,10000,weakly_correlated,True
compact,81641.0,span_strongly_correlated_1000-rnduniform-rnduniform-200-20-2,feasible,3600.000324010849,200,20,2,1000,span_strongly_correlated,False
mckp,131246.0,subset_sum_1000-rnduniform-rnduniform-500-20-7,feasible,4.709844495,500,20,7,1000,subset_sum,True
compact,130639.0,inverse_strongly_correlated_1000-rnduniform-rnduniform-500-20-4,feasible,501.02620816230774,500,20,4,1000,inverse_strongly_correlated,True
compact,1163189.0,subset_sum_10000-rnduniform-rnduniform-500-20-2,feasible,0.0045771598815917,500,20,2,10000,subset_sum,True
mckp,681575.0,uncorrelated_similar-rnduniform-rnduniform-2000-20-0,feasible,6442.539794227,2000,20,0,100000,uncorrelated_similar,False
compact,5472679.0,weakly_correlated_10000-rnduniform-rnduniform-2000-100-6,feasible,0.206907033920288,2000,100,6,10000,weakly_correlated,False
mckp,1282575.0,subset_sum_10000-rnduniform-rnduniform-500-20-6,feasible,46.787044507999994,500,20,6,10000,subset_sum,True
compact,275335.0,subset_sum_10000-rnduniform-rnduniform-100-20-7,feasible,0.2117719650268554,100,20,7,10000,subset_sum,True
compact,469332.0,profit_ceiling_1000-rnduniform-rnduniform-2000-20-2,feasible,0.0127210617065429,2000,20,2,1000,profit_ceiling,True
mckp,1441591.0,weakly_correlated_10000-rnduniform-rnduniform-500-20-9,feasible,47.806817222,500,20,9,10000,weakly_correlated,True
compact,3018576.0,span_weakly_correlated_10000-rnduniform-rnduniform-1000-20-7,feasible,0.0158858299255371,1000,20,7,10000,span_weakly_correlated,True
compact,470477.0,circle_10000-rnduniform-rnduniform-100-20-4,feasible,0.0063610076904296,100,20,4,10000,circle,True
compact,549054.0,inverse_strongly_correlated_1000-rnduniform-rnduniform-2000-20-8,feasible,3600.0016400814056,2000,20,8,1000,inverse_strongly_correlated,False
compact,7691905.0,uncorrelated_10000-rnduniform-rnduniform-2000-100-2,feasible,0.0727670192718505,2000,100,2,10000,uncorrelated,True
mckp,140669.0,subset_sum_1000-rnduniform-rnduniform-500-20-8,feasible,5.403535693,500,20,8,1000,subset_sum,True
mckp,195481.0,uncorrelated_1000-rnduniform-rnduniform-500-20-5,feasible,10.370394763,500,20,5,1000,uncorrelated,True
mckp,5159560.0,inverse_strongly_correlated_10000-rnduniform-rnduniform-2000-100-4,feasible,109.169931637,2000,100,4,10000,inverse_strongly_correlated,True
mckp,516024.0,profit_ceiling_10000-rnduniform-rnduniform-200-20-6,feasible,5.1201755339999995,200,20,6,10000,profit_ceiling,True
compact,1144594.0,subset_sum_10000-rnduniform-rnduniform-500-20-3,feasible,0.00484299659729,500,20,3,10000,subset_sum,True
mckp,275889.0,inverse_strongly_correlated_1000-rnduniform-rnduniform-1000-100-8,feasible,1.949339328,1000,100,8,1000,inverse_strongly_correlated,True
compact,1221372.0,mstr_10000-rnduniform-rnduniform-500-20-1,feasible,3600.0003781318665,500,20,1,10000,mstr,False
compact,4746091.0,span_uncorrelated_10000-rnduniform-rnduniform-2000-20-0,feasible,0.0185201168060302,2000,20,0,10000,span_uncorrelated,True
compact,100135.0,circle_1000-rnduniform-rnduniform-200-20-9,feasible,0.0217468738555908,200,20,9,1000,circle,True
mckp,71619.0,almost_strongly_correlated_1000-rnduniform-rnduniform-200-20-9,feasible,0.367814294,200,20,9,1000,almost_strongly_correlated,True
mckp,596639.0,strongly_correlated_1000-rnduniform-rnduniform-2000-100-1,feasible,14.479938001,2000,100,1,1000,strongly_correlated,True
compact,5446596.0,mstr_10000-rnduniform-rnduniform-2000-20-7,feasible,3600.001482963562,2000,20,7,10000,mstr,False
compact,2541996.0,span_weakly_correlated_10000-rnduniform-rnduniform-1000-20-1,feasible,3600.000722169876,1000,20,1,10000,span_weakly_correlated,False
compact,10406570.0,circle_10000-rnduniform-rnduniform-2000-20-8,feasible,3600.001538991928,2000,20,8,10000,circle,False
compact,3407475.0,span_weakly_correlated_10000-rnduniform-rnduniform-1000-100-5,feasible,5.952763795852661,1000,100,5,10000,span_weakly_correlated,True
compact,410845.0,mstr_1000-rnduniform-rnduniform-1000-20-6,feasible,3600.0013959407806,1000,20,6,1000,mstr,False
mckp,2580575.0,subset_sum_10000-rnduniform-rnduniform-1000-20-7,feasible,208.82599133,1000,20,7,10000,subset_sum,True
mckp,484143.0,profit_ceiling_1000-rnduniform-rnduniform-2000-20-3,feasible,183.589612617,2000,20,3,1000,profit_ceiling,True
compact,180450.0,span_weakly_correlated_1000-rnduniform-rnduniform-500-20-3,feasible,3600.0006289482117,500,20,3,1000,span_weakly_correlated,False
compact,188461.0,span_strongly_correlated_1000-rnduniform-rnduniform-500-20-5,feasible,1.1446340084075928,500,20,5,1000,span_strongly_correlated,True
compact,146494.99999999994,strongly_correlated_1000-rnduniform-rnduniform-500-20-2,feasible,0.4504079818725586,500,20,2,1000,strongly_correlated,True
mckp,216689.0,span_strongly_correlated_1000-rnduniform-rnduniform-1000-20-5,feasible,5.583974157999999,1000,20,5,1000,span_strongly_correlated,True
mckp,137888.0,span_weakly_correlated_10000-rnduniform-rnduniform-50-20-6,feasible,1.263012226,50,20,6,10000,span_weakly_correlated,True
compact,244643.0,weakly_correlated_1000-rnduniform-rnduniform-1000-100-0,feasible,0.0683901309967041,1000,100,0,1000,weakly_correlated,True
compact,53717.0,strongly_correlated_1000-rnduniform-rnduniform-200-100-0,feasible,0.0027110576629638,200,100,0,1000,strongly_correlated,True
mckp,72429.0,mstr_1000-rnduniform-rnduniform-200-20-1,feasible,0.3482274509999999,200,20,1,1000,mstr,True
compact,9918426.0,circle_10000-rnduniform-rnduniform-2000-20-5,feasible,113.59489393234252,2000,20,5,10000,circle,False
compact,5816079.0,almost_strongly_correlated_10000-rnduniform-rnduniform-2000-100-1,feasible,4.68706488609314,2000,100,1,10000,almost_strongly_correlated,False
mckp,8846645.0,span_uncorrelated_10000-rnduniform-rnduniform-2000-100-1,feasible,61.601452295,2000,100,1,10000,span_uncorrelated,True
mckp,477910.0,circle_10000-rnduniform-rnduniform-100-20-7,feasible,2.2570438399999997,100,20,7,10000,circle,True
mckp,531560.0,weakly_correlated_1000-rnduniform-rnduniform-2000-100-3,feasible,9.937408305,2000,100,3,1000,weakly_correlated,True
mckp,4159214.0,span_weakly_correlated_10000-rnduniform-rnduniform-2000-20-9,feasible,221.770101756,2000,20,9,10000,span_weakly_correlated,True
mckp,759215.0,uncorrelated_1000-rnduniform-rnduniform-2000-100-0,feasible,10.084234063,2000,100,0,1000,uncorrelated,True
mckp,56418.0,almost_strongly_correlated_1000-rnduniform-rnduniform-200-100-4,feasible,0.329941032,200,100,4,1000,almost_strongly_correlated,True
mckp,676501.0,strongly_correlated_1000-rnduniform-rnduniform-2000-20-7,feasible,139.473210268,2000,20,7,1000,strongly_correlated,True
compact,5690279.0,span_strongly_correlated_10000-rnduniform-rnduniform-2000-100-0,feasible,0.7021608352661133,2000,100,0,10000,span_strongly_correlated,True
compact,4988420.0,weakly_correlated_10000-rnduniform-rnduniform-2000-100-0,feasible,0.2631580829620361,2000,100,0,10000,weakly_correlated,False
mckp,2557765.0,circle_10000-rnduniform-rnduniform-500-20-8,feasible,37.71059176,500,20,8,10000,circle,True
compact,245809.0,inverse_strongly_correlated_10000-rnduniform-rnduniform-100-20-0,feasible,0.0788390636444091,100,20,0,10000,inverse_strongly_correlated,True
compact,411610.0,mstr_1000-rnduniform-rnduniform-1000-100-8,feasible,3600.001548051834,1000,100,8,1000,mstr,False
mckp,25935.0,weakly_correlated_1000-rnduniform-rnduniform-100-20-2,feasible,0.233187562,100,20,2,1000,weakly_correlated,True
mckp,1468078.0,span_uncorrelated_10000-rnduniform-rnduniform-2000-100-8,feasible,132.15511398,2000,100,8,10000,span_uncorrelated,True
mckp,6153186.0,span_weakly_correlated_10000-rnduniform-rnduniform-2000-20-6,feasible,328.006311785,2000,20,6,10000,span_weakly_correlated,True
mckp,120714.0,profit_ceiling_1000-rnduniform-rnduniform-500-20-6,feasible,4.403121630999999,500,20,6,1000,profit_ceiling,True
compact,569005.0,almost_strongly_correlated_10000-rnduniform-rnduniform-200-100-3,feasible,0.0187301635742187,200,100,3,10000,almost_strongly_correlated,True
compact,10117425.0,circle_10000-rnduniform-rnduniform-2000-20-6,feasible,3600.0016629695892,2000,20,6,10000,circle,False
mckp,26544.0,strongly_correlated_1000-rnduniform-rnduniform-100-20-3,feasible,0.221405146,100,20,3,1000,strongly_correlated,True
mckp,158266.0,strongly_correlated_1000-rnduniform-rnduniform-500-100-5,feasible,0.86312512,500,100,5,1000,strongly_correlated,True
mckp,5050022.0,circle_10000-rnduniform-rnduniform-1000-100-9,feasible,22.545873266,1000,100,9,10000,circle,True
compact,567386.0,inverse_strongly_correlated_10000-rnduniform-rnduniform-200-20-7,feasible,0.059993028640747,200,20,7,10000,inverse_strongly_correlated,True
compact,672914.0,uncorrelated_similar-rnduniform-rnduniform-2000-100-0,feasible,0.084306001663208,2000,100,0,100000,uncorrelated_similar,True
compact,851176.0,span_weakly_correlated_1000-rnduniform-rnduniform-2000-100-4,feasible,3600.0014510154724,2000,100,4,1000,span_weakly_correlated,False
mckp,392926.0,span_strongly_correlated_1000-rnduniform-rnduniform-1000-20-7,feasible,15.077474784,1000,20,7,1000,span_strongly_correlated,True
compact,5451294.0,span_weakly_correlated_10000-rnduniform-rnduniform-2000-100-9,feasible,0.4506969451904297,2000,100,9,10000,span_weakly_correlated,True
compact,339743.0,strongly_correlated_1000-rnduniform-rnduniform-1000-20-8,feasible,3600.001536846161,1000,20,8,1000,strongly_correlated,False
mckp,489030.0,mstr_10000-rnduniform-rnduniform-200-100-2,feasible,4.586839648,200,100,2,10000,mstr,True
compact,39447.0,uncorrelated_1000-rnduniform-rnduniform-100-20-5,feasible,0.0047109127044677,100,20,5,1000,uncorrelated,True
compact,256919.0,span_weakly_correlated_1000-rnduniform-rnduniform-1000-20-4,feasible,6.289579153060913,1000,20,4,1000,span_weakly_correlated,True
mckp,4645180.0,span_uncorrelated_10000-rnduniform-rnduniform-1000-20-0,feasible,78.8045297,1000,20,0,10000,span_uncorrelated,True
compact,58080.0,span_weakly_correlated_1000-rnduniform-rnduniform-200-100-0,feasible,0.0397181510925293,200,100,0,1000,span_weakly_correlated,True
compact,3898241.0,uncorrelated_10000-rnduniform-rnduniform-1000-100-4,feasible,0.1104860305786132,1000,100,4,10000,uncorrelated,True
compact,137980.0,subset_sum_1000-rnduniform-rnduniform-500-20-9,feasible,0.0058090686798095,500,20,9,1000,subset_sum,True
mckp,4979452.0,subset_sum_10000-rnduniform-rnduniform-2000-20-5,feasible,839.973591933,2000,20,5,10000,subset_sum,True
mckp,633145.0,almost_strongly_correlated_1000-rnduniform-rnduniform-2000-100-5,feasible,11.839016392,2000,100,5,1000,almost_strongly_correlated,True
compact,255777.0,span_weakly_correlated_10000-rnduniform-rnduniform-200-100-3,feasible,0.008254051208496,200,100,3,10000,span_weakly_correlated,True
compact,317486.0,strongly_correlated_1000-rnduniform-rnduniform-1000-100-5,feasible,2666.8812971115112,1000,100,5,1000,strongly_correlated,True
mckp,172256.0,uncorrelated_similar-rnduniform-rnduniform-500-20-1,feasible,423.725053133,500,20,1,100000,uncorrelated_similar,True
compact,4554759.0,circle_10000-rnduniform-rnduniform-1000-100-2,feasible,0.24253511428833,1000,100,2,10000,circle,False
mckp,476754.0,profit_ceiling_10000-rnduniform-rnduniform-200-20-1,feasible,5.733557172,200,20,1,10000,profit_ceiling,True
compact,2340908.004467182,circle_10000-rnduniform-rnduniform-500-100-7,feasible,0.0898709297180175,500,100,7,10000,circle,True
mckp,4854433.0,span_uncorrelated_10000-rnduniform-rnduniform-2000-20-4,feasible,508.769176064,2000,20,4,10000,span_uncorrelated,True
mckp,118551.0,profit_ceiling_1000-rnduniform-rnduniform-500-20-4,feasible,4.315767241,500,20,4,1000,profit_ceiling,True
mckp,1161471.0,profit_ceiling_10000-rnduniform-rnduniform-500-20-2,feasible,47.550453969,500,20,2,10000,profit_ceiling,True
compact,1925393.0,uncorrelated_10000-rnduniform-rnduniform-500-20-3,feasible,0.0482831001281738,500,20,3,10000,uncorrelated,True
compact,234643.0,inverse_strongly_correlated_10000-rnduniform-rnduniform-100-20-3,feasible,0.3961479663848877,100,20,3,10000,inverse_strongly_correlated,True
compact,144489.0,strongly_correlated_1000-rnduniform-rnduniform-500-20-1,feasible,109.95672297477722,500,20,1,1000,strongly_correlated,True
mckp,66624.0,strongly_correlated_1000-rnduniform-rnduniform-200-20-6,feasible,0.534368195,200,20,6,1000,strongly_correlated,True
compact,407104.0,uncorrelated_1000-rnduniform-rnduniform-1000-100-9,feasible,0.0545089244842529,1000,100,9,1000,uncorrelated,True
mckp,509856.0,profit_ceiling_1000-rnduniform-rnduniform-2000-20-6,feasible,319.752070218,2000,20,6,1000,profit_ceiling,True
mckp,566874.0,inverse_strongly_correlated_10000-rnduniform-rnduniform-200-20-9,feasible,6.709425640999999,200,20,9,10000,inverse_strongly_correlated,True
compact,1677358.0,strongly_correlated_10000-rnduniform-rnduniform-500-20-9,feasible,0.0625090599060058,500,20,9,10000,strongly_correlated,True
mckp,421533.0,uncorrelated_1000-rnduniform-rnduniform-1000-20-8,feasible,50.529438597,1000,20,8,1000,uncorrelated,True
compact,193162.0,uncorrelated_1000-rnduniform-rnduniform-500-20-4,feasible,0.0399990081787109,500,20,4,1000,uncorrelated,True
mckp,479464.0,inverse_strongly_correlated_10000-rnduniform-rnduniform-200-100-1,feasible,7.978279528000001,200,100,1,10000,inverse_strongly_correlated,True
mckp,1045037.0,span_strongly_correlated_1000-rnduniform-rnduniform-2000-100-8,feasible,12.885462981,2000,100,8,1000,span_strongly_correlated,True
mckp,4812824.0,subset_sum_10000-rnduniform-rnduniform-2000-100-4,feasible,90.896694703,2000,100,4,10000,subset_sum,True
mckp,4783944.0,profit_ceiling_10000-rnduniform-rnduniform-2000-100-4,feasible,91.701092368,2000,100,4,10000,profit_ceiling,True
compact,44299.0,circle_1000-rnduniform-rnduniform-100-20-4,feasible,0.0251870155334472,100,20,4,1000,circle,True
mckp,1277864.0,inverse_strongly_correlated_10000-rnduniform-rnduniform-500-20-5,feasible,62.048350922,500,20,5,10000,inverse_strongly_correlated,True
mckp,2722720.0,mstr_10000-rnduniform-rnduniform-1000-20-7,feasible,237.30523654,1000,20,7,10000,mstr,True
compact,501995.0,inverse_strongly_correlated_10000-rnduniform-rnduniform-200-20-3,feasible,0.4039878845214844,200,20,3,10000,inverse_strongly_correlated,True
compact,434444.0,circle_1000-rnduniform-rnduniform-1000-100-0,feasible,0.1324501037597656,1000,100,0,1000,circle,True
compact,621027.0,strongly_correlated_1000-rnduniform-rnduniform-2000-100-5,feasible,567.908900976181,2000,100,5,1000,strongly_correlated,False
mckp,49626.0,subset_sum_1000-rnduniform-rnduniform-200-20-6,feasible,0.313619931,200,20,6,1000,subset_sum,True
compact,312283.0,inverse_strongly_correlated_10000-rnduniform-rnduniform-100-20-9,feasible,0.2651710510253906,100,20,9,10000,inverse_strongly_correlated,True
mckp,442161.0,subset_sum_1000-rnduniform-rnduniform-2000-100-0,feasible,11.165283707,2000,100,0,1000,subset_sum,True
compact,477308.0,circle_1000-rnduniform-rnduniform-1000-100-5,feasible,0.1932539939880371,1000,100,5,1000,circle,True
mckp,188461.0,span_strongly_correlated_1000-rnduniform-rnduniform-500-20-5,feasible,2.997455474,500,20,5,1000,span_strongly_correlated,True
compact,42640.0,inverse_strongly_correlated_1000-rnduniform-rnduniform-200-100-2,feasible,0.0019490718841552,200,100,2,1000,inverse_strongly_correlated,True
compact,181500.0,uncorrelated_10000-rnduniform-rnduniform-50-20-4,feasible,0.0020449161529541,50,20,4,10000,uncorrelated,True
compact,1933964.0,uncorrelated_10000-rnduniform-rnduniform-500-20-4,feasible,0.0603499412536621,500,20,4,10000,uncorrelated,True
mckp,9371296.0,circle_10000-rnduniform-rnduniform-2000-20-1,feasible,1776.545152287,2000,20,1,10000,circle,True
compact,535977.0,profit_ceiling_1000-rnduniform-rnduniform-2000-20-9,feasible,0.011240005493164,2000,20,9,1000,profit_ceiling,True
compact,1415641.0,span_weakly_correlated_10000-rnduniform-rnduniform-1000-100-4,feasible,3600.0011711120605,1000,100,4,10000,span_weakly_correlated,False
compact,131045.0,weakly_correlated_1000-rnduniform-rnduniform-500-20-4,feasible,0.0308549404144287,500,20,4,1000,weakly_correlated,True
mckp,91884.0,span_strongly_correlated_1000-rnduniform-rnduniform-200-20-5,feasible,0.684561234,200,20,5,1000,span_strongly_correlated,True
compact,298608.0,strongly_correlated_1000-rnduniform-rnduniform-1000-20-1,feasible,3600.00084400177,1000,20,1,1000,strongly_correlated,False
mckp,255917.0,subset_sum_10000-rnduniform-rnduniform-100-20-3,feasible,3.310837452,100,20,3,10000,subset_sum,True
mckp,563890.0,inverse_strongly_correlated_1000-rnduniform-rnduniform-2000-20-9,feasible,163.33323571699998,2000,20,9,1000,inverse_strongly_correlated,True
compact,815848.0,circle_10000-rnduniform-rnduniform-200-100-1,feasible,0.0048909187316894,200,100,1,10000,circle,True
mckp,427091.0,span_uncorrelated_10000-rnduniform-rnduniform-200-20-4,feasible,6.481828629,200,20,4,10000,span_uncorrelated,True
compact,636045.0,almost_strongly_correlated_1000-rnduniform-rnduniform-2000-500-7,feasible,0.1003448963165283,2000,500,7,1000,almost_strongly_correlated,True
mckp,237076.0,circle_1000-rnduniform-rnduniform-500-20-4,feasible,4.863328768,500,20,4,1000,circle,True
mckp,68706.0,uncorrelated_similar-rnduniform-rnduniform-200-20-0,feasible,73.332279653,200,20,0,100000,uncorrelated_similar,True
mckp,123254.0,inverse_strongly_correlated_1000-rnduniform-rnduniform-500-20-2,feasible,5.110828898,500,20,2,1000,inverse_strongly_correlated,True
compact,575428.0,almost_strongly_correlated_1000-rnduniform-rnduniform-2000-20-0,feasible,0.0824859142303466,2000,20,0,1000,almost_strongly_correlated,True
mckp,1532330.0,almost_strongly_correlated_10000-rnduniform-rnduniform-500-20-6,feasible,36.143574345,500,20,6,10000,almost_strongly_correlated,True
compact,51962.0,span_weakly_correlated_1000-rnduniform-rnduniform-200-20-5,feasible,0.7309589385986328,200,20,5,1000,span_weakly_correlated,True
compact,2508390.0,mstr_10000-rnduniform-rnduniform-1000-20-2,feasible,3600.0008170604706,1000,20,2,10000,mstr,False
compact,7900144.0,span_weakly_correlated_10000-rnduniform-rnduniform-2000-100-3,feasible,3600.001452922821,2000,100,3,10000,span_weakly_correlated,False
mckp,535248.0,weakly_correlated_10000-rnduniform-rnduniform-200-20-7,feasible,4.274232731000001,200,20,7,10000,weakly_correlated,True
mckp,4868702.0,circle_10000-rnduniform-rnduniform-1000-100-6,feasible,16.235573559000002,1000,100,6,10000,circle,True
mckp,2644481.0,mstr_10000-rnduniform-rnduniform-1000-20-6,feasible,270.825496892,1000,20,6,10000,mstr,True
compact,790041.0,mstr_1000-rnduniform-rnduniform-2000-100-4,feasible,0.5593910217285156,2000,100,4,1000,mstr,False
compact,95427.0,span_uncorrelated_1000-rnduniform-rnduniform-200-20-4,feasible,0.0476131439208984,200,20,4,1000,span_uncorrelated,True
mckp,2711634.0,profit_ceiling_10000-rnduniform-rnduniform-1000-20-9,feasible,410.811068872,1000,20,9,10000,profit_ceiling,True
mckp,1723696.0,span_strongly_correlated_10000-rnduniform-rnduniform-1000-20-3,feasible,30.320774116,1000,20,3,10000,span_strongly_correlated,True
mckp,390897.0,span_uncorrelated_1000-rnduniform-rnduniform-500-20-8,feasible,4.311520456,500,20,8,1000,span_uncorrelated,True
compact,494051.0,circle_1000-rnduniform-rnduniform-1000-100-7,feasible,0.3447401523590088,1000,100,7,1000,circle,True
compact,440490.0,profit_ceiling_1000-rnduniform-rnduniform-2000-20-0,feasible,0.0135180950164794,2000,20,0,1000,profit_ceiling,True
compact,322604.0,almost_strongly_correlated_1000-rnduniform-rnduniform-1000-20-7,feasible,3600.000834941864,1000,20,7,1000,almost_strongly_correlated,False
compact,520157.0,circle_1000-rnduniform-rnduniform-1000-20-8,feasible,3600.0006909370422,1000,20,8,1000,circle,False
compact,2324118.0,profit_ceiling_10000-rnduniform-rnduniform-1000-100-2,feasible,3600.0012040138245,1000,100,2,10000,profit_ceiling,False
mckp,459276.0,span_strongly_correlated_1000-rnduniform-rnduniform-2000-20-1,feasible,26.663576147,2000,20,1,1000,span_strongly_correlated,True
mckp,284728.0,span_weakly_correlated_10000-rnduniform-rnduniform-200-20-4,feasible,2.2697601809999997,200,20,4,10000,span_weakly_correlated,True
compact,48049.0,weakly_correlated_1000-rnduniform-rnduniform-200-20-0,feasible,0.0295319557189941,200,20,0,1000,weakly_correlated,True
mckp,53319.0,inverse_strongly_correlated_1000-rnduniform-rnduniform-200-20-5,feasible,0.455896412,200,20,5,1000,inverse_strongly_correlated,True
compact,262515.0,span_uncorrelated_1000-rnduniform-rnduniform-2000-100-6,feasible,3600.0013160705566,2000,100,6,1000,span_uncorrelated,False
mckp,9621.0,profit_ceiling_1000-rnduniform-rnduniform-50-20-1,feasible,0.0773313579999999,50,20,1,1000,profit_ceiling,True
compact,793989.0,uncorrelated_1000-rnduniform-rnduniform-2000-20-3,feasible,0.0542659759521484,2000,20,3,1000,uncorrelated,True
compact,817512.0,uncorrelated_1000-rnduniform-rnduniform-2000-20-6,feasible,0.031905174255371,2000,20,6,1000,uncorrelated,True
compact,2362720.0,inverse_strongly_correlated_10000-rnduniform-rnduniform-1000-100-0,feasible,0.3102850914001465,1000,100,0,10000,inverse_strongly_correlated,True
mckp,513776.0,inverse_strongly_correlated_1000-rnduniform-rnduniform-2000-100-5,feasible,11.642141234,2000,100,5,1000,inverse_strongly_correlated,True
mckp,375649.0,mstr_1000-rnduniform-rnduniform-1000-20-1,feasible,24.378760679,1000,20,1,1000,mstr,True
mckp,2100992.0,uncorrelated_10000-rnduniform-rnduniform-500-20-5,feasible,40.888334347,500,20,5,10000,uncorrelated,True
mckp,59329.0,almost_strongly_correlated_1000-rnduniform-rnduniform-200-20-3,feasible,0.312485228,200,20,3,1000,almost_strongly_correlated,True
compact,8498246.0,uncorrelated_10000-rnduniform-rnduniform-2000-20-9,feasible,0.0459299087524414,2000,20,9,10000,uncorrelated,False
compact,4672434.0,inverse_strongly_correlated_10000-rnduniform-rnduniform-2000-20-0,feasible,0.0479660034179687,2000,20,0,10000,inverse_strongly_correlated,False
compact,52561.0,weakly_correlated_1000-rnduniform-rnduniform-200-20-1,feasible,0.0331490039825439,200,20,1,1000,weakly_correlated,True
compact,3355858.0,almost_strongly_correlated_10000-rnduniform-rnduniform-1000-20-8,feasible,0.2370100021362304,1000,20,8,10000,almost_strongly_correlated,False
compact,5053567.0,mstr_10000-rnduniform-rnduniform-2000-20-3,feasible,3600.001216173172,2000,20,3,10000,mstr,False
compact,779085.0,uncorrelated_10000-rnduniform-rnduniform-200-20-4,feasible,0.0205399990081787,200,20,4,10000,uncorrelated,True
compact,4965930.0,span_strongly_correlated_10000-rnduniform-rnduniform-2000-20-4,feasible,1.1894750595092771,2000,20,4,10000,span_strongly_correlated,True
compact,64598.0,uncorrelated_1000-rnduniform-rnduniform-200-100-0,feasible,0.002810001373291,200,100,0,1000,uncorrelated,True
compact,4904877.0,circle_10000-rnduniform-rnduniform-1000-100-7,feasible,0.199186086654663,1000,100,7,10000,circle,False
mckp,372748.0,uncorrelated_1000-rnduniform-rnduniform-1000-100-1,feasible,2.496051925,1000,100,1,1000,uncorrelated,True
compact,72147.0,span_weakly_correlated_1000-rnduniform-rnduniform-200-100-3,feasible,0.0031008720397949,200,100,3,1000,span_weakly_correlated,True
mckp,675945.0,span_uncorrelated_10000-rnduniform-rnduniform-200-20-2,feasible,3.265033157,200,20,2,10000,span_uncorrelated,True
mckp,9584397.0,circle_10000-rnduniform-rnduniform-2000-20-3,feasible,1212.06145096,2000,20,3,10000,circle,True
mckp,481314.0,inverse_strongly_correlated_1000-rnduniform-rnduniform-2000-100-1,feasible,11.061266661,2000,100,1,1000,inverse_strongly_correlated,True
compact,341821.0,almost_strongly_correlated_1000-rnduniform-rnduniform-1000-100-9,feasible,0.1863501071929931,1000,100,9,1000,almost_strongly_correlated,True
mckp,750744.0,uncorrelated_similar-rnduniform-rnduniform-2000-100-6,feasible,1134.9169378590002,2000,100,6,100000,uncorrelated_similar,True
compact,114789.0,span_weakly_correlated_1000-rnduniform-rnduniform-1000-100-6,feasible,3600.000694036484,1000,100,6,1000,span_weakly_correlated,False
mckp,2147382.0,uncorrelated_10000-rnduniform-rnduniform-500-20-8,feasible,40.322695899,500,20,8,10000,uncorrelated,True
compact,9373832.0,circle_10000-rnduniform-rnduniform-2000-100-3,feasible,1.2008190155029297,2000,100,3,10000,circle,False
mckp,384696.0,mstr_1000-rnduniform-rnduniform-1000-20-3,feasible,26.037197682,1000,20,3,1000,mstr,True
compact,487599.0,subset_sum_1000-rnduniform-rnduniform-2000-100-3,feasible,0.0355980396270751,2000,100,3,1000,subset_sum,True
mckp,181500.0,uncorrelated_10000-rnduniform-rnduniform-50-20-4,feasible,1.076617663,50,20,4,10000,uncorrelated,True
compact,4067519.0,span_strongly_correlated_10000-rnduniform-rnduniform-1000-100-9,feasible,3600.000771999359,1000,100,9,10000,span_strongly_correlated,False
mckp,229775.0,span_weakly_correlated_1000-rnduniform-rnduniform-500-20-7,feasible,3.200212163,500,20,7,1000,span_weakly_correlated,True
mckp,238624.0,subset_sum_1000-rnduniform-rnduniform-1000-500-2,feasible,1.710103615,1000,500,2,1000,subset_sum,True
mckp,77701.0,uncorrelated_1000-rnduniform-rnduniform-200-20-8,feasible,0.305284408,200,20,8,1000,uncorrelated,True
mckp,2889544.0,weakly_correlated_10000-rnduniform-rnduniform-1000-20-7,feasible,351.77477031899997,1000,20,7,10000,weakly_correlated,True
compact,10000184.0,circle_10000-rnduniform-rnduniform-2000-100-6,feasible,0.487293004989624,2000,100,6,10000,circle,False
compact,375649.0,mstr_1000-rnduniform-rnduniform-1000-20-1,feasible,48.14271187782288,1000,20,1,1000,mstr,True
mckp,672527.0,strongly_correlated_1000-rnduniform-rnduniform-2000-100-8,feasible,11.021108522,2000,100,8,1000,strongly_correlated,True
mckp,402982.0,uncorrelated_1000-rnduniform-rnduniform-1000-20-3,feasible,70.505144236,1000,20,3,1000,uncorrelated,True
mckp,58655.0,strongly_correlated_1000-rnduniform-rnduniform-200-20-2,feasible,0.305393176,200,20,2,1000,strongly_correlated,True
compact,763697.0,uncorrelated_1000-rnduniform-rnduniform-2000-100-1,feasible,0.304455041885376,2000,100,1,1000,uncorrelated,False
mckp,678004.0,span_strongly_correlated_10000-rnduniform-rnduniform-200-20-1,feasible,6.725166877,200,20,1,10000,span_strongly_correlated,True
mckp,134984.0,subset_sum_1000-rnduniform-rnduniform-500-20-6,feasible,4.176982151000001,500,20,6,1000,subset_sum,True
compact,294934.0,almost_strongly_correlated_1000-rnduniform-rnduniform-1000-100-2,feasible,0.1029729843139648,1000,100,2,1000,almost_strongly_correlated,True
mckp,434444.0,circle_1000-rnduniform-rnduniform-1000-100-0,feasible,1.680626794,1000,100,0,1000,circle,True
compact,4718439.0,profit_ceiling_10000-rnduniform-rnduniform-2000-20-3,feasible,0.0179100036621093,2000,20,3,10000,profit_ceiling,False
mckp,537681.0,mstr_10000-rnduniform-rnduniform-200-20-6,feasible,3.66592483,200,20,6,10000,mstr,True
compact,285402.0,strongly_correlated_1000-rnduniform-rnduniform-1000-100-1,feasible,0.6572368144989014,1000,100,1,1000,strongly_correlated,True
compact,2544322.0,span_weakly_correlated_10000-rnduniform-rnduniform-1000-100-2,feasible,3600.0007679462433,1000,100,2,10000,span_weakly_correlated,False
mckp,836768.0,uncorrelated_1000-rnduniform-rnduniform-2000-100-8,feasible,10.568734815,2000,100,8,1000,uncorrelated,True
mckp,993780.0,circle_10000-rnduniform-rnduniform-200-20-9,feasible,3.397882905,200,20,9,10000,circle,True
compact,596639.0,strongly_correlated_1000-rnduniform-rnduniform-2000-100-1,feasible,3600.0012278556824,2000,100,1,1000,strongly_correlated,False
mckp,607770.0,strongly_correlated_10000-rnduniform-rnduniform-200-20-0,feasible,3.950118637,200,20,0,10000,strongly_correlated,True
compact,325310.0,strongly_correlated_1000-rnduniform-rnduniform-1000-20-6,feasible,3600.000736951828,1000,20,6,1000,strongly_correlated,False
compact,778366.0,uncorrelated_10000-rnduniform-rnduniform-200-20-6,feasible,0.0126080513000488,200,20,6,10000,uncorrelated,True
mckp,52241.0,inverse_strongly_correlated_1000-rnduniform-rnduniform-200-20-8,feasible,0.3630079109999999,200,20,8,1000,inverse_strongly_correlated,True
compact,51548.0,weakly_correlated_1000-rnduniform-rnduniform-200-100-2,feasible,0.00431489944458,200,100,2,1000,weakly_correlated,True
compact,6943938.0,span_weakly_correlated_10000-rnduniform-rnduniform-2000-20-8,feasible,3600.0013370513916,2000,20,8,10000,span_weakly_correlated,False
compact,198254.0,mstr_1000-rnduniform-rnduniform-500-20-5,feasible,25.35953998565674,500,20,5,1000,mstr,True
mckp,689576.0,uncorrelated_similar-rnduniform-rnduniform-2000-100-1,feasible,1448.507480628,2000,100,1,100000,uncorrelated_similar,True
compact,59744.0,almost_strongly_correlated_1000-rnduniform-rnduniform-200-20-6,feasible,668.8439748287201,200,20,6,1000,almost_strongly_correlated,True
mckp,520183.0,circle_1000-rnduniform-rnduniform-1000-20-8,feasible,24.38513142,1000,20,8,1000,circle,True
mckp,2500394.0,subset_sum_10000-rnduniform-rnduniform-1000-20-6,feasible,149.94639727100002,1000,20,6,10000,subset_sum,True
compact,494884.0,subset_sum_1000-rnduniform-rnduniform-2000-20-5,feasible,0.013538122177124,2000,20,5,1000,subset_sum,True
mckp,4599133.0,circle_10000-rnduniform-rnduniform-1000-100-3,feasible,17.228030717,1000,100,3,10000,circle,True
compact,49514.0,subset_sum_1000-rnduniform-rnduniform-200-20-7,feasible,0.0030319690704345,200,20,7,1000,subset_sum,True
mckp,3080608.0,almost_strongly_correlated_10000-rnduniform-rnduniform-1000-100-4,feasible,23.389016087,1000,100,4,10000,almost_strongly_correlated,True
mckp,1379123.0,strongly_correlated_10000-rnduniform-rnduniform-500-20-0,feasible,64.410801828,500,20,0,10000,strongly_correlated,True
mckp,466663.0,subset_sum_10000-rnduniform-rnduniform-200-20-2,feasible,5.9490561820000005,200,20,2,10000,subset_sum,True
compact,376381.0,mstr_1000-rnduniform-rnduniform-1000-100-2,feasible,16.50913095474243,1000,100,2,1000,mstr,True
mckp,2616178.0,mstr_10000-rnduniform-rnduniform-1000-20-5,feasible,330.33762436,1000,20,5,10000,mstr,True
mckp,643595.0,strongly_correlated_1000-rnduniform-rnduniform-2000-20-6,feasible,127.635977203,2000,20,6,1000,strongly_correlated,True
compact,48071.0,circle_1000-rnduniform-rnduniform-100-20-8,feasible,0.0195350646972656,100,20,8,1000,circle,True
compact,817042.0,uncorrelated_1000-rnduniform-rnduniform-2000-20-7,feasible,0.0544931888580322,2000,20,7,1000,uncorrelated,False
compact,2213335.0,span_strongly_correlated_10000-rnduniform-rnduniform-2000-20-3,feasible,0.3277580738067627,2000,20,3,10000,span_strongly_correlated,True
compact,474596.0,weakly_correlated_10000-rnduniform-rnduniform-200-20-0,feasible,0.0502760410308837,200,20,0,10000,weakly_correlated,True
mckp,402120.0,uncorrelated_10000-rnduniform-rnduniform-100-20-8,feasible,2.628020978,100,20,8,10000,uncorrelated,True
mckp,584094.0,strongly_correlated_10000-rnduniform-rnduniform-200-100-3,feasible,4.684135647000001,200,100,3,10000,strongly_correlated,True
compact,338260.0,almost_strongly_correlated_1000-rnduniform-rnduniform-1000-20-8,feasible,3600.000753879547,1000,20,8,1000,almost_strongly_correlated,False
mckp,465891.0,subset_sum_10000-rnduniform-rnduniform-200-20-1,feasible,4.066316195,200,20,1,10000,subset_sum,True
compact,235992.0,profit_ceiling_1000-rnduniform-rnduniform-1000-100-3,feasible,0.0609989166259765,1000,100,3,1000,profit_ceiling,True
mckp,4049229.0,circle_10000-rnduniform-rnduniform-1000-500-1,feasible,30.6162854,1000,500,1,10000,circle,True
mckp,3053625.0,strongly_correlated_10000-rnduniform-rnduniform-1000-20-3,feasible,284.905287501,1000,20,3,10000,strongly_correlated,True
compact,678004.0,span_strongly_correlated_10000-rnduniform-rnduniform-200-20-1,feasible,0.0426898002624511,200,20,1,10000,span_strongly_correlated,True
compact,5443639.0,mstr_10000-rnduniform-rnduniform-2000-100-6,feasible,3600.001260995865,2000,100,6,10000,mstr,False
compact,237075.99999999985,circle_1000-rnduniform-rnduniform-500-20-4,feasible,0.1042230129241943,500,20,4,1000,circle,True
mckp,46125.0,span_strongly_correlated_1000-rnduniform-rnduniform-100-20-4,feasible,0.504073298,100,20,4,1000,span_strongly_correlated,True
mckp,5632640.0,inverse_strongly_correlated_10000-rnduniform-rnduniform-2000-100-8,feasible,190.676234267,2000,100,8,10000,inverse_strongly_correlated,True
mckp,58503.0,weakly_correlated_1000-rnduniform-rnduniform-200-20-8,feasible,0.340250596,200,20,8,1000,weakly_correlated,True
mckp,72895.0,span_strongly_correlated_1000-rnduniform-rnduniform-200-20-8,feasible,0.353947608,200,20,8,1000,span_strongly_correlated,True
mckp,2446335.0,circle_10000-rnduniform-rnduniform-500-20-5,feasible,49.910220758,500,20,5,10000,circle,True
compact,6621399.0,almost_strongly_correlated_10000-rnduniform-rnduniform-2000-100-8,feasible,8.686041831970215,2000,100,8,10000,almost_strongly_correlated,False
mckp,259823.0,subset_sum_10000-rnduniform-rnduniform-100-20-9,feasible,1.982617035,100,20,9,10000,subset_sum,True
mckp,155310.0,span_strongly_correlated_1000-rnduniform-rnduniform-1000-100-7,feasible,0.399652319,1000,100,7,1000,span_strongly_correlated,True
mckp,175237.0,uncorrelated_similar-rnduniform-rnduniform-500-20-3,feasible,344.694750504,500,20,3,100000,uncorrelated_similar,True
compact,586715.0,almost_strongly_correlated_1000-rnduniform-rnduniform-2000-100-1,feasible,73.50340390205383,2000,100,1,1000,almost_strongly_correlated,False
compact,1723696.0,span_strongly_correlated_10000-rnduniform-rnduniform-1000-20-3,feasible,3600.0009050369263,1000,20,3,10000,span_strongly_correlated,False
compact,27426.0,inverse_strongly_correlated_1000-rnduniform-rnduniform-100-20-5,feasible,0.0158679485321044,100,20,5,1000,inverse_strongly_correlated,True
compact,995582.0,circle_1000-rnduniform-rnduniform-2000-20-5,feasible,3600.001132965088,2000,20,5,1000,circle,False
mckp,841007.0,mstr_1000-rnduniform-rnduniform-2000-100-8,feasible,14.391977947,2000,100,8,1000,mstr,True
mckp,641668.0,strongly_correlated_1000-rnduniform-rnduniform-2000-100-6,feasible,9.911679884,2000,100,6,1000,strongly_correlated,True
mckp,78122.0,span_uncorrelated_1000-rnduniform-rnduniform-200-20-0,feasible,0.393298588,200,20,0,1000,span_uncorrelated,True
compact,640908.0,span_uncorrelated_1000-rnduniform-rnduniform-1000-100-7,feasible,0.1184000968933105,1000,100,7,1000,span_uncorrelated,True
mckp,498564.0,weakly_correlated_10000-rnduniform-rnduniform-200-20-1,feasible,8.689605327,200,20,1,10000,weakly_correlated,True
compact,6947251.0,span_weakly_correlated_10000-rnduniform-rnduniform-2000-100-7,feasible,3600.002380132675,2000,100,7,10000,span_weakly_correlated,False
compact,4704577.0,inverse_strongly_correlated_10000-rnduniform-rnduniform-2000-20-1,feasible,0.0444240570068359,2000,20,1,10000,inverse_strongly_correlated,False
mckp,31048.0,strongly_correlated_1000-rnduniform-rnduniform-100-20-4,feasible,0.169029886,100,20,4,1000,strongly_correlated,True
compact,5372688.0,profit_ceiling_10000-rnduniform-rnduniform-2000-20-9,feasible,0.0323379039764404,2000,20,9,10000,profit_ceiling,False
mckp,2615661.0,profit_ceiling_10000-rnduniform-rnduniform-1000-100-7,feasible,18.046218604,1000,100,7,10000,profit_ceiling,True
compact,263883.0,profit_ceiling_1000-rnduniform-rnduniform-1000-20-8,feasible,0.0133421421051025,1000,20,8,1000,profit_ceiling,True
mckp,2629126.0,weakly_correlated_10000-rnduniform-rnduniform-1000-100-3,feasible,17.251793289000002,1000,100,3,10000,weakly_correlated,True
compact,1441591.0,weakly_correlated_10000-rnduniform-rnduniform-500-20-9,feasible,0.0129919052124023,500,20,9,10000,weakly_correlated,True
mckp,139685.0,weakly_correlated_10000-rnduniform-rnduniform-50-20-6,feasible,1.242393064,50,20,6,10000,weakly_correlated,True
compact,4300966.0,uncorrelated_10000-rnduniform-rnduniform-1000-20-6,feasible,0.0402910709381103,1000,20,6,10000,uncorrelated,False
compact,821305.0,mstr_1000-rnduniform-rnduniform-2000-100-6,feasible,3600.001591205597,2000,100,6,1000,mstr,False
mckp,33383.0,mstr_1000-rnduniform-rnduniform-100-20-0,feasible,0.196939823,100,20,0,1000,mstr,True
mckp,2366053.0,span_strongly_correlated_10000-rnduniform-rnduniform-500-20-7,feasible,34.804874126,500,20,7,10000,span_strongly_correlated,True
mckp,65590.0,span_strongly_correlated_1000-rnduniform-rnduniform-200-20-6,feasible,0.339073756,200,20,6,1000,span_strongly_correlated,True
mckp,783696.0,span_weakly_correlated_1000-rnduniform-rnduniform-2000-100-8,feasible,8.294018425,2000,100,8,1000,span_weakly_correlated,True
compact,8846645.0,span_uncorrelated_10000-rnduniform-rnduniform-2000-100-1,feasible,1186.640116930008,2000,100,1,10000,span_uncorrelated,True
mckp,491708.0,circle_10000-rnduniform-rnduniform-100-20-8,feasible,2.512895749,100,20,8,10000,circle,True
compact,5497690.0,weakly_correlated_10000-rnduniform-rnduniform-2000-20-6,feasible,0.0828070640563964,2000,20,6,10000,weakly_correlated,False
mckp,292760.0,weakly_correlated_1000-rnduniform-rnduniform-1000-100-8,feasible,1.46683016,1000,100,8,1000,weakly_correlated,True
mckp,3014493.0,strongly_correlated_10000-rnduniform-rnduniform-1000-20-2,feasible,220.532870484,1000,20,2,10000,strongly_correlated,True
compact,473877.0,profit_ceiling_1000-rnduniform-rnduniform-2000-100-3,feasible,3600.0015230178833,2000,100,3,1000,profit_ceiling,False
compact,566874.0,inverse_strongly_correlated_10000-rnduniform-rnduniform-200-20-9,feasible,0.5494711399078369,200,20,9,10000,inverse_strongly_correlated,True
compact,7963144.0,span_weakly_correlated_10000-rnduniform-rnduniform-2000-100-1,feasible,3600.001643896103,2000,100,1,10000,span_weakly_correlated,False
mckp,463986.0,profit_ceiling_1000-rnduniform-rnduniform-2000-100-1,feasible,9.450343046,2000,100,1,1000,profit_ceiling,True
compact,34577.0,mstr_1000-rnduniform-rnduniform-100-20-3,feasible,0.0303370952606201,100,20,3,1000,mstr,True
compact,69483.0,uncorrelated_similar-rnduniform-rnduniform-200-20-1,feasible,0.0073490142822265,200,20,1,100000,uncorrelated_similar,True
mckp,9597734.0,circle_10000-rnduniform-rnduniform-2000-100-4,feasible,74.847915742,2000,100,4,10000,circle,True
compact,1617068.0,almost_strongly_correlated_10000-rnduniform-rnduniform-500-20-7,feasible,0.9474489688873292,500,20,7,10000,almost_strongly_correlated,False
compact,180812.0,uncorrelated_similar-rnduniform-rnduniform-500-20-5,feasible,0.0191941261291503,500,20,5,100000,uncorrelated_similar,True
mckp,5988352.0,span_uncorrelated_10000-rnduniform-rnduniform-2000-100-6,feasible,45.724561613,2000,100,6,10000,span_uncorrelated,True
mckp,735175.0,uncorrelated_similar-rnduniform-rnduniform-2000-100-3,feasible,1645.504413498,2000,100,3,100000,uncorrelated_similar,True
mckp,5125149.0,circle_10000-rnduniform-rnduniform-1000-20-9,feasible,335.226543585,1000,20,9,10000,circle,True
compact,804977.0,uncorrelated_1000-rnduniform-rnduniform-2000-20-4,feasible,0.0446250438690185,2000,20,4,1000,uncorrelated,True
mckp,2666862.0,span_strongly_correlated_10000-rnduniform-rnduniform-500-20-3,feasible,48.597968337999994,500,20,3,10000,span_strongly_correlated,True
mckp,2352558.0,profit_ceiling_10000-rnduniform-rnduniform-1000-500-1,feasible,24.04473502,1000,500,1,10000,profit_ceiling,True
compact,6165487.0,strongly_correlated_10000-rnduniform-rnduniform-2000-20-3,feasible,3600.0012130737305,2000,20,3,10000,strongly_correlated,False
compact,3209196.0,almost_strongly_correlated_10000-rnduniform-rnduniform-1000-20-6,feasible,3600.000918865204,1000,20,6,10000,almost_strongly_correlated,False
compact,1995949.0,uncorrelated_10000-rnduniform-rnduniform-500-20-6,feasible,0.0298600196838378,500,20,6,10000,uncorrelated,True
mckp,2737664.0,mstr_10000-rnduniform-rnduniform-1000-100-8,feasible,23.000178309,1000,100,8,10000,mstr,True
mckp,581102.0,span_weakly_correlated_1000-rnduniform-rnduniform-2000-100-6,feasible,11.100994353,2000,100,6,1000,span_weakly_correlated,True
mckp,4705327.0,mstr_10000-rnduniform-rnduniform-2000-20-1,feasible,1670.258414839,2000,20,1,10000,mstr,True
compact,681774.0,span_weakly_correlated_10000-rnduniform-rnduniform-200-20-3,feasible,3600.0003609657288,200,20,3,10000,span_weakly_correlated,False
mckp,1917679.0,uncorrelated_10000-rnduniform-rnduniform-500-20-2,feasible,41.965668495,500,20,2,10000,uncorrelated,True
compact,5156391.0,profit_ceiling_10000-rnduniform-rnduniform-2000-20-8,feasible,0.0334229469299316,2000,20,8,10000,profit_ceiling,False
compact,132538.0,mstr_10000-rnduniform-rnduniform-50-20-9,feasible,0.0090939998626708,50,20,9,10000,mstr,True
mckp,125439.0,almost_strongly_correlated_10000-rnduniform-rnduniform-50-20-2,feasible,0.934507044,50,20,2,10000,almost_strongly_correlated,True
compact,4807128.0,span_uncorrelated_10000-rnduniform-rnduniform-1000-100-6,feasible,0.0735650062561035,1000,100,6,10000,span_uncorrelated,True
compact,702306.0,span_strongly_correlated_1000-rnduniform-rnduniform-2000-20-3,feasible,0.0284788608551025,2000,20,3,1000,span_strongly_correlated,True
mckp,343603.0,uncorrelated_10000-rnduniform-rnduniform-100-20-1,feasible,2.710700927,100,20,1,10000,uncorrelated,True
compact,2530450.0,inverse_strongly_correlated_10000-rnduniform-rnduniform-1000-100-4,feasible,4.765469074249268,1000,100,4,10000,inverse_strongly_correlated,False
compact,224553.0,profit_ceiling_1000-rnduniform-rnduniform-1000-20-0,feasible,0.0108900070190429,1000,20,0,1000,profit_ceiling,True
mckp,78514.0,uncorrelated_1000-rnduniform-rnduniform-200-20-5,feasible,0.537377282,200,20,5,1000,uncorrelated,True
mckp,59744.0,almost_strongly_correlated_1000-rnduniform-rnduniform-200-20-6,feasible,0.295510981,200,20,6,1000,almost_strongly_correlated,True
compact,1003943.0,circle_10000-rnduniform-rnduniform-200-20-7,feasible,0.2298882007598877,200,20,7,10000,circle,True
compact,6187608.0,almost_strongly_correlated_10000-rnduniform-rnduniform-2000-500-5,feasible,0.1634318828582763,2000,500,5,10000,almost_strongly_correlated,False
mckp,252528.0,profit_ceiling_10000-rnduniform-rnduniform-100-20-9,feasible,2.717237822,100,20,9,10000,profit_ceiling,True
mckp,605499.0,almost_strongly_correlated_1000-rnduniform-rnduniform-2000-100-3,feasible,13.286838568,2000,100,3,1000,almost_strongly_correlated,True
mckp,551518.0,subset_sum_10000-rnduniform-rnduniform-200-20-9,feasible,5.895258382,200,20,9,10000,subset_sum,True
compact,10217526.0,circle_10000-rnduniform-rnduniform-2000-20-7,feasible,0.3698639869689941,2000,20,7,10000,circle,False
compact,797766.0,circle_10000-rnduniform-rnduniform-200-100-0,feasible,0.0054879188537597,200,100,0,10000,circle,True
mckp,3112935.0,span_strongly_correlated_10000-rnduniform-rnduniform-1000-100-3,feasible,48.740513166,1000,100,3,10000,span_strongly_correlated,True
compact,1458025.0,weakly_correlated_10000-rnduniform-rnduniform-500-20-6,feasible,0.0544970035552978,500,20,6,10000,weakly_correlated,False
compact,570701.0,span_weakly_correlated_10000-rnduniform-rnduniform-200-20-0,feasible,0.6852438449859619,200,20,0,10000,span_weakly_correlated,True
compact,813962.0,mstr_1000-rnduniform-rnduniform-2000-20-6,feasible,3600.001526117325,2000,20,6,1000,mstr,False
compact,132882.0,profit_ceiling_1000-rnduniform-rnduniform-500-20-8,feasible,0.005389928817749,500,20,8,1000,profit_ceiling,True
mckp,5109731.0,circle_10000-rnduniform-rnduniform-1000-20-8,feasible,225.731997167,1000,20,8,10000,circle,True
mckp,541662.0,weakly_correlated_10000-rnduniform-rnduniform-200-20-4,feasible,5.173410949,200,20,4,10000,weakly_correlated,True
mckp,139318.0,weakly_correlated_1000-rnduniform-rnduniform-500-20-8,feasible,5.417074282,500,20,8,1000,weakly_correlated,True
compact,1362453.0,span_strongly_correlated_10000-rnduniform-rnduniform-1000-20-0,feasible,0.1795589923858642,1000,20,0,10000,span_strongly_correlated,True
mckp,771272.0,span_strongly_correlated_1000-rnduniform-rnduniform-2000-20-0,feasible,75.625796011,2000,20,0,1000,span_strongly_correlated,True
compact,2147382.0,uncorrelated_10000-rnduniform-rnduniform-500-20-8,feasible,0.072232961654663,500,20,8,10000,uncorrelated,True
mckp,191290.0,span_uncorrelated_1000-rnduniform-rnduniform-500-20-9,feasible,2.7320170850000003,500,20,9,1000,span_uncorrelated,True
mckp,258856.0,inverse_strongly_correlated_1000-rnduniform-rnduniform-1000-20-5,feasible,26.636279856,1000,20,5,1000,inverse_strongly_correlated,True
compact,40796.0,span_strongly_correlated_1000-rnduniform-rnduniform-100-20-8,feasible,0.8055758476257324,100,20,8,1000,span_strongly_correlated,True
mckp,374383.0,uncorrelated_similar-rnduniform-rnduniform-1000-20-7,feasible,1499.7178321279998,1000,20,7,100000,uncorrelated_similar,True
compact,384192.0,mstr_1000-rnduniform-rnduniform-1000-100-4,feasible,0.2616510391235351,1000,100,4,1000,mstr,True
mckp,1239738.0,span_weakly_correlated_10000-rnduniform-rnduniform-500-20-5,feasible,25.308608227,500,20,5,10000,span_weakly_correlated,True
mckp,73721.0,uncorrelated_similar-rnduniform-rnduniform-200-20-8,feasible,76.371400565,200,20,8,100000,uncorrelated_similar,True
compact,672527.0,strongly_correlated_1000-rnduniform-rnduniform-2000-100-8,feasible,1.886265993118286,2000,100,8,1000,strongly_correlated,False
compact,21085.0,span_uncorrelated_1000-rnduniform-rnduniform-50-20-9,feasible,0.0008869171142578,50,20,9,1000,span_uncorrelated,True
compact,2796688.0,span_uncorrelated_10000-rnduniform-rnduniform-500-20-5,feasible,0.0277061462402343,500,20,5,10000,span_uncorrelated,True
compact,767180.0,uncorrelated_similar-rnduniform-rnduniform-2000-100-7,feasible,0.0576698780059814,2000,100,7,100000,uncorrelated_similar,True
compact,128420.0,span_weakly_correlated_1000-rnduniform-rnduniform-1000-500-0,feasible,0.0107240676879882,1000,500,0,1000,span_weakly_correlated,True
compact,184020.0,span_uncorrelated_1000-rnduniform-rnduniform-500-20-6,feasible,0.0208621025085449,500,20,6,1000,span_uncorrelated,True
compact,6654764.0,span_uncorrelated_10000-rnduniform-rnduniform-2000-20-9,feasible,0.0162091255187988,2000,20,9,10000,span_uncorrelated,True
compact,379473.0,uncorrelated_similar-rnduniform-rnduniform-1000-100-8,feasible,0.0545570850372314,1000,100,8,100000,uncorrelated_similar,True
mckp,474136.0,span_strongly_correlated_1000-rnduniform-rnduniform-2000-20-5,feasible,40.92103428,2000,20,5,1000,span_strongly_correlated,True
compact,118326.0,span_weakly_correlated_1000-rnduniform-rnduniform-500-20-6,feasible,0.3634190559387207,500,20,6,1000,span_weakly_correlated,True
mckp,296375.0,almost_strongly_correlated_1000-rnduniform-rnduniform-1000-20-2,feasible,33.279753203,1000,20,2,1000,almost_strongly_correlated,True
compact,154237.0,almost_strongly_correlated_1000-rnduniform-rnduniform-500-20-5,feasible,577.157958984375,500,20,5,1000,almost_strongly_correlated,True
compact,255484.0,weakly_correlated_1000-rnduniform-rnduniform-1000-100-1,feasible,0.0691781044006347,1000,100,1,1000,weakly_correlated,True
compact,4773652.0,mstr_10000-rnduniform-rnduniform-2000-100-0,feasible,3600.0020990371704,2000,100,0,10000,mstr,False
mckp,7808995.0,span_strongly_correlated_10000-rnduniform-rnduniform-2000-20-6,feasible,317.885222175,2000,20,6,10000,span_strongly_correlated,True
mckp,225174.0,mstr_10000-rnduniform-rnduniform-100-20-0,feasible,3.040911904,100,20,0,10000,mstr,True
mckp,58867.0,span_weakly_correlated_1000-rnduniform-rnduniform-200-100-1,feasible,0.384561692,200,100,1,1000,span_weakly_correlated,True
mckp,565542.0,weakly_correlated_1000-rnduniform-rnduniform-2000-20-6,feasible,276.618441966,2000,20,6,1000,weakly_correlated,True
mckp,67719.0,uncorrelated_similar-rnduniform-rnduniform-200-20-3,feasible,75.32261210600001,200,20,3,100000,uncorrelated_similar,True
mckp,6495486.0,almost_strongly_correlated_10000-rnduniform-rnduniform-2000-20-6,feasible,5779.107722991,2000,20,6,10000,almost_strongly_correlated,False
mckp,833802.0,mstr_1000-rnduniform-rnduniform-2000-20-8,feasible,140.308198923,2000,20,8,1000,mstr,True
compact,515079.0,weakly_correlated_1000-rnduniform-rnduniform-2000-100-2,feasible,0.1208999156951904,2000,100,2,1000,weakly_correlated,True
mckp,516219.0,profit_ceiling_1000-rnduniform-rnduniform-2000-100-8,feasible,11.721800538,2000,100,8,1000,profit_ceiling,True
mckp,240167.0,subset_sum_1000-rnduniform-rnduniform-1000-100-3,feasible,2.529022119,1000,100,3,1000,subset_sum,True
compact,2507172.0,mstr_10000-rnduniform-rnduniform-1000-100-2,feasible,17.34184193611145,1000,100,2,10000,mstr,False
compact,1379123.0,strongly_correlated_10000-rnduniform-rnduniform-500-20-0,feasible,3600.0003850460052,500,20,0,10000,strongly_correlated,False
mckp,9076788.0,span_strongly_correlated_10000-rnduniform-rnduniform-2000-20-2,feasible,569.2066783289999,2000,20,2,10000,span_strongly_correlated,True
compact,5328318.0,weakly_correlated_10000-rnduniform-rnduniform-2000-100-4,feasible,0.0610010623931884,2000,100,4,10000,weakly_correlated,True
mckp,273780.0,mstr_10000-rnduniform-rnduniform-100-20-8,feasible,1.969896556,100,20,8,10000,mstr,True
compact,6207276.0,strongly_correlated_10000-rnduniform-rnduniform-2000-100-4,feasible,3600.0015909671783,2000,100,4,10000,strongly_correlated,False
compact,5058263.0,weakly_correlated_10000-rnduniform-rnduniform-2000-100-1,feasible,0.1671321392059326,2000,100,1,10000,weakly_correlated,False
mckp,51760.0,span_weakly_correlated_1000-rnduniform-rnduniform-200-100-2,feasible,0.3103216809999999,200,100,2,1000,span_weakly_correlated,True
mckp,761916.0,uncorrelated_similar-rnduniform-rnduniform-2000-20-8,feasible,4563.039291751,2000,20,8,100000,uncorrelated_similar,False
mckp,2254900.0,subset_sum_10000-rnduniform-rnduniform-1000-20-0,feasible,154.83481011499998,1000,20,0,10000,subset_sum,True
mckp,454361.0,span_uncorrelated_1000-rnduniform-rnduniform-1000-100-9,feasible,1.1169067920000002,1000,100,9,1000,span_uncorrelated,True
mckp,6817024.0,span_strongly_correlated_10000-rnduniform-rnduniform-2000-100-2,feasible,82.76488279,2000,100,2,10000,span_strongly_correlated,True
compact,337239.0,span_strongly_correlated_1000-rnduniform-rnduniform-1000-20-3,feasible,0.0057950019836425,1000,20,3,1000,span_strongly_correlated,True
compact,47272.0,inverse_strongly_correlated_1000-rnduniform-rnduniform-200-20-0,feasible,0.028135061264038,200,20,0,1000,inverse_strongly_correlated,True
mckp,1295700.0,profit_ceiling_10000-rnduniform-rnduniform-500-20-5,feasible,45.628343740999995,500,20,5,10000,profit_ceiling,True
compact,4786610.0,subset_sum_10000-rnduniform-rnduniform-2000-100-3,feasible,0.0506958961486816,2000,100,3,10000,subset_sum,True
compact,5418424.0,inverse_strongly_correlated_10000-rnduniform-rnduniform-2000-20-7,feasible,3600.001200914383,2000,20,7,10000,inverse_strongly_correlated,False
compact,5988352.0,span_uncorrelated_10000-rnduniform-rnduniform-2000-100-6,feasible,0.0629801750183105,2000,100,6,10000,span_uncorrelated,True
compact,459276.0,span_strongly_correlated_1000-rnduniform-rnduniform-2000-20-1,feasible,0.0248699188232421,2000,20,1,1000,span_strongly_correlated,True
mckp,1677358.0,strongly_correlated_10000-rnduniform-rnduniform-500-20-9,feasible,76.539489223,500,20,9,10000,strongly_correlated,True
compact,527507.0,subset_sum_1000-rnduniform-rnduniform-2000-100-9,feasible,0.0205590724945068,2000,100,9,1000,subset_sum,True
mckp,417968.0,span_strongly_correlated_1000-rnduniform-rnduniform-1000-20-1,feasible,15.309261001,1000,20,1,1000,span_strongly_correlated,True
mckp,8015197.0,uncorrelated_10000-rnduniform-rnduniform-2000-100-6,feasible,104.10487422,2000,100,6,10000,uncorrelated,True
mckp,4687642.0,circle_10000-rnduniform-rnduniform-1000-100-4,feasible,22.948924351,1000,100,4,10000,circle,True
compact,6603949.0,almost_strongly_correlated_10000-rnduniform-rnduniform-2000-20-7,feasible,3600.0012650489807,2000,20,7,10000,almost_strongly_correlated,False
compact,918506.0,span_uncorrelated_1000-rnduniform-rnduniform-2000-20-7,feasible,0.0153870582580566,2000,20,7,1000,span_uncorrelated,True
compact,332358.0,span_weakly_correlated_1000-rnduniform-rnduniform-1000-20-8,feasible,3600.0007071495056,1000,20,8,1000,span_weakly_correlated,False
compact,528554.0,subset_sum_1000-rnduniform-rnduniform-2000-20-8,feasible,0.0242908000946044,2000,20,8,1000,subset_sum,True
mckp,132882.0,profit_ceiling_1000-rnduniform-rnduniform-500-20-8,feasible,4.3484840799999995,500,20,8,1000,profit_ceiling,True
mckp,1009562.0,circle_1000-rnduniform-rnduniform-2000-20-6,feasible,109.270578664,2000,20,6,1000,circle,True
mckp,4285404.0,circle_10000-rnduniform-rnduniform-1000-100-0,feasible,17.26210042,1000,100,0,10000,circle,True
mckp,6693255.0,strongly_correlated_10000-rnduniform-rnduniform-2000-20-8,feasible,1146.281482396,2000,20,8,10000,strongly_correlated,True
compact,2962139.0,almost_strongly_correlated_10000-rnduniform-rnduniform-1000-20-2,feasible,3600.0009019374847,1000,20,2,10000,almost_strongly_correlated,False
mckp,1406052.0,mstr_10000-rnduniform-rnduniform-500-20-9,feasible,50.718141577,500,20,9,10000,mstr,True
compact,280047.0,inverse_strongly_correlated_1000-rnduniform-rnduniform-1000-20-8,feasible,3600.0007059574127,1000,20,8,1000,inverse_strongly_correlated,False
mckp,4796736.0,profit_ceiling_10000-rnduniform-rnduniform-2000-20-4,feasible,4074.256619679,2000,20,4,10000,profit_ceiling,False
mckp,70341.0,uncorrelated_similar-rnduniform-rnduniform-200-20-7,feasible,104.85064869,200,20,7,100000,uncorrelated_similar,True
compact,179616.0,span_uncorrelated_1000-rnduniform-rnduniform-2000-100-1,feasible,3600.00119304657,2000,100,1,1000,span_uncorrelated,False
mckp,498957.0,weakly_correlated_1000-rnduniform-rnduniform-2000-100-0,feasible,10.955320087,2000,100,0,1000,weakly_correlated,True
mckp,166196.0,uncorrelated_10000-rnduniform-rnduniform-50-20-8,feasible,1.224637018,50,20,8,10000,uncorrelated,True
mckp,2535103.0,mstr_10000-rnduniform-rnduniform-1000-20-4,feasible,352.570097151,1000,20,4,10000,mstr,True
mckp,83159.0,uncorrelated_1000-rnduniform-rnduniform-200-20-7,feasible,0.340362887,200,20,7,1000,uncorrelated,True
mckp,3873745.0,uncorrelated_10000-rnduniform-rnduniform-1000-20-2,feasible,657.4262499499999,1000,20,2,10000,uncorrelated,True
mckp,2503888.0,mstr_10000-rnduniform-rnduniform-1000-20-3,feasible,385.536825878,1000,20,3,10000,mstr,True
compact,520210.0,subset_sum_1000-rnduniform-rnduniform-2000-100-7,feasible,0.0257849693298339,2000,100,7,1000,subset_sum,True
compact,3999835.0,uncorrelated_10000-rnduniform-rnduniform-1000-100-6,feasible,0.0561509132385253,1000,100,6,10000,uncorrelated,False
compact,1391623.0,mstr_10000-rnduniform-rnduniform-500-20-6,feasible,3600.000452041626,500,20,6,10000,mstr,False
mckp,1279749.0,weakly_correlated_10000-rnduniform-rnduniform-500-20-1,feasible,46.879455816,500,20,1,10000,weakly_correlated,True
compact,42197.0,subset_sum_1000-rnduniform-rnduniform-200-20-0,feasible,0.0039279460906982,200,20,0,1000,subset_sum,True
mckp,704864.0,span_strongly_correlated_1000-rnduniform-rnduniform-2000-100-3,feasible,7.617804144,2000,100,3,1000,span_strongly_correlated,True
mckp,530628.0,profit_ceiling_10000-rnduniform-rnduniform-200-20-8,feasible,3.713223468,200,20,8,10000,profit_ceiling,True
compact,235274.0,subset_sum_10000-rnduniform-rnduniform-100-20-1,feasible,0.2276930809020996,100,20,1,10000,subset_sum,True
mckp,113666.0,subset_sum_1000-rnduniform-rnduniform-500-20-0,feasible,4.864458006,500,20,0,1000,subset_sum,True
compact,702306.0,span_weakly_correlated_10000-rnduniform-rnduniform-200-20-5,feasible,0.0750598907470703,200,20,5,10000,span_weakly_correlated,True
mckp,1211044.0,subset_sum_10000-rnduniform-rnduniform-500-20-4,feasible,43.983966267,500,20,4,10000,subset_sum,True
compact,168018.0,span_strongly_correlated_1000-rnduniform-rnduniform-1000-20-0,feasible,0.0078208446502685,1000,20,0,1000,span_strongly_correlated,True
compact,763313.0,span_uncorrelated_10000-rnduniform-rnduniform-200-20-5,feasible,0.1904118061065673,200,20,5,10000,span_uncorrelated,True
mckp,918653.0,span_uncorrelated_10000-rnduniform-rnduniform-200-100-2,feasible,4.122422409,200,100,2,10000,span_uncorrelated,True
compact,224845.0,subset_sum_1000-rnduniform-rnduniform-1000-20-0,feasible,0.0140130519866943,1000,20,0,1000,subset_sum,True
mckp,1995949.0,uncorrelated_10000-rnduniform-rnduniform-500-20-6,feasible,39.934102964,500,20,6,10000,uncorrelated,True
compact,5771370.0,span_weakly_correlated_10000-rnduniform-rnduniform-2000-100-6,feasible,3600.0017058849335,2000,100,6,10000,span_weakly_correlated,False
mckp,1409428.0,almost_strongly_correlated_10000-rnduniform-rnduniform-500-20-0,feasible,32.965441409,500,20,0,10000,almost_strongly_correlated,True
mckp,49824.0,inverse_strongly_correlated_1000-rnduniform-rnduniform-200-20-3,feasible,0.349643019,200,20,3,1000,inverse_strongly_correlated,True
mckp,2685360.0,span_uncorrelated_10000-rnduniform-rnduniform-500-20-0,feasible,4.317365462000001,500,20,0,10000,span_uncorrelated,True
compact,583919.0,span_strongly_correlated_1000-rnduniform-rnduniform-2000-20-2,feasible,0.1404700279235839,2000,20,2,1000,span_strongly_correlated,True
mckp,38961.0,mstr_1000-rnduniform-rnduniform-100-20-9,feasible,0.141387859,100,20,9,1000,mstr,True
mckp,874777.0,circle_10000-rnduniform-rnduniform-200-20-0,feasible,5.519493787,200,20,0,10000,circle,True
mckp,535977.0,profit_ceiling_1000-rnduniform-rnduniform-2000-20-9,feasible,143.713592859,2000,20,9,1000,profit_ceiling,True
mckp,777095.0,uncorrelated_10000-rnduniform-rnduniform-200-20-7,feasible,3.969740519,200,20,7,10000,uncorrelated,True
compact,4916591.0,inverse_strongly_correlated_10000-rnduniform-rnduniform-2000-20-3,feasible,3600.001095056534,2000,20,3,10000,inverse_strongly_correlated,False
mckp,144806.0,inverse_strongly_correlated_1000-rnduniform-rnduniform-500-20-8,feasible,5.258889955,500,20,8,1000,inverse_strongly_correlated,True
mckp,918506.0,span_uncorrelated_1000-rnduniform-rnduniform-2000-20-7,feasible,53.036733134,2000,20,7,1000,span_uncorrelated,True
mckp,592069.0,almost_strongly_correlated_1000-rnduniform-rnduniform-2000-20-1,feasible,227.146998827,2000,20,1,1000,almost_strongly_correlated,True
compact,579096.0,weakly_correlated_1000-rnduniform-rnduniform-2000-100-8,feasible,0.1756010055541992,2000,100,8,1000,weakly_correlated,False
mckp,583144.0,weakly_correlated_1000-rnduniform-rnduniform-2000-100-9,feasible,14.869669444,2000,100,9,1000,weakly_correlated,True
compact,292691.0,strongly_correlated_1000-rnduniform-rnduniform-1000-20-0,feasible,3600.0011410713196,1000,20,0,1000,strongly_correlated,False
mckp,2700594.0,span_weakly_correlated_10000-rnduniform-rnduniform-1000-20-5,feasible,105.789166538,1000,20,5,10000,span_weakly_correlated,True
mckp,7963144.0,span_weakly_correlated_10000-rnduniform-rnduniform-2000-100-1,feasible,86.210432009,2000,100,1,10000,span_weakly_correlated,True
compact,488754.0,inverse_strongly_correlated_1000-rnduniform-rnduniform-2000-100-2,feasible,1.040605068206787,2000,100,2,1000,inverse_strongly_correlated,True
mckp,1415641.0,span_weakly_correlated_10000-rnduniform-rnduniform-1000-100-4,feasible,12.578395595,1000,100,4,10000,span_weakly_correlated,True
mckp,410280.0,mstr_1000-rnduniform-rnduniform-1000-20-7,feasible,27.210958846,1000,20,7,1000,mstr,True
compact,526453.0,inverse_strongly_correlated_10000-rnduniform-rnduniform-200-20-4,feasible,0.0275800228118896,200,20,4,10000,inverse_strongly_correlated,True
mckp,5793012.0,strongly_correlated_10000-rnduniform-rnduniform-2000-20-0,feasible,1252.0540982809998,2000,20,0,10000,strongly_correlated,True
mckp,1750357.0,span_strongly_correlated_10000-rnduniform-rnduniform-1000-100-1,feasible,9.998309784,1000,100,1,10000,span_strongly_correlated,True
compact,1026054.0,span_uncorrelated_10000-rnduniform-rnduniform-200-20-0,feasible,0.0125789642333984,200,20,0,10000,span_uncorrelated,True
compact,66624.0,strongly_correlated_1000-rnduniform-rnduniform-200-20-6,feasible,0.1192998886108398,200,20,6,1000,strongly_correlated,True
compact,644170.0,almost_strongly_correlated_1000-rnduniform-rnduniform-2000-20-6,feasible,3600.001706123352,2000,20,6,1000,almost_strongly_correlated,False
compact,422430.0,mstr_1000-rnduniform-rnduniform-1000-100-9,feasible,3600.0007281303406,1000,100,9,1000,mstr,False
compact,547620.0,span_strongly_correlated_10000-rnduniform-rnduniform-200-100-2,feasible,0.0108749866485595,200,100,2,10000,span_strongly_correlated,True
compact,974124.9999999974,circle_1000-rnduniform-rnduniform-2000-100-5,feasible,0.1339449882507324,2000,100,5,1000,circle,True
compact,312782.0,strongly_correlated_1000-rnduniform-rnduniform-1000-20-5,feasible,3600.0008409023285,1000,20,5,1000,strongly_correlated,False
compact,487614.0,profit_ceiling_1000-rnduniform-rnduniform-2000-100-6,feasible,3600.002101898194,2000,100,6,1000,profit_ceiling,False
compact,1029325.0,circle_1000-rnduniform-rnduniform-2000-20-8,feasible,1.109786033630371,2000,20,8,1000,circle,False
mckp,546109.0,almost_strongly_correlated_10000-rnduniform-rnduniform-200-100-1,feasible,4.654653643,200,100,1,10000,almost_strongly_correlated,True
mckp,63365.0,almost_strongly_correlated_1000-rnduniform-rnduniform-200-20-7,feasible,0.300854783,200,20,7,1000,almost_strongly_correlated,True
mckp,995582.0,circle_1000-rnduniform-rnduniform-2000-20-5,feasible,105.859486327,2000,20,5,1000,circle,True
compact,515643.0,inverse_strongly_correlated_10000-rnduniform-rnduniform-200-20-5,feasible,0.2153799533843994,200,20,5,10000,inverse_strongly_correlated,True
compact,3529819.0,span_weakly_correlated_10000-rnduniform-rnduniform-1000-20-2,feasible,0.2368011474609375,1000,20,2,10000,span_weakly_correlated,True
compact,3910993.0,uncorrelated_10000-rnduniform-rnduniform-1000-100-5,feasible,0.0776557922363281,1000,100,5,10000,uncorrelated,True
compact,149464.0,almost_strongly_correlated_1000-rnduniform-rnduniform-500-20-3,feasible,0.6620678901672363,500,20,3,1000,almost_strongly_correlated,True
mckp,53786.0,almost_strongly_correlated_1000-rnduniform-rnduniform-200-100-1,feasible,0.254265264,200,100,1,1000,almost_strongly_correlated,True
compact,1142568.0,profit_ceiling_10000-rnduniform-rnduniform-500-100-3,feasible,0.1050460338592529,500,100,3,10000,profit_ceiling,True
mckp,557706.0,span_uncorrelated_1000-rnduniform-rnduniform-2000-100-9,feasible,3.534633579,2000,100,9,1000,span_uncorrelated,True
mckp,702306.0,span_strongly_correlated_1000-rnduniform-rnduniform-2000-20-3,feasible,57.468678999,2000,20,3,1000,span_strongly_correlated,True
compact,197325.0,uncorrelated_1000-rnduniform-rnduniform-500-20-2,feasible,0.0562357902526855,500,20,2,1000,uncorrelated,True
mckp,3052751.0,strongly_correlated_10000-rnduniform-rnduniform-1000-100-4,feasible,16.506483071,1000,100,4,10000,strongly_correlated,True
compact,25941.0,profit_ceiling_1000-rnduniform-rnduniform-100-20-7,feasible,0.0050299167633056,100,20,7,1000,profit_ceiling,True
mckp,1025732.0,circle_1000-rnduniform-rnduniform-2000-100-8,feasible,11.860115523,2000,100,8,1000,circle,True
compact,6362582.0,strongly_correlated_10000-rnduniform-rnduniform-2000-20-5,feasible,3600.0015530586243,2000,20,5,10000,strongly_correlated,False
compact,755151.0,uncorrelated_similar-rnduniform-rnduniform-2000-20-5,feasible,0.0521488189697265,2000,20,5,100000,uncorrelated_similar,True
mckp,271582.0,weakly_correlated_1000-rnduniform-rnduniform-1000-100-5,feasible,1.576984936,1000,100,5,1000,weakly_correlated,True
compact,245369.0,almost_strongly_correlated_10000-rnduniform-rnduniform-100-20-1,feasible,1.2245399951934814,100,20,1,10000,almost_strongly_correlated,True
mckp,4831672.0,mstr_10000-rnduniform-rnduniform-2000-20-0,feasible,1878.063961738,2000,20,0,10000,mstr,True
compact,230217.0,circle_1000-rnduniform-rnduniform-500-20-2,feasible,0.0941739082336425,500,20,2,1000,circle,True
compact,630817.0,strongly_correlated_10000-rnduniform-rnduniform-200-20-5,feasible,0.0634360313415527,200,20,5,10000,strongly_correlated,True
mckp,277507.0,strongly_correlated_1000-rnduniform-rnduniform-1000-100-0,feasible,1.526150612,1000,100,0,1000,strongly_correlated,True
compact,122275.0,inverse_strongly_correlated_1000-rnduniform-rnduniform-500-20-0,feasible,3.2850399017333984,500,20,0,1000,inverse_strongly_correlated,True
compact,258667.0,weakly_correlated_10000-rnduniform-rnduniform-100-20-1,feasible,0.0187399387359619,100,20,1,10000,weakly_correlated,True
compact,39551.0,mstr_1000-rnduniform-rnduniform-100-20-6,feasible,0.1135940551757812,100,20,6,1000,mstr,True
compact,171293.0,strongly_correlated_1000-rnduniform-rnduniform-500-20-8,feasible,3600.000597000122,500,20,8,1000,strongly_correlated,False
compact,712427.0,uncorrelated_similar-rnduniform-rnduniform-2000-20-2,feasible,0.0776472091674804,2000,20,2,100000,uncorrelated_similar,True
compact,65079.0,uncorrelated_1000-rnduniform-rnduniform-200-100-1,feasible,0.0032019615173339,200,100,1,1000,uncorrelated,True
mckp,5272624.0,weakly_correlated_10000-rnduniform-rnduniform-2000-20-4,feasible,2374.696950101,2000,20,4,10000,weakly_correlated,True
compact,274203.0,weakly_correlated_1000-rnduniform-rnduniform-1000-100-6,feasible,0.095221996307373,1000,100,6,1000,weakly_correlated,True
compact,5758172.0,mstr_10000-rnduniform-rnduniform-2000-20-9,feasible,0.1389999389648437,2000,20,9,10000,mstr,True
compact,536343.0,profit_ceiling_1000-rnduniform-rnduniform-2000-20-8,feasible,0.0131349563598632,2000,20,8,1000,profit_ceiling,True
mckp,1488285.0,strongly_correlated_10000-rnduniform-rnduniform-500-20-2,feasible,37.47123592,500,20,2,10000,strongly_correlated,True
compact,20969.0,span_weakly_correlated_1000-rnduniform-rnduniform-100-20-7,feasible,0.0075321197509765,100,20,7,1000,span_weakly_correlated,True
mckp,140091.0,strongly_correlated_10000-rnduniform-rnduniform-50-20-1,feasible,1.277642883,50,20,1,10000,strongly_correlated,True
mckp,17621.0,uncorrelated_1000-rnduniform-rnduniform-50-20-1,feasible,0.07860106,50,20,1,1000,uncorrelated,True
mckp,51962.0,span_weakly_correlated_1000-rnduniform-rnduniform-200-20-5,feasible,0.377790736,200,20,5,1000,span_weakly_correlated,True
mckp,5759184.0,almost_strongly_correlated_10000-rnduniform-rnduniform-2000-20-0,feasible,2622.766453283,2000,20,0,10000,almost_strongly_correlated,True
compact,2719006.0,span_strongly_correlated_10000-rnduniform-rnduniform-1000-20-9,feasible,3600.0006721019745,1000,20,9,10000,span_strongly_correlated,False
compact,270441.0,profit_ceiling_1000-rnduniform-rnduniform-1000-20-9,feasible,0.0216600894927978,1000,20,9,1000,profit_ceiling,True
compact,2310025.0,circle_10000-rnduniform-rnduniform-500-20-1,feasible,0.2052700519561767,500,20,1,10000,circle,False
compact,3109213.0,almost_strongly_correlated_10000-rnduniform-rnduniform-1000-100-5,feasible,0.0919899940490722,1000,100,5,10000,almost_strongly_correlated,False
mckp,3215995.0,strongly_correlated_10000-rnduniform-rnduniform-1000-100-7,feasible,19.921654122,1000,100,7,10000,strongly_correlated,True
compact,253493.0,mstr_10000-rnduniform-rnduniform-100-20-4,feasible,0.3811948299407959,100,20,4,10000,mstr,True
compact,4543388.0,circle_10000-rnduniform-rnduniform-1000-20-0,feasible,0.1610069274902343,1000,20,0,10000,circle,False
compact,528236.0,inverse_strongly_correlated_10000-rnduniform-rnduniform-200-20-6,feasible,0.5133709907531738,200,20,6,10000,inverse_strongly_correlated,True
compact,761916.0,uncorrelated_similar-rnduniform-rnduniform-2000-20-8,feasible,0.0430030822753906,2000,20,8,100000,uncorrelated_similar,True
compact,8343331.0,span_weakly_correlated_10000-rnduniform-rnduniform-2000-20-2,feasible,3600.001424074173,2000,20,2,10000,span_weakly_correlated,False
compact,24333.0,profit_ceiling_1000-rnduniform-rnduniform-100-20-2,feasible,0.0426349639892578,100,20,2,1000,profit_ceiling,True
compact,6817024.0,span_strongly_correlated_10000-rnduniform-rnduniform-2000-100-2,feasible,3600.0016040802,2000,100,2,10000,span_strongly_correlated,False
compact,803839.0,uncorrelated_1000-rnduniform-rnduniform-2000-100-6,feasible,0.1532130241394043,2000,100,6,1000,uncorrelated,True
compact,1358004.0,mstr_10000-rnduniform-rnduniform-500-20-7,feasible,3600.000508069992,500,20,7,10000,mstr,False
compact,410280.0,mstr_1000-rnduniform-rnduniform-1000-20-7,feasible,1410.8987720012665,1000,20,7,1000,mstr,True
mckp,5739095.0,span_uncorrelated_10000-rnduniform-rnduniform-2000-100-4,feasible,66.184058384,2000,100,4,10000,span_uncorrelated,True
compact,73474.0,uncorrelated_1000-rnduniform-rnduniform-200-20-0,feasible,0.0122261047363281,200,20,0,1000,uncorrelated,True
mckp,892290.0,circle_10000-rnduniform-rnduniform-200-20-1,feasible,4.882474129,200,20,1,10000,circle,True
compact,5125149.0,circle_10000-rnduniform-rnduniform-1000-20-9,feasible,5.967767000198364,1000,20,9,10000,circle,False
compact,5092374.0,weakly_correlated_10000-rnduniform-rnduniform-2000-100-2,feasible,0.1945819854736328,2000,100,2,10000,weakly_correlated,False
mckp,5758172.0,mstr_10000-rnduniform-rnduniform-2000-20-9,feasible,1328.37070065,2000,20,9,10000,mstr,True
compact,2315272.0,span_uncorrelated_10000-rnduniform-rnduniform-1000-20-1,feasible,0.0170221328735351,1000,20,1,10000,span_uncorrelated,True
compact,4060987.0,span_strongly_correlated_10000-rnduniform-rnduniform-1000-100-6,feasible,3600.000828027725,1000,100,6,10000,span_strongly_correlated,False
compact,319128.0,strongly_correlated_10000-rnduniform-rnduniform-100-20-9,feasible,0.1734490394592285,100,20,9,10000,strongly_correlated,True
mckp,423353.0,mstr_1000-rnduniform-rnduniform-1000-20-9,feasible,26.576305792,1000,20,9,1000,mstr,True
compact,4726922.0,subset_sum_10000-rnduniform-rnduniform-2000-20-3,feasible,0.0217728614807128,2000,20,3,10000,subset_sum,True
compact,8623504.0,span_strongly_correlated_10000-rnduniform-rnduniform-2000-20-9,feasible,3600.001321077347,2000,20,9,10000,span_strongly_correlated,False
mckp,5721947.0,strongly_correlated_10000-rnduniform-rnduniform-2000-100-0,feasible,152.36472832,2000,100,0,10000,strongly_correlated,True
compact,1239738.0,span_weakly_correlated_10000-rnduniform-rnduniform-500-20-5,feasible,3600.000420808792,500,20,5,10000,span_weakly_correlated,False
compact,4884648.0,mstr_10000-rnduniform-rnduniform-2000-20-2,feasible,3600.0013201236725,2000,20,2,10000,mstr,False
compact,6858790.0,strongly_correlated_10000-rnduniform-rnduniform-2000-20-9,feasible,3600.0019719600677,2000,20,9,10000,strongly_correlated,False
mckp,515079.0,weakly_correlated_1000-rnduniform-rnduniform-2000-100-2,feasible,11.285160254,2000,100,2,1000,weakly_correlated,True
mckp,339840.0,strongly_correlated_1000-rnduniform-rnduniform-1000-20-9,feasible,46.367729284,1000,20,9,1000,strongly_correlated,True
mckp,528547.0,inverse_strongly_correlated_1000-rnduniform-rnduniform-2000-100-6,feasible,14.279296810000002,2000,100,6,1000,inverse_strongly_correlated,True
mckp,207148.0,span_uncorrelated_1000-rnduniform-rnduniform-1000-20-8,feasible,12.207742752,1000,20,8,1000,span_uncorrelated,True
compact,9009310.0,span_uncorrelated_10000-rnduniform-rnduniform-2000-100-7,feasible,0.0669929981231689,2000,100,7,10000,span_uncorrelated,True
compact,244188.0,inverse_strongly_correlated_1000-rnduniform-rnduniform-1000-100-2,feasible,0.3670790195465088,1000,100,2,1000,inverse_strongly_correlated,True
compact,113550.0,profit_ceiling_1000-rnduniform-rnduniform-500-20-0,feasible,0.0067739486694335,500,20,0,1000,profit_ceiling,True
compact,2512119.0,profit_ceiling_10000-rnduniform-rnduniform-1000-100-5,feasible,3600.0007598400116,1000,100,5,10000,profit_ceiling,False
mckp,156246.0,strongly_correlated_1000-rnduniform-rnduniform-500-20-4,feasible,4.1088171550000006,500,20,4,1000,strongly_correlated,True
compact,640576.0,almost_strongly_correlated_1000-rnduniform-rnduniform-2000-100-6,feasible,34.90346693992615,2000,100,6,1000,almost_strongly_correlated,False
compact,125439.0,almost_strongly_correlated_10000-rnduniform-rnduniform-50-20-2,feasible,0.0373339653015136,50,20,2,10000,almost_strongly_correlated,True
mckp,793989.0,uncorrelated_1000-rnduniform-rnduniform-2000-20-3,feasible,380.362551493,2000,20,3,1000,uncorrelated,True
compact,3138335.0,almost_strongly_correlated_10000-rnduniform-rnduniform-1000-20-4,feasible,0.1205530166625976,1000,20,4,10000,almost_strongly_correlated,False
compact,30460.0,span_weakly_correlated_1000-rnduniform-rnduniform-100-20-2,feasible,0.0116970539093017,100,20,2,1000,span_weakly_correlated,True
compact,757220.0,uncorrelated_1000-rnduniform-rnduniform-2000-20-0,feasible,0.0350570678710937,2000,20,0,1000,uncorrelated,True
compact,38107.0,span_weakly_correlated_1000-rnduniform-rnduniform-100-20-3,feasible,0.0140469074249267,100,20,3,1000,span_weakly_correlated,True
mckp,1617068.0,almost_strongly_correlated_10000-rnduniform-rnduniform-500-20-7,feasible,45.619280015,500,20,7,10000,almost_strongly_correlated,True
compact,477910.0,circle_10000-rnduniform-rnduniform-100-20-7,feasible,0.0290942192077636,100,20,7,10000,circle,True
mckp,63946.0,almost_strongly_correlated_1000-rnduniform-rnduniform-200-20-5,feasible,0.382513478,200,20,5,1000,almost_strongly_correlated,True
compact,296374.0,almost_strongly_correlated_1000-rnduniform-rnduniform-1000-20-2,feasible,3600.0006849765778,1000,20,2,1000,almost_strongly_correlated,False
compact,442161.0,subset_sum_1000-rnduniform-rnduniform-2000-100-0,feasible,0.0462300777435302,2000,100,0,1000,subset_sum,True
mckp,1031711.0,circle_1000-rnduniform-rnduniform-2000-100-9,feasible,10.291999623,2000,100,9,1000,circle,True
compact,2818066.0,weakly_correlated_10000-rnduniform-rnduniform-1000-100-5,feasible,0.050394058227539,1000,100,5,10000,weakly_correlated,True
mckp,48321.0,span_weakly_correlated_1000-rnduniform-rnduniform-200-20-6,feasible,0.254203321,200,20,6,1000,span_weakly_correlated,True
mckp,2753452.0,span_weakly_correlated_10000-rnduniform-rnduniform-2000-20-5,feasible,223.15168362,2000,20,5,10000,span_weakly_correlated,True
mckp,664811.0,almost_strongly_correlated_10000-rnduniform-rnduniform-200-20-8,feasible,3.690037405,200,20,8,10000,almost_strongly_correlated,True
compact,585847.0,strongly_correlated_1000-rnduniform-rnduniform-2000-20-1,feasible,3600.0013270378113,2000,20,1,1000,strongly_correlated,False
compact,21639.0,profit_ceiling_1000-rnduniform-rnduniform-100-20-0,feasible,0.0042109489440917,100,20,0,1000,profit_ceiling,True
compact,172256.0,uncorrelated_similar-rnduniform-rnduniform-500-20-1,feasible,0.0266549587249755,500,20,1,100000,uncorrelated_similar,True
compact,192158.0,mstr_1000-rnduniform-rnduniform-500-20-4,feasible,3.908732891082764,500,20,4,1000,mstr,True
compact,414276.0,uncorrelated_1000-rnduniform-rnduniform-1000-20-9,feasible,0.0437309741973876,1000,20,9,1000,uncorrelated,True
mckp,7708821.0,uncorrelated_10000-rnduniform-rnduniform-2000-20-0,feasible,5228.512005951,2000,20,0,10000,uncorrelated,False
compact,493629.0,inverse_strongly_correlated_1000-rnduniform-rnduniform-2000-20-2,feasible,0.0458040237426757,2000,20,2,1000,inverse_strongly_correlated,True
compact,58299.0,span_weakly_correlated_1000-rnduniform-rnduniform-200-20-4,feasible,0.8069980144500732,200,20,4,1000,span_weakly_correlated,True
compact,339840.0,strongly_correlated_1000-rnduniform-rnduniform-1000-20-9,feasible,3600.000906944275,1000,20,9,1000,strongly_correlated,False
mckp,253108.0,circle_1000-rnduniform-rnduniform-500-20-8,feasible,4.346786498999999,500,20,8,1000,circle,True
mckp,389030.0,span_uncorrelated_10000-rnduniform-rnduniform-100-20-0,feasible,2.062522572,100,20,0,10000,span_uncorrelated,True
compact,767475.0,uncorrelated_1000-rnduniform-rnduniform-2000-100-2,feasible,0.1337289810180664,2000,100,2,1000,uncorrelated,False
mckp,1113410.0,span_uncorrelated_1000-rnduniform-rnduniform-2000-20-9,feasible,31.359261553,2000,20,9,1000,span_uncorrelated,True
compact,2696052.0,span_weakly_correlated_10000-rnduniform-rnduniform-1000-100-0,feasible,3600.0008659362793,1000,100,0,10000,span_weakly_correlated,False
mckp,190272.0,uncorrelated_similar-rnduniform-rnduniform-500-20-9,feasible,518.303408623,500,20,9,100000,uncorrelated_similar,True
compact,112072.0,subset_sum_1000-rnduniform-rnduniform-500-100-0,feasible,0.0130281448364257,500,100,0,1000,subset_sum,True
compact,234975.0,profit_ceiling_1000-rnduniform-rnduniform-1000-20-3,feasible,0.0168061256408691,1000,20,3,1000,profit_ceiling,True
mckp,1043960.0,circle_1000-rnduniform-rnduniform-2000-20-9,feasible,110.233818126,2000,20,9,1000,circle,True
mckp,618056.0,strongly_correlated_10000-rnduniform-rnduniform-200-20-6,feasible,4.13345776,200,20,6,10000,strongly_correlated,True
mckp,2796688.0,span_uncorrelated_10000-rnduniform-rnduniform-500-20-5,feasible,15.078069028,500,20,5,10000,span_uncorrelated,True
compact,4179840.0,uncorrelated_10000-rnduniform-rnduniform-1000-100-9,feasible,0.0496559143066406,1000,100,9,10000,uncorrelated,False
mckp,2632786.0,subset_sum_10000-rnduniform-rnduniform-1000-20-9,feasible,214.884207821,1000,20,9,10000,subset_sum,True
compact,678996.0,almost_strongly_correlated_1000-rnduniform-rnduniform-2000-100-9,feasible,3600.001212120056,2000,100,9,1000,almost_strongly_correlated,False
mckp,28563.0,strongly_correlated_1000-rnduniform-rnduniform-100-20-0,feasible,0.181659948,100,20,0,1000,strongly_correlated,True
compact,560142.0,mstr_10000-rnduniform-rnduniform-200-100-4,feasible,0.0073139667510986,200,100,4,10000,mstr,True
compact,382237.0,uncorrelated_1000-rnduniform-rnduniform-1000-20-1,feasible,0.0327899456024169,1000,20,1,1000,uncorrelated,True
mckp,5414064.0,weakly_correlated_10000-rnduniform-rnduniform-2000-100-5,feasible,96.296303691,2000,100,5,10000,weakly_correlated,True
compact,49626.0,subset_sum_1000-rnduniform-rnduniform-200-20-6,feasible,0.0041038990020751,200,20,6,1000,subset_sum,True
mckp,9930528.0,span_uncorrelated_10000-rnduniform-rnduniform-2000-20-7,feasible,392.125366136,2000,20,7,10000,span_uncorrelated,True
compact,1047773.0,span_strongly_correlated_1000-rnduniform-rnduniform-2000-20-7,feasible,3600.0011711120605,2000,20,7,1000,span_strongly_correlated,False
compact,2772520.0,inverse_strongly_correlated_10000-rnduniform-rnduniform-1000-20-9,feasible,3600.000864982605,1000,20,9,10000,inverse_strongly_correlated,False
compact,113601.0,subset_sum_1000-rnduniform-rnduniform-500-20-3,feasible,0.0081219673156738,500,20,3,1000,subset_sum,True
compact,1025732.0,circle_1000-rnduniform-rnduniform-2000-100-8,feasible,0.8142659664154053,2000,100,8,1000,circle,False
mckp,2268165.0,profit_ceiling_10000-rnduniform-rnduniform-1000-100-0,feasible,24.383584736,1000,100,0,10000,profit_ceiling,True
mckp,959320.0,circle_1000-rnduniform-rnduniform-2000-20-3,feasible,144.592058543,2000,20,3,1000,circle,True
mckp,99424.0,span_uncorrelated_1000-rnduniform-rnduniform-500-20-5,feasible,1.528093579,500,20,5,1000,span_uncorrelated,True
mckp,19515.0,mstr_1000-rnduniform-rnduniform-50-20-6,feasible,0.091484414,50,20,6,1000,mstr,True
mckp,73474.0,uncorrelated_1000-rnduniform-rnduniform-200-20-0,feasible,0.367661937,200,20,0,1000,uncorrelated,True
mckp,27426.0,inverse_strongly_correlated_1000-rnduniform-rnduniform-100-20-5,feasible,0.170569357,100,20,5,1000,inverse_strongly_correlated,True
compact,2675040.0,profit_ceiling_10000-rnduniform-rnduniform-1000-20-8,feasible,0.0416209697723388,1000,20,8,10000,profit_ceiling,False
mckp,60789.0,span_weakly_correlated_1000-rnduniform-rnduniform-500-20-0,feasible,1.525083749,500,20,0,1000,span_weakly_correlated,True
compact,191534.0,uncorrelated_similar-rnduniform-rnduniform-500-20-7,feasible,0.009200096130371,500,20,7,100000,uncorrelated_similar,True
mckp,5491094.0,mstr_10000-rnduniform-rnduniform-2000-100-7,feasible,75.684593945,2000,100,7,10000,mstr,True
mckp,4300966.0,uncorrelated_10000-rnduniform-rnduniform-1000-20-6,feasible,752.092341368,1000,20,6,10000,uncorrelated,True
compact,845179.0,mstr_1000-rnduniform-rnduniform-2000-100-9,feasible,44.11282706260681,2000,100,9,1000,mstr,False
compact,43612.0,span_uncorrelated_1000-rnduniform-rnduniform-1000-100-8,feasible,0.0467000007629394,1000,100,8,1000,span_uncorrelated,True
mckp,153221.0,strongly_correlated_10000-rnduniform-rnduniform-50-20-9,feasible,1.183680344,50,20,9,10000,strongly_correlated,True
mckp,131045.0,weakly_correlated_1000-rnduniform-rnduniform-500-20-4,feasible,9.997684145,500,20,4,1000,weakly_correlated,True
mckp,5690279.0,span_strongly_correlated_10000-rnduniform-rnduniform-2000-100-0,feasible,66.288829389,2000,100,0,10000,span_strongly_correlated,True
mckp,206966.0,uncorrelated_1000-rnduniform-rnduniform-500-20-9,feasible,5.6357170000000005,500,20,9,1000,uncorrelated,True
compact,263257.0,inverse_strongly_correlated_1000-rnduniform-rnduniform-1000-100-6,feasible,0.6350119113922119,1000,100,6,1000,inverse_strongly_correlated,True
compact,378450.0,span_strongly_correlated_1000-rnduniform-rnduniform-1000-20-9,feasible,0.007296085357666,1000,20,9,1000,span_strongly_correlated,True
compact,122021.0,inverse_strongly_correlated_1000-rnduniform-rnduniform-500-20-1,feasible,3600.000946044922,500,20,1,1000,inverse_strongly_correlated,False
compact,49824.0,inverse_strongly_correlated_1000-rnduniform-rnduniform-200-20-3,feasible,0.0458898544311523,200,20,3,1000,inverse_strongly_correlated,True
compact,254884.0,inverse_strongly_correlated_1000-rnduniform-rnduniform-1000-100-4,feasible,0.6598970890045166,1000,100,4,1000,inverse_strongly_correlated,True
mckp,24672.0,span_strongly_correlated_1000-rnduniform-rnduniform-200-100-3,feasible,0.067544857,200,100,3,1000,span_strongly_correlated,True
mckp,49119.0,span_uncorrelated_1000-rnduniform-rnduniform-200-20-2,feasible,0.379181067,200,20,2,1000,span_uncorrelated,True
compact,263644.0,span_strongly_correlated_1000-rnduniform-rnduniform-500-20-8,feasible,3600.000513076782,500,20,8,1000,span_strongly_correlated,False
compact,487516.9999999999,mstr_10000-rnduniform-rnduniform-200-20-4,feasible,0.4367580413818359,200,20,4,10000,mstr,True
mckp,2377040.0,mstr_10000-rnduniform-rnduniform-1000-20-0,feasible,330.88192145799997,1000,20,0,10000,mstr,True
mckp,480609.0,subset_sum_10000-rnduniform-rnduniform-200-20-6,feasible,5.657529484,200,20,6,10000,subset_sum,True
compact,537421.0,almost_strongly_correlated_10000-rnduniform-rnduniform-200-100-0,feasible,0.0357460975646972,200,100,0,10000,almost_strongly_correlated,True
mckp,285740.0,almost_strongly_correlated_1000-rnduniform-rnduniform-1000-100-1,feasible,1.473927878,1000,100,1,1000,almost_strongly_correlated,True
compact,6859385.0,strongly_correlated_10000-rnduniform-rnduniform-2000-100-9,feasible,3600.0014939308167,2000,100,9,10000,strongly_correlated,False
mckp,297725.0,weakly_correlated_1000-rnduniform-rnduniform-1000-100-9,feasible,1.634075411,1000,100,9,1000,weakly_correlated,True
compact,850343.0,uncorrelated_1000-rnduniform-rnduniform-2000-20-9,feasible,0.0355792045593261,2000,20,9,1000,uncorrelated,True
mckp,314840.0,span_uncorrelated_1000-rnduniform-rnduniform-1000-20-6,feasible,18.690488779,1000,20,6,1000,span_uncorrelated,True
mckp,30460.0,span_weakly_correlated_1000-rnduniform-rnduniform-100-20-2,feasible,0.257292065,100,20,2,1000,span_weakly_correlated,True
mckp,579474.0,mstr_10000-rnduniform-rnduniform-200-20-7,feasible,3.7419125,200,20,7,10000,mstr,True
mckp,612648.0,strongly_correlated_1000-rnduniform-rnduniform-2000-20-3,feasible,113.998274686,2000,20,3,1000,strongly_correlated,True
compact,180739.0,mstr_1000-rnduniform-rnduniform-500-100-1,feasible,0.0386910438537597,500,100,1,1000,mstr,True
compact,206966.0,uncorrelated_1000-rnduniform-rnduniform-500-20-9,feasible,0.0297000408172607,500,20,9,1000,uncorrelated,True
mckp,193453.0,span_weakly_correlated_1000-rnduniform-rnduniform-2000-100-1,feasible,2.815676271,2000,100,1,1000,span_weakly_correlated,True
compact,286863.0,weakly_correlated_10000-rnduniform-rnduniform-100-20-9,feasible,0.0424640178680419,100,20,9,10000,weakly_correlated,True
mckp,1815283.0,span_weakly_correlated_10000-rnduniform-rnduniform-1000-100-9,feasible,18.670422891,1000,100,9,10000,span_weakly_correlated,True
compact,748572.0,span_strongly_correlated_10000-rnduniform-rnduniform-200-20-2,feasible,1.597700834274292,200,20,2,10000,span_strongly_correlated,True
compact,822522.0,uncorrelated_1000-rnduniform-rnduniform-2000-100-7,feasible,0.0915238857269287,2000,100,7,1000,uncorrelated,True
mckp,475592.0,circle_1000-rnduniform-rnduniform-1000-20-3,feasible,31.499096048,1000,20,3,1000,circle,True
mckp,448498.0,circle_10000-rnduniform-rnduniform-100-20-2,feasible,2.509675973,100,20,2,10000,circle,True
compact,69088.0,mstr_1000-rnduniform-rnduniform-200-100-0,feasible,0.0036051273345947,200,100,0,1000,mstr,True
compact,3265582.0,almost_strongly_correlated_10000-rnduniform-rnduniform-1000-20-7,feasible,0.1844909191131591,1000,20,7,10000,almost_strongly_correlated,False
mckp,45995.0,span_weakly_correlated_1000-rnduniform-rnduniform-100-20-9,feasible,0.412220217,100,20,9,1000,span_weakly_correlated,True
compact,33871.0,uncorrelated_1000-rnduniform-rnduniform-100-20-0,feasible,0.0052499771118164,100,20,0,1000,uncorrelated,True
compact,1031904.0,span_uncorrelated_1000-rnduniform-rnduniform-2000-100-8,feasible,3600.0021080970764,2000,100,8,1000,span_uncorrelated,False
compact,833552.0,mstr_1000-rnduniform-rnduniform-2000-100-7,feasible,3600.0012061595917,2000,100,7,1000,mstr,False
compact,82811.0,circle_1000-rnduniform-rnduniform-200-20-0,feasible,0.1567339897155761,200,20,0,1000,circle,True
compact,660451.0,almost_strongly_correlated_1000-rnduniform-rnduniform-2000-20-8,feasible,0.0909690856933593,2000,20,8,1000,almost_strongly_correlated,False
mckp,570023.0,inverse_strongly_correlated_1000-rnduniform-rnduniform-2000-100-9,feasible,15.846272693,2000,100,9,1000,inverse_strongly_correlated,True
mckp,435832.0,inverse_strongly_correlated_10000-rnduniform-rnduniform-200-100-3,feasible,4.797257547,200,100,3,10000,inverse_strongly_correlated,True
compact,1085480.0001817094,span_strongly_correlated_10000-rnduniform-rnduniform-500-20-9,feasible,0.2910139560699463,500,20,9,10000,span_strongly_correlated,True
compact,355812.0,uncorrelated_similar-rnduniform-rnduniform-1000-20-1,feasible,0.0221049785614013,1000,20,1,100000,uncorrelated_similar,True
mckp,30687.0,strongly_correlated_1000-rnduniform-rnduniform-100-20-6,feasible,0.178673735,100,20,6,1000,strongly_correlated,True
mckp,1457107.0,strongly_correlated_10000-rnduniform-rnduniform-500-20-3,feasible,68.503338542,500,20,3,10000,strongly_correlated,True
compact,892478.9999999962,circle_1000-rnduniform-rnduniform-2000-100-1,feasible,1.222959041595459,2000,100,1,1000,circle,False
mckp,6232017.0,almost_strongly_correlated_10000-rnduniform-rnduniform-2000-20-4,feasible,2932.0302735550003,2000,20,4,10000,almost_strongly_correlated,True
mckp,244188.0,inverse_strongly_correlated_1000-rnduniform-rnduniform-1000-100-2,feasible,1.761989612,1000,100,2,1000,inverse_strongly_correlated,True
compact,1455195.0,weakly_correlated_10000-rnduniform-rnduniform-500-20-8,feasible,0.0628249645233154,500,20,8,10000,weakly_correlated,True
compact,406615.0,span_strongly_correlated_1000-rnduniform-rnduniform-2000-100-0,feasible,3600.0013930797577,2000,100,0,1000,span_strongly_correlated,False
mckp,259053.0,profit_ceiling_1000-rnduniform-rnduniform-1000-20-7,feasible,29.12323159,1000,20,7,1000,profit_ceiling,True
mckp,2237272.0,circle_10000-rnduniform-rnduniform-500-100-4,feasible,12.268093178,500,100,4,10000,circle,True
mckp,368093.0,uncorrelated_similar-rnduniform-rnduniform-1000-20-4,feasible,1152.05918177,1000,20,4,100000,uncorrelated_similar,True
compact,61374.0,strongly_correlated_1000-rnduniform-rnduniform-200-20-3,feasible,0.0542521476745605,200,20,3,1000,strongly_correlated,True
compact,2598150.0,subset_sum_10000-rnduniform-rnduniform-1000-20-8,feasible,0.0114679336547851,1000,20,8,10000,subset_sum,True
mckp,4208400.0,span_uncorrelated_10000-rnduniform-rnduniform-1000-20-7,feasible,98.453627794,1000,20,7,10000,span_uncorrelated,True
compact,317464.0,strongly_correlated_1000-rnduniform-rnduniform-1000-100-6,feasible,0.2178521156311035,1000,100,6,1000,strongly_correlated,True
mckp,241659.0,circle_1000-rnduniform-rnduniform-500-20-5,feasible,4.327510712,500,20,5,1000,circle,True
compact,498294.0,mstr_10000-rnduniform-rnduniform-200-20-2,feasible,0.0648670196533203,200,20,2,10000,mstr,True
mckp,559438.0,span_weakly_correlated_1000-rnduniform-rnduniform-1000-20-7,feasible,22.166407026,1000,20,7,1000,span_weakly_correlated,True
compact,141619.0,strongly_correlated_10000-rnduniform-rnduniform-50-20-6,feasible,0.0348451137542724,50,20,6,10000,strongly_correlated,True
mckp,137658.0,profit_ceiling_1000-rnduniform-rnduniform-500-20-9,feasible,6.266935336,500,20,9,1000,profit_ceiling,True
compact,3906961.0,uncorrelated_10000-rnduniform-rnduniform-1000-20-5,feasible,0.025270938873291,1000,20,5,10000,uncorrelated,False
mckp,808522.0,mstr_1000-rnduniform-rnduniform-2000-100-5,feasible,13.35138141,2000,100,5,1000,mstr,True
compact,4788749.0,circle_10000-rnduniform-rnduniform-1000-20-4,feasible,42.40447998046875,1000,20,4,10000,circle,False
compact,3080607.0,almost_strongly_correlated_10000-rnduniform-rnduniform-1000-100-4,feasible,1.8856470584869385,1000,100,4,10000,almost_strongly_correlated,False
compact,286332.0,weakly_correlated_1000-rnduniform-rnduniform-1000-20-8,feasible,0.1170668601989746,1000,20,8,1000,weakly_correlated,True
mckp,469427.0,subset_sum_1000-rnduniform-rnduniform-2000-20-2,feasible,66.29887204900001,2000,20,2,1000,subset_sum,True
compact,2351094.0,span_strongly_correlated_10000-rnduniform-rnduniform-1000-20-2,feasible,3600.0008749961853,1000,20,2,10000,span_strongly_correlated,False
mckp,201270.0,uncorrelated_1000-rnduniform-rnduniform-500-20-7,feasible,4.921705831,500,20,7,1000,uncorrelated,True
mckp,262515.0,span_uncorrelated_1000-rnduniform-rnduniform-2000-100-6,feasible,10.302784847,2000,100,6,1000,span_uncorrelated,True
compact,419707.0,circle_10000-rnduniform-rnduniform-100-20-1,feasible,0.0232219696044921,100,20,1,10000,circle,True
mckp,344301.0,uncorrelated_similar-rnduniform-rnduniform-1000-20-0,feasible,1063.508951372,1000,20,0,100000,uncorrelated_similar,True
compact,1191471.0,span_weakly_correlated_10000-rnduniform-rnduniform-500-20-0,feasible,3600.0008029937744,500,20,0,10000,span_weakly_correlated,False
compact,374383.0,uncorrelated_similar-rnduniform-rnduniform-1000-20-7,feasible,0.0273718833923339,1000,20,7,100000,uncorrelated_similar,True
mckp,754427.0,mstr_1000-rnduniform-rnduniform-2000-20-1,feasible,135.780501314,2000,20,1,1000,mstr,True
mckp,30303.0,strongly_correlated_1000-rnduniform-rnduniform-100-20-5,feasible,0.246686725,100,20,5,1000,strongly_correlated,True
compact,1346978.0,inverse_strongly_correlated_10000-rnduniform-rnduniform-500-20-9,feasible,3600.0005419254303,500,20,9,10000,inverse_strongly_correlated,False
mckp,2448969.0,profit_ceiling_10000-rnduniform-rnduniform-1000-100-6,feasible,17.795362374,1000,100,6,10000,profit_ceiling,True
mckp,2602047.0,span_uncorrelated_10000-rnduniform-rnduniform-500-20-9,feasible,18.045684139,500,20,9,10000,span_uncorrelated,True
mckp,2323682.0,circle_10000-rnduniform-rnduniform-500-20-2,feasible,45.375486798,500,20,2,10000,circle,True
compact,792932.0,uncorrelated_1000-rnduniform-rnduniform-2000-20-2,feasible,0.0440578460693359,2000,20,2,1000,uncorrelated,False
mckp,181946.0,span_weakly_correlated_10000-rnduniform-rnduniform-100-20-3,feasible,1.655843344,100,20,3,10000,span_weakly_correlated,True
mckp,712427.0,uncorrelated_similar-rnduniform-rnduniform-2000-20-2,feasible,6199.756338533,2000,20,2,100000,uncorrelated_similar,False
compact,223891.0,subset_sum_1000-rnduniform-rnduniform-1000-100-0,feasible,0.0164670944213867,1000,100,0,1000,subset_sum,True
compact,462510.0,span_weakly_correlated_10000-rnduniform-rnduniform-100-20-7,feasible,0.2478668689727783,100,20,7,10000,span_weakly_correlated,True
compact,5208670.0,mstr_10000-rnduniform-rnduniform-2000-100-5,feasible,72.4180269241333,2000,100,5,10000,mstr,False
mckp,513010.0,subset_sum_10000-rnduniform-rnduniform-200-20-3,feasible,6.135918760999999,200,20,3,10000,subset_sum,True
compact,726101.0,uncorrelated_10000-rnduniform-rnduniform-200-20-0,feasible,0.0296258926391601,200,20,0,10000,uncorrelated,True
mckp,178447.0,uncorrelated_similar-rnduniform-rnduniform-500-20-0,feasible,342.564327131,500,20,0,100000,uncorrelated_similar,True
compact,401511.0,mstr_1000-rnduniform-rnduniform-1000-100-7,feasible,0.1445090770721435,1000,100,7,1000,mstr,True
mckp,509003.0,span_strongly_correlated_10000-rnduniform-rnduniform-100-20-7,feasible,4.807504615,100,20,7,10000,span_strongly_correlated,True
mckp,767180.0,uncorrelated_similar-rnduniform-rnduniform-2000-100-7,feasible,1098.475476131,2000,100,7,100000,uncorrelated_similar,True
compact,273846.0,inverse_strongly_correlated_1000-rnduniform-rnduniform-1000-100-7,feasible,20.90735983848572,1000,100,7,1000,inverse_strongly_correlated,True
mckp,776390.0,span_strongly_correlated_1000-rnduniform-rnduniform-2000-100-4,feasible,8.564709203000001,2000,100,4,1000,span_strongly_correlated,True
mckp,1273255.0,span_weakly_correlated_10000-rnduniform-rnduniform-500-20-7,feasible,17.585385386000002,500,20,7,10000,span_weakly_correlated,True
mckp,42306.0,profit_ceiling_1000-rnduniform-rnduniform-200-20-0,feasible,0.265337253,200,20,0,1000,profit_ceiling,True
mckp,488913.0,profit_ceiling_1000-rnduniform-rnduniform-2000-20-4,feasible,149.79109433099998,2000,20,4,1000,profit_ceiling,True
mckp,477266.0,inverse_strongly_correlated_10000-rnduniform-rnduniform-200-20-2,feasible,5.7313516490000005,200,20,2,10000,inverse_strongly_correlated,True
mckp,2642101.0,weakly_correlated_10000-rnduniform-rnduniform-1000-20-5,feasible,459.813859969,1000,20,5,10000,weakly_correlated,True
compact,2364477.0,profit_ceiling_10000-rnduniform-rnduniform-1000-100-3,feasible,3600.000710964203,1000,100,3,10000,profit_ceiling,False
compact,113666.0,subset_sum_1000-rnduniform-rnduniform-500-20-0,feasible,0.0070002079010009,500,20,0,1000,subset_sum,True
mckp,35085.0,uncorrelated_1000-rnduniform-rnduniform-100-20-8,feasible,0.197987145,100,20,8,1000,uncorrelated,True
compact,50879.0,inverse_strongly_correlated_1000-rnduniform-rnduniform-200-20-4,feasible,0.738041877746582,200,20,4,1000,inverse_strongly_correlated,True
compact,5537705.0,inverse_strongly_correlated_10000-rnduniform-rnduniform-2000-20-8,feasible,3600.002053976059,2000,20,8,10000,inverse_strongly_correlated,False
mckp,1019861.0,circle_1000-rnduniform-rnduniform-2000-20-7,feasible,156.415241385,2000,20,7,1000,circle,True
mckp,7802553.0,uncorrelated_10000-rnduniform-rnduniform-2000-100-3,feasible,74.73055375,2000,100,3,10000,uncorrelated,True
compact,665114.0,almost_strongly_correlated_1000-rnduniform-rnduniform-2000-100-7,feasible,33.938584089279175,2000,100,7,1000,almost_strongly_correlated,False
compact,841007.0,mstr_1000-rnduniform-rnduniform-2000-100-8,feasible,3600.001880168915,2000,100,8,1000,mstr,False
compact,216857.0,span_strongly_correlated_1000-rnduniform-rnduniform-1000-100-2,feasible,3600.000685930252,1000,100,2,1000,span_strongly_correlated,False
mckp,4179840.0,uncorrelated_10000-rnduniform-rnduniform-1000-100-9,feasible,17.698303367,1000,100,9,10000,uncorrelated,True
compact,44845.0,inverse_strongly_correlated_1000-rnduniform-rnduniform-200-100-1,feasible,0.0020170211791992,200,100,1,1000,inverse_strongly_correlated,True
mckp,9373832.0,circle_10000-rnduniform-rnduniform-2000-100-3,feasible,89.854894592,2000,100,3,10000,circle,True
compact,294276.0,weakly_correlated_1000-rnduniform-rnduniform-1000-20-9,feasible,0.0238561630249023,1000,20,9,1000,weakly_correlated,True
mckp,778239.0,span_uncorrelated_1000-rnduniform-rnduniform-2000-100-2,feasible,11.480094983,2000,100,2,1000,span_uncorrelated,True
mckp,3924772.0,span_strongly_correlated_10000-rnduniform-rnduniform-2000-100-9,feasible,32.150272193999996,2000,100,9,10000,span_strongly_correlated,True
mckp,44792.0,span_weakly_correlated_1000-rnduniform-rnduniform-200-20-3,feasible,0.3980731779999999,200,20,3,1000,span_weakly_correlated,True
compact,2384878.0,subset_sum_10000-rnduniform-rnduniform-1000-100-3,feasible,0.0088789463043212,1000,100,3,10000,subset_sum,True
mckp,347187.0,span_uncorrelated_1000-rnduniform-rnduniform-1000-100-1,feasible,0.963455316,1000,100,1,1000,span_uncorrelated,True
compact,515127.0,subset_sum_1000-rnduniform-rnduniform-2000-20-7,feasible,0.0149970054626464,2000,20,7,1000,subset_sum,True
mckp,185214.0,uncorrelated_1000-rnduniform-rnduniform-500-20-0,feasible,4.375399119,500,20,0,1000,uncorrelated,True
compact,8015197.0,uncorrelated_10000-rnduniform-rnduniform-2000-100-6,feasible,0.2085590362548828,2000,100,6,10000,uncorrelated,True
compact,305220.0,strongly_correlated_1000-rnduniform-rnduniform-1000-20-3,feasible,3600.000655889511,1000,20,3,1000,strongly_correlated,False
compact,130942.0,span_strongly_correlated_10000-rnduniform-rnduniform-50-20-3,feasible,0.0131537914276123,50,20,3,10000,span_strongly_correlated,True
mckp,5038695.0,profit_ceiling_10000-rnduniform-rnduniform-2000-100-5,feasible,96.679799568,2000,100,5,10000,profit_ceiling,True
mckp,512558.0,inverse_strongly_correlated_1000-rnduniform-rnduniform-2000-20-4,feasible,162.625506999,2000,20,4,1000,inverse_strongly_correlated,True
mckp,497463.0,profit_ceiling_10000-rnduniform-rnduniform-200-20-5,feasible,3.683302429,200,20,5,10000,profit_ceiling,True
compact,184023.0,mstr_1000-rnduniform-rnduniform-500-20-2,feasible,79.68055200576782,500,20,2,1000,mstr,True
mckp,8342152.0,span_uncorrelated_10000-rnduniform-rnduniform-2000-100-2,feasible,119.610445152,2000,100,2,10000,span_uncorrelated,True
mckp,32972.0,almost_strongly_correlated_1000-rnduniform-rnduniform-100-20-5,feasible,0.191398124,100,20,5,1000,almost_strongly_correlated,True
compact,2580575.0,subset_sum_10000-rnduniform-rnduniform-1000-20-7,feasible,0.0097980499267578,1000,20,7,10000,subset_sum,True
compact,3253190.0,strongly_correlated_10000-rnduniform-rnduniform-1000-20-9,feasible,3600.001326084137,1000,20,9,10000,strongly_correlated,False
mckp,1251182.0,mstr_10000-rnduniform-rnduniform-500-20-4,feasible,47.366709572,500,20,4,10000,mstr,True
mckp,55118.0,subset_sum_1000-rnduniform-rnduniform-200-20-8,feasible,0.373899281,200,20,8,1000,subset_sum,True
mckp,114789.0,span_weakly_correlated_1000-rnduniform-rnduniform-1000-100-6,feasible,1.155966456,1000,100,6,1000,span_weakly_correlated,True
mckp,357528.0,uncorrelated_1000-rnduniform-rnduniform-1000-100-0,feasible,1.524240636,1000,100,0,1000,uncorrelated,True
mckp,44845.0,inverse_strongly_correlated_1000-rnduniform-rnduniform-200-100-1,feasible,0.400926949,200,100,1,1000,inverse_strongly_correlated,True
compact,1270154.0,subset_sum_10000-rnduniform-rnduniform-500-20-5,feasible,0.0099689960479736,500,20,5,10000,subset_sum,True
compact,1400839.0,weakly_correlated_10000-rnduniform-rnduniform-500-20-5,feasible,0.0390291213989257,500,20,5,10000,weakly_correlated,False
mckp,253118.0,mstr_10000-rnduniform-rnduniform-100-20-5,feasible,2.976462122,100,20,5,10000,mstr,True
compact,2323682.0,circle_10000-rnduniform-rnduniform-500-20-2,feasible,0.1137139797210693,500,20,2,10000,circle,True
compact,971342.0,circle_1000-rnduniform-rnduniform-2000-20-4,feasible,0.4184539318084717,2000,20,4,1000,circle,False
mckp,498294.0,mstr_10000-rnduniform-rnduniform-200-20-2,feasible,5.472397563,200,20,2,10000,mstr,True
mckp,2362101.0,profit_ceiling_10000-rnduniform-rnduniform-1000-20-4,feasible,280.67385065,1000,20,4,10000,profit_ceiling,True
mckp,74651.0,uncorrelated_similar-rnduniform-rnduniform-200-20-5,feasible,109.70410676,200,20,5,100000,uncorrelated_similar,True
compact,3218537.0,span_uncorrelated_10000-rnduniform-rnduniform-500-20-2,feasible,0.1244368553161621,500,20,2,10000,span_uncorrelated,True
mckp,2665958.0,inverse_strongly_correlated_10000-rnduniform-rnduniform-1000-100-5,feasible,27.204445723000003,1000,100,5,10000,inverse_strongly_correlated,True
mckp,4726922.0,subset_sum_10000-rnduniform-rnduniform-2000-20-3,feasible,544.0081236240001,2000,20,3,10000,subset_sum,True
compact,1019861.0,circle_1000-rnduniform-rnduniform-2000-20-7,feasible,2325.5850570201874,2000,20,7,1000,circle,False
compact,488774.0,span_uncorrelated_1000-rnduniform-rnduniform-1000-20-4,feasible,0.0184478759765625,1000,20,4,1000,span_uncorrelated,True
compact,4759692.0,span_strongly_correlated_10000-rnduniform-rnduniform-2000-20-1,feasible,0.0105118751525878,2000,20,1,10000,span_strongly_correlated,True
mckp,223902.0,profit_ceiling_1000-rnduniform-rnduniform-1000-500-0,feasible,1.301237298,1000,500,0,1000,profit_ceiling,True
mckp,4782816.0,circle_10000-rnduniform-rnduniform-1000-100-5,feasible,17.921867962,1000,100,5,10000,circle,True
compact,604382.0,almost_strongly_correlated_1000-rnduniform-rnduniform-2000-20-2,feasible,2803.1312460899353,2000,20,2,1000,almost_strongly_correlated,False
mckp,546390.0,inverse_strongly_correlated_10000-rnduniform-rnduniform-200-20-8,feasible,4.3343444909999995,200,20,8,10000,inverse_strongly_correlated,True
compact,1635541.0,span_uncorrelated_10000-rnduniform-rnduniform-500-20-3,feasible,0.0322968959808349,500,20,3,10000,span_uncorrelated,True
compact,4054045.0,uncorrelated_10000-rnduniform-rnduniform-1000-20-7,feasible,0.0344469547271728,1000,20,7,10000,uncorrelated,True
mckp,419707.0,circle_10000-rnduniform-rnduniform-100-20-1,feasible,2.068622908,100,20,1,10000,circle,True
compact,41940.0,inverse_strongly_correlated_1000-rnduniform-rnduniform-200-100-0,feasible,0.0019772052764892,200,100,0,1000,inverse_strongly_correlated,True
mckp,1635541.0,span_uncorrelated_10000-rnduniform-rnduniform-500-20-3,feasible,36.639767903,500,20,3,10000,span_uncorrelated,True
mckp,575749.0,strongly_correlated_10000-rnduniform-rnduniform-200-100-4,feasible,4.896134936,200,100,4,10000,strongly_correlated,True
compact,76658.0,mstr_1000-rnduniform-rnduniform-200-20-5,feasible,0.0422160625457763,200,20,5,1000,mstr,True
compact,2383276.0,span_uncorrelated_10000-rnduniform-rnduniform-1000-100-3,feasible,3600.0007331371307,1000,100,3,10000,span_uncorrelated,False
compact,2362101.0,profit_ceiling_10000-rnduniform-rnduniform-1000-20-4,feasible,0.0275242328643798,1000,20,4,10000,profit_ceiling,False
compact,391256.0,span_uncorrelated_1000-rnduniform-rnduniform-500-20-2,feasible,0.4798018932342529,500,20,2,1000,span_uncorrelated,True
compact,2377040.0,mstr_10000-rnduniform-rnduniform-1000-20-0,feasible,3600.0008850097656,1000,20,0,10000,mstr,False
compact,2430771.0,profit_ceiling_10000-rnduniform-rnduniform-1000-100-4,feasible,0.7817380428314209,1000,100,4,10000,profit_ceiling,True
compact,3385461.0,span_uncorrelated_10000-rnduniform-rnduniform-1000-20-6,feasible,2.141019821166992,1000,20,6,10000,span_uncorrelated,True
mckp,3319662.0,span_strongly_correlated_10000-rnduniform-rnduniform-1000-500-1,feasible,24.427155618,1000,500,1,10000,span_strongly_correlated,True
mckp,146495.0,strongly_correlated_1000-rnduniform-rnduniform-500-20-2,feasible,3.5465732539999997,500,20,2,1000,strongly_correlated,True
compact,30272.0,strongly_correlated_1000-rnduniform-rnduniform-100-20-2,feasible,0.0489861965179443,100,20,2,1000,strongly_correlated,True
mckp,513939.0,profit_ceiling_10000-rnduniform-rnduniform-200-20-7,feasible,3.722405567,200,20,7,10000,profit_ceiling,True
compact,2204427.0,circle_10000-rnduniform-rnduniform-500-20-0,feasible,0.4811968803405761,500,20,0,10000,circle,False
mckp,508708.0,span_weakly_correlated_1000-rnduniform-rnduniform-1000-20-9,feasible,13.338531033,1000,20,9,1000,span_weakly_correlated,True
compact,77434.0,uncorrelated_1000-rnduniform-rnduniform-200-20-6,feasible,0.0216219425201416,200,20,6,1000,uncorrelated,True
compact,946485.0,span_strongly_correlated_10000-rnduniform-rnduniform-200-20-3,feasible,3600.0004999637604,200,20,3,10000,span_strongly_correlated,False
compact,1048440.0,span_weakly_correlated_1000-rnduniform-rnduniform-2000-20-9,feasible,3600.0015909671783,2000,20,9,1000,span_weakly_correlated,False
mckp,910737.0,span_uncorrelated_1000-rnduniform-rnduniform-2000-100-7,feasible,9.543120346,2000,100,7,1000,span_uncorrelated,True
compact,6253965.0,almost_strongly_correlated_10000-rnduniform-rnduniform-2000-100-4,feasible,3.904008150100708,2000,100,4,10000,almost_strongly_correlated,False
compact,243866.0,span_uncorrelated_1000-rnduniform-rnduniform-2000-20-2,feasible,0.0159800052642822,2000,20,2,1000,span_uncorrelated,True
mckp,241018.0,weakly_correlated_1000-rnduniform-rnduniform-1000-20-0,feasible,47.399973474,1000,20,0,1000,weakly_correlated,True
mckp,126668.0,weakly_correlated_1000-rnduniform-rnduniform-500-20-2,feasible,5.677800754000001,500,20,2,1000,weakly_correlated,True
mckp,31553.0,almost_strongly_correlated_1000-rnduniform-rnduniform-100-20-9,feasible,0.1771421279999999,100,20,9,1000,almost_strongly_correlated,True
mckp,233118.0,profit_ceiling_10000-rnduniform-rnduniform-100-20-3,feasible,1.960329377,100,20,3,10000,profit_ceiling,True
mckp,4073164.0,uncorrelated_10000-rnduniform-rnduniform-1000-20-4,feasible,649.7546468480001,1000,20,4,10000,uncorrelated,True
mckp,365737.0,mstr_1000-rnduniform-rnduniform-1000-20-0,feasible,32.496800997,1000,20,0,1000,mstr,True
compact,91597.0,span_strongly_correlated_1000-rnduniform-rnduniform-500-20-4,feasible,0.1757059097290039,500,20,4,1000,span_strongly_correlated,True
mckp,715003.0,span_weakly_correlated_10000-rnduniform-rnduniform-200-100-4,feasible,7.3995264,200,100,4,10000,span_weakly_correlated,True
mckp,35405.0,span_strongly_correlated_1000-rnduniform-rnduniform-100-20-7,feasible,0.237749784,100,20,7,1000,span_strongly_correlated,True
compact,289453.0,inverse_strongly_correlated_1000-rnduniform-rnduniform-1000-100-9,feasible,10.249923944473268,1000,100,9,1000,inverse_strongly_correlated,True
compact,425414.0,span_strongly_correlated_1000-rnduniform-rnduniform-1000-20-6,feasible,3600.0009410381317,1000,20,6,1000,span_strongly_correlated,False
mckp,421422.0,span_weakly_correlated_1000-rnduniform-rnduniform-2000-20-5,feasible,65.784381616,2000,20,5,1000,span_weakly_correlated,True
mckp,488185.0,subset_sum_10000-rnduniform-rnduniform-200-100-4,feasible,4.329880187,200,100,4,10000,subset_sum,True
mckp,1263185.0,mstr_10000-rnduniform-rnduniform-500-20-3,feasible,45.527588546,500,20,3,10000,mstr,True
mckp,685363.0,span_strongly_correlated_1000-rnduniform-rnduniform-2000-100-2,feasible,7.440782198,2000,100,2,1000,span_strongly_correlated,True
mckp,2354408.0,subset_sum_10000-rnduniform-rnduniform-1000-100-0,feasible,19.36357299,1000,100,0,10000,subset_sum,True
mckp,346993.0,uncorrelated_10000-rnduniform-rnduniform-100-20-2,feasible,2.893525519,100,20,2,10000,uncorrelated,True
compact,410902.0,uncorrelated_1000-rnduniform-rnduniform-1000-20-5,feasible,0.0825560092926025,1000,20,5,1000,uncorrelated,True
compact,8023166.0,span_strongly_correlated_10000-rnduniform-rnduniform-2000-20-5,feasible,0.2512140274047851,2000,20,5,10000,span_strongly_correlated,True
compact,2512945.0,span_strongly_correlated_10000-rnduniform-rnduniform-2000-20-8,feasible,0.1329739093780517,2000,20,8,10000,span_strongly_correlated,True
mckp,2803472.0,span_strongly_correlated_10000-rnduniform-rnduniform-2000-100-4,feasible,19.703972061,2000,100,4,10000,span_strongly_correlated,True
mckp,292124.0,span_strongly_correlated_1000-rnduniform-rnduniform-2000-20-6,feasible,19.1291865,2000,20,6,1000,span_strongly_correlated,True
mckp,3276305.0,strongly_correlated_10000-rnduniform-rnduniform-1000-20-8,feasible,194.336346259,1000,20,8,10000,strongly_correlated,True
mckp,14884.0,span_weakly_correlated_1000-rnduniform-rnduniform-50-20-0,feasible,0.124040049,50,20,0,1000,span_weakly_correlated,True
compact,776390.0,span_strongly_correlated_1000-rnduniform-rnduniform-2000-100-4,feasible,3600.0016388893127,2000,100,4,1000,span_strongly_correlated,False
mckp,3284031.0,strongly_correlated_10000-rnduniform-rnduniform-1000-100-9,feasible,21.947765633,1000,100,9,10000,strongly_correlated,True
compact,336420.0,span_weakly_correlated_1000-rnduniform-rnduniform-2000-20-3,feasible,0.1084160804748535,2000,20,3,1000,span_weakly_correlated,True
mckp,153825.0,span_strongly_correlated_1000-rnduniform-rnduniform-500-20-7,feasible,2.9308417220000003,500,20,7,1000,span_strongly_correlated,True
mckp,2030539.0,uncorrelated_10000-rnduniform-rnduniform-500-20-7,feasible,56.648201192,500,20,7,10000,uncorrelated,True
mckp,457330.0,subset_sum_1000-rnduniform-rnduniform-2000-100-2,feasible,11.575698385,2000,100,2,1000,subset_sum,True
compact,250790.0,weakly_correlated_10000-rnduniform-rnduniform-100-20-2,feasible,0.0099618434906005,100,20,2,10000,weakly_correlated,True
compact,3127743.0,almost_strongly_correlated_10000-rnduniform-rnduniform-1000-100-6,feasible,0.8656449317932129,1000,100,6,10000,almost_strongly_correlated,False
mckp,739434.0,span_weakly_correlated_10000-rnduniform-rnduniform-200-20-2,feasible,5.307419991,200,20,2,10000,span_weakly_correlated,True
compact,72895.0,span_strongly_correlated_1000-rnduniform-rnduniform-200-20-8,feasible,0.0233471393585205,200,20,8,1000,span_strongly_correlated,True
mckp,2296346.0,subset_sum_10000-rnduniform-rnduniform-1000-20-1,feasible,185.900979387,1000,20,1,10000,subset_sum,True
compact,481690.0,inverse_strongly_correlated_1000-rnduniform-rnduniform-2000-20-1,feasible,0.0423259735107421,2000,20,1,1000,inverse_strongly_correlated,True
mckp,2466282.0,subset_sum_10000-rnduniform-rnduniform-1000-100-5,feasible,21.654707642,1000,100,5,10000,subset_sum,True
mckp,794272.0,mstr_1000-rnduniform-rnduniform-2000-20-4,feasible,171.321695536,2000,20,4,1000,mstr,True
mckp,2564824.0,circle_10000-rnduniform-rnduniform-500-20-9,feasible,42.991078368,500,20,9,10000,circle,True
compact,3819562.0,span_uncorrelated_10000-rnduniform-rnduniform-1000-20-4,feasible,0.0146012306213378,1000,20,4,10000,span_uncorrelated,True
compact,993088.0,circle_1000-rnduniform-rnduniform-2000-100-6,feasible,9.929292917251589,2000,100,6,1000,circle,False
mckp,276193.0,span_strongly_correlated_1000-rnduniform-rnduniform-500-20-9,feasible,4.597271416,500,20,9,1000,span_strongly_correlated,True
compact,310687.0,span_uncorrelated_1000-rnduniform-rnduniform-1000-500-1,feasible,0.0050680637359619,1000,500,1,1000,span_uncorrelated,True
mckp,555865.0,mstr_10000-rnduniform-rnduniform-200-20-9,feasible,4.465616249,200,20,9,10000,mstr,True
mckp,71690.0,mstr_1000-rnduniform-rnduniform-200-100-2,feasible,0.355697062,200,100,2,1000,mstr,True
mckp,348931.0,span_weakly_correlated_10000-rnduniform-rnduniform-200-20-7,feasible,2.128721989,200,20,7,10000,span_weakly_correlated,True
mckp,553108.0,strongly_correlated_10000-rnduniform-rnduniform-200-20-1,feasible,4.292162069000001,200,20,1,10000,strongly_correlated,True
mckp,3165425.0,almost_strongly_correlated_10000-rnduniform-rnduniform-1000-20-5,feasible,402.045936167,1000,20,5,10000,almost_strongly_correlated,True
mckp,50879.0,inverse_strongly_correlated_1000-rnduniform-rnduniform-200-20-4,feasible,0.374829556,200,20,4,1000,inverse_strongly_correlated,True
compact,49520.0,weakly_correlated_1000-rnduniform-rnduniform-200-20-2,feasible,0.0932819843292236,200,20,2,1000,weakly_correlated,True
mckp,630817.0,strongly_correlated_10000-rnduniform-rnduniform-200-20-5,feasible,9.041887809,200,20,5,10000,strongly_correlated,True
mckp,254884.0,inverse_strongly_correlated_1000-rnduniform-rnduniform-1000-100-4,feasible,3.110558178,1000,100,4,1000,inverse_strongly_correlated,True
compact,488913.0,profit_ceiling_1000-rnduniform-rnduniform-2000-20-4,feasible,3600.001116037369,2000,20,4,1000,profit_ceiling,False
compact,203192.0,span_weakly_correlated_1000-rnduniform-rnduniform-1000-100-2,feasible,0.2412219047546386,1000,100,2,1000,span_weakly_correlated,True
mckp,850343.0,uncorrelated_1000-rnduniform-rnduniform-2000-20-9,feasible,435.118610311,2000,20,9,1000,uncorrelated,True
compact,50502.0,profit_ceiling_1000-rnduniform-rnduniform-200-20-4,feasible,0.0042321681976318,200,20,4,1000,profit_ceiling,True
mckp,525576.0,inverse_strongly_correlated_1000-rnduniform-rnduniform-2000-20-6,feasible,189.231466084,2000,20,6,1000,inverse_strongly_correlated,True
compact,298315.0,strongly_correlated_1000-rnduniform-rnduniform-1000-100-3,feasible,0.4576621055603027,1000,100,3,1000,strongly_correlated,True
mckp,290832.0,strongly_correlated_10000-rnduniform-rnduniform-100-20-3,feasible,2.134591496,100,20,3,10000,strongly_correlated,True
mckp,5076057.0,span_weakly_correlated_10000-rnduniform-rnduniform-2000-20-1,feasible,311.336687643,2000,20,1,10000,span_weakly_correlated,True
compact,28563.0,strongly_correlated_1000-rnduniform-rnduniform-100-20-0,feasible,0.0081689357757568,100,20,0,1000,strongly_correlated,True
mckp,2204427.0,circle_10000-rnduniform-rnduniform-500-20-0,feasible,45.8370596,500,20,0,10000,circle,True
compact,7760304.0,uncorrelated_10000-rnduniform-rnduniform-2000-20-1,feasible,0.0567939281463623,2000,20,1,10000,uncorrelated,False
compact,800125.0,mstr_1000-rnduniform-rnduniform-2000-20-5,feasible,3600.0011961460114,2000,20,5,1000,mstr,False
compact,2394983.0,mstr_10000-rnduniform-rnduniform-1000-20-1,feasible,0.1208009719848632,1000,20,1,10000,mstr,False
mckp,2528201.0,weakly_correlated_10000-rnduniform-rnduniform-1000-20-0,feasible,370.776830176,1000,20,0,10000,weakly_correlated,True
mckp,42197.0,subset_sum_1000-rnduniform-rnduniform-200-20-0,feasible,0.302573903,200,20,0,1000,subset_sum,True
compact,6134588.0,strongly_correlated_10000-rnduniform-rnduniform-2000-20-2,feasible,3600.001384973526,2000,20,2,10000,strongly_correlated,False
mckp,2723841.0,subset_sum_10000-rnduniform-rnduniform-1000-100-8,feasible,17.712387905,1000,100,8,10000,subset_sum,True
compact,888560.0,circle_1000-rnduniform-rnduniform-2000-100-0,feasible,0.6878390312194824,2000,100,0,1000,circle,False
mckp,654915.0,span_weakly_correlated_1000-rnduniform-rnduniform-2000-20-2,feasible,76.672873349,2000,20,2,1000,span_weakly_correlated,True
mckp,3018576.0,span_weakly_correlated_10000-rnduniform-rnduniform-1000-20-7,feasible,75.04539077599999,1000,20,7,10000,span_weakly_correlated,True
mckp,4137964.0,span_strongly_correlated_10000-rnduniform-rnduniform-1000-100-4,feasible,33.62058236,1000,100,4,10000,span_strongly_correlated,True
mckp,37893.0,mstr_1000-rnduniform-rnduniform-100-20-2,feasible,0.177149202,100,20,2,1000,mstr,True
mckp,488774.0,span_uncorrelated_1000-rnduniform-rnduniform-1000-20-4,feasible,23.679343969,1000,20,4,1000,span_uncorrelated,True
compact,3112935.0,span_strongly_correlated_10000-rnduniform-rnduniform-1000-100-3,feasible,3600.0010828971863,1000,100,3,10000,span_strongly_correlated,False
mckp,213010.0,mstr_1000-rnduniform-rnduniform-500-20-9,feasible,5.365271156,500,20,9,1000,mstr,True
compact,4653549.0,profit_ceiling_10000-rnduniform-rnduniform-2000-100-2,feasible,0.0861318111419677,2000,100,2,10000,profit_ceiling,False
mckp,473886.0,profit_ceiling_10000-rnduniform-rnduniform-200-100-2,feasible,6.06537794,200,100,2,10000,profit_ceiling,True
mckp,2294886.0,profit_ceiling_10000-rnduniform-rnduniform-1000-20-3,feasible,374.719600191,1000,20,3,10000,profit_ceiling,True
compact,469675.0,span_strongly_correlated_10000-rnduniform-rnduniform-100-20-5,feasible,0.5955281257629395,100,20,5,10000,span_strongly_correlated,True
mckp,285607.0,strongly_correlated_10000-rnduniform-rnduniform-100-20-6,feasible,1.969142854,100,20,6,10000,strongly_correlated,True
mckp,2507172.0,mstr_10000-rnduniform-rnduniform-1000-100-2,feasible,18.369810606,1000,100,2,10000,mstr,True
compact,573509.0,strongly_correlated_1000-rnduniform-rnduniform-2000-20-0,feasible,3600.001508951187,2000,20,0,1000,strongly_correlated,False
mckp,197325.0,uncorrelated_1000-rnduniform-rnduniform-500-20-2,feasible,6.274070304,500,20,2,1000,uncorrelated,True
mckp,264509.0,weakly_correlated_1000-rnduniform-rnduniform-1000-20-5,feasible,36.186920988,1000,20,5,1000,weakly_correlated,True
mckp,579096.0,weakly_correlated_1000-rnduniform-rnduniform-2000-100-8,feasible,11.614846635,2000,100,8,1000,weakly_correlated,True
compact,157547.9999999996,almost_strongly_correlated_1000-rnduniform-rnduniform-500-20-6,feasible,1.097750186920166,500,20,6,1000,almost_strongly_correlated,True
mckp,73306.0,mstr_1000-rnduniform-rnduniform-200-100-4,feasible,0.286123572,200,100,4,1000,mstr,True
mckp,452121.0,profit_ceiling_1000-rnduniform-rnduniform-2000-100-0,feasible,10.680827025,2000,100,0,1000,profit_ceiling,True
mckp,1208016.0,inverse_strongly_correlated_10000-rnduniform-rnduniform-500-20-3,feasible,59.543858043,500,20,3,10000,inverse_strongly_correlated,True
compact,191290.0,span_uncorrelated_1000-rnduniform-rnduniform-500-20-9,feasible,0.0094249248504638,500,20,9,1000,span_uncorrelated,True
compact,8377680.0,uncorrelated_10000-rnduniform-rnduniform-2000-20-7,feasible,0.0392570495605468,2000,20,7,10000,uncorrelated,True
mckp,48303.0,profit_ceiling_1000-rnduniform-rnduniform-200-100-3,feasible,0.395034528,200,100,3,1000,profit_ceiling,True
mckp,644171.0,almost_strongly_correlated_1000-rnduniform-rnduniform-2000-20-6,feasible,178.91417768699998,2000,20,6,1000,almost_strongly_correlated,True
mckp,457729.0,circle_1000-rnduniform-rnduniform-1000-100-3,feasible,1.493927246,1000,100,3,1000,circle,True
compact,550168.9999999997,almost_strongly_correlated_10000-rnduniform-rnduniform-200-20-0,feasible,0.2070269584655761,200,20,0,10000,almost_strongly_correlated,True
mckp,60637.0,almost_strongly_correlated_1000-rnduniform-rnduniform-200-20-0,feasible,0.562794185,200,20,0,1000,almost_strongly_correlated,True
mckp,732570.0,span_uncorrelated_1000-rnduniform-rnduniform-2000-20-0,feasible,65.357459014,2000,20,0,1000,span_uncorrelated,True
mckp,53415.0,strongly_correlated_1000-rnduniform-rnduniform-200-100-2,feasible,0.394011838,200,100,2,1000,strongly_correlated,True
mckp,264819.0,inverse_strongly_correlated_10000-rnduniform-rnduniform-100-20-4,feasible,3.752297309,100,20,4,10000,inverse_strongly_correlated,True
compact,3721716.0,span_strongly_correlated_10000-rnduniform-rnduniform-1000-20-6,feasible,3600.0007848739624,1000,20,6,10000,span_strongly_correlated,False
mckp,478487.0,subset_sum_1000-rnduniform-rnduniform-2000-100-4,feasible,10.957256734,2000,100,4,1000,subset_sum,True
compact,232978.0,subset_sum_1000-rnduniform-rnduniform-1000-20-2,feasible,0.0085110664367675,1000,20,2,1000,subset_sum,True
compact,491644.0,inverse_strongly_correlated_10000-rnduniform-rnduniform-200-20-1,feasible,0.0846929550170898,200,20,1,10000,inverse_strongly_correlated,True
mckp,99888.0,span_strongly_correlated_1000-rnduniform-rnduniform-200-100-0,feasible,0.7600344019999999,200,100,0,1000,span_strongly_correlated,True
mckp,162959.0,almost_strongly_correlated_1000-rnduniform-rnduniform-500-20-7,feasible,5.743508372,500,20,7,1000,almost_strongly_correlated,True
mckp,5661434.0,weakly_correlated_10000-rnduniform-rnduniform-2000-20-7,feasible,4084.965699685,2000,20,7,10000,weakly_correlated,False
mckp,504768.0,subset_sum_10000-rnduniform-rnduniform-200-100-5,feasible,4.057850709999999,200,100,5,10000,subset_sum,True
compact,3165414.0,almost_strongly_correlated_10000-rnduniform-rnduniform-1000-20-5,feasible,3600.0011858940125,1000,20,5,10000,almost_strongly_correlated,False
compact,732570.0,span_uncorrelated_1000-rnduniform-rnduniform-2000-20-0,feasible,0.0181419849395751,2000,20,0,1000,span_uncorrelated,True
compact,836890.0,circle_10000-rnduniform-rnduniform-200-100-3,feasible,0.0058608055114746,200,100,3,10000,circle,True
mckp,20969.0,span_weakly_correlated_1000-rnduniform-rnduniform-100-20-7,feasible,0.1408454589999999,100,20,7,1000,span_weakly_correlated,True
mckp,47568.0,weakly_correlated_1000-rnduniform-rnduniform-200-20-3,feasible,0.268787769,200,20,3,1000,weakly_correlated,True
compact,3284031.0,strongly_correlated_10000-rnduniform-rnduniform-1000-100-9,feasible,0.1470119953155517,1000,100,9,10000,strongly_correlated,True
mckp,292986.0,almost_strongly_correlated_1000-rnduniform-rnduniform-1000-20-0,feasible,30.481206433,1000,20,0,1000,almost_strongly_correlated,True
mckp,536343.0,profit_ceiling_1000-rnduniform-rnduniform-2000-20-8,feasible,163.66664945000002,2000,20,8,1000,profit_ceiling,True
mckp,999478.0,span_uncorrelated_1000-rnduniform-rnduniform-2000-20-3,feasible,87.480157177,2000,20,3,1000,span_uncorrelated,True
compact,1273255.0,span_weakly_correlated_10000-rnduniform-rnduniform-500-20-7,feasible,3600.0004589557648,500,20,7,10000,span_weakly_correlated,False
mckp,36704.0,uncorrelated_similar-rnduniform-rnduniform-100-20-4,feasible,61.813508242,100,20,4,100000,uncorrelated_similar,True
mckp,581319.0,almost_strongly_correlated_10000-rnduniform-rnduniform-200-20-2,feasible,5.241663018,200,20,2,10000,almost_strongly_correlated,True
compact,4907730.0,inverse_strongly_correlated_10000-rnduniform-rnduniform-2000-20-2,feasible,0.0524590015411376,2000,20,2,10000,inverse_strongly_correlated,False
mckp,595815.0,strongly_correlated_1000-rnduniform-rnduniform-2000-20-2,feasible,102.932156147,2000,20,2,1000,strongly_correlated,True
compact,6231600.0,almost_strongly_correlated_10000-rnduniform-rnduniform-2000-20-4,feasible,3600.001437187195,2000,20,4,10000,almost_strongly_correlated,False
compact,570023.0,inverse_strongly_correlated_1000-rnduniform-rnduniform-2000-100-9,feasible,3600.001415014267,2000,100,9,1000,inverse_strongly_correlated,False
compact,5235272.0,subset_sum_10000-rnduniform-rnduniform-2000-100-7,feasible,0.0313611030578613,2000,100,7,10000,subset_sum,True
mckp,27701.0,almost_strongly_correlated_1000-rnduniform-rnduniform-100-20-4,feasible,0.1725117629999999,100,20,4,1000,almost_strongly_correlated,True
mckp,481756.0,subset_sum_1000-rnduniform-rnduniform-2000-20-4,feasible,51.205551617999994,2000,20,4,1000,subset_sum,True
compact,253803.0,profit_ceiling_1000-rnduniform-rnduniform-1000-100-6,feasible,0.0233881473541259,1000,100,6,1000,profit_ceiling,True
mckp,6379532.0,strongly_correlated_10000-rnduniform-rnduniform-2000-20-6,feasible,1967.1371376,2000,20,6,10000,strongly_correlated,True
compact,2100992.0,uncorrelated_10000-rnduniform-rnduniform-500-20-5,feasible,0.0512161254882812,500,20,5,10000,uncorrelated,True
compact,397023.0,span_weakly_correlated_10000-rnduniform-rnduniform-200-20-1,feasible,0.1581559181213379,200,20,1,10000,span_weakly_correlated,True
mckp,302209.0,almost_strongly_correlated_1000-rnduniform-rnduniform-1000-20-4,feasible,40.672673076,1000,20,4,1000,almost_strongly_correlated,True
mckp,2719006.0,span_strongly_correlated_10000-rnduniform-rnduniform-1000-20-9,feasible,49.448227155,1000,20,9,10000,span_strongly_correlated,True
compact,746501.0,uncorrelated_similar-rnduniform-rnduniform-2000-20-6,feasible,0.0645511150360107,2000,20,6,100000,uncorrelated_similar,True
compact,5149130.0,span_weakly_correlated_10000-rnduniform-rnduniform-2000-100-0,feasible,3600.001949071884,2000,100,0,10000,span_weakly_correlated,False
mckp,588364.0,span_weakly_correlated_1000-rnduniform-rnduniform-2000-20-6,feasible,60.025376189,2000,20,6,1000,span_weakly_correlated,True
mckp,238263.0,profit_ceiling_1000-rnduniform-rnduniform-1000-100-2,feasible,1.6096976790000002,1000,100,2,1000,profit_ceiling,True
mckp,243973.0,span_uncorrelated_1000-rnduniform-rnduniform-1000-20-7,feasible,12.81900554,1000,20,7,1000,span_uncorrelated,True
compact,31048.0,strongly_correlated_1000-rnduniform-rnduniform-100-20-4,feasible,0.0084559917449951,100,20,4,1000,strongly_correlated,False
mckp,4543388.0,circle_10000-rnduniform-rnduniform-1000-20-0,feasible,309.003767669,1000,20,0,10000,circle,True
mckp,1221372.0,mstr_10000-rnduniform-rnduniform-500-20-1,feasible,39.364901297,500,20,1,10000,mstr,True
compact,571502.0,weakly_correlated_1000-rnduniform-rnduniform-2000-20-8,feasible,0.0734250545501709,2000,20,8,1000,weakly_correlated,True
compact,3348210.0,span_strongly_correlated_10000-rnduniform-rnduniform-2000-100-1,feasible,3600.6184351444244,2000,100,1,10000,span_strongly_correlated,False
mckp,8497988.0,uncorrelated_10000-rnduniform-rnduniform-2000-20-9,feasible,3739.003860856,2000,20,9,10000,uncorrelated,False
mckp,2541996.0,span_weakly_correlated_10000-rnduniform-rnduniform-1000-20-1,feasible,74.462904147,1000,20,1,10000,span_weakly_correlated,True
compact,352500.0,span_weakly_correlated_10000-rnduniform-rnduniform-100-20-8,feasible,0.1228499412536621,100,20,8,10000,span_weakly_correlated,True
compact,1625705.0,span_strongly_correlated_10000-rnduniform-rnduniform-500-100-8,feasible,3600.000612020493,500,100,8,10000,span_strongly_correlated,False
mckp,1332555.0,profit_ceiling_10000-rnduniform-rnduniform-500-20-9,feasible,83.38917686500001,500,20,9,10000,profit_ceiling,True
mckp,483655.0,subset_sum_10000-rnduniform-rnduniform-200-20-4,feasible,6.0322773000000005,200,20,4,10000,subset_sum,True
mckp,528554.0,subset_sum_1000-rnduniform-rnduniform-2000-20-8,feasible,50.58386727,2000,20,8,1000,subset_sum,True
compact,5646308.0,inverse_strongly_correlated_10000-rnduniform-rnduniform-2000-20-9,feasible,3600.0012018680573,2000,20,9,10000,inverse_strongly_correlated,False
compact,318386.0,span_weakly_correlated_1000-rnduniform-rnduniform-2000-20-1,feasible,0.0766048431396484,2000,20,1,1000,span_weakly_correlated,True
compact,58867.0,span_weakly_correlated_1000-rnduniform-rnduniform-200-100-1,feasible,0.008591890335083,200,100,1,1000,span_weakly_correlated,True
compact,8846844.0,span_strongly_correlated_10000-rnduniform-rnduniform-2000-100-5,feasible,3600.0011541843414,2000,100,5,10000,span_strongly_correlated,False
mckp,5009269.0,weakly_correlated_10000-rnduniform-rnduniform-2000-20-1,feasible,2230.160056267,2000,20,1,10000,weakly_correlated,True
mckp,142228.0,almost_strongly_correlated_10000-rnduniform-rnduniform-50-20-0,feasible,1.513199642,50,20,0,10000,almost_strongly_correlated,True
compact,47412.0,weakly_correlated_1000-rnduniform-rnduniform-200-100-0,feasible,0.0050668716430664,200,100,0,1000,weakly_correlated,True
compact,892290.0,circle_10000-rnduniform-rnduniform-200-20-1,feasible,0.0724248886108398,200,20,1,10000,circle,False
compact,480609.0,subset_sum_10000-rnduniform-rnduniform-200-20-6,feasible,0.052513837814331,200,20,6,10000,subset_sum,True
mckp,583919.0,span_strongly_correlated_1000-rnduniform-rnduniform-2000-20-2,feasible,55.212655754,2000,20,2,1000,span_strongly_correlated,True
mckp,3819562.0,span_uncorrelated_10000-rnduniform-rnduniform-1000-20-4,feasible,83.940901154,1000,20,4,10000,span_uncorrelated,True
mckp,1179242.0,subset_sum_10000-rnduniform-rnduniform-500-20-0,feasible,41.768425498000006,500,20,0,10000,subset_sum,True
mckp,216857.0,span_strongly_correlated_1000-rnduniform-rnduniform-1000-100-2,feasible,0.8176361040000001,1000,100,2,1000,span_strongly_correlated,True
compact,778239.0,span_uncorrelated_1000-rnduniform-rnduniform-2000-100-2,feasible,3600.0014650821686,2000,100,2,1000,span_uncorrelated,False
mckp,954625.0,circle_1000-rnduniform-rnduniform-2000-100-4,feasible,11.143249853,2000,100,4,1000,circle,True
compact,488185.0,subset_sum_10000-rnduniform-rnduniform-200-100-4,feasible,0.1202991008758544,200,100,4,10000,subset_sum,True
compact,131246.0,subset_sum_1000-rnduniform-rnduniform-500-20-7,feasible,0.0057759284973144,500,20,7,1000,subset_sum,True
compact,372748.0,uncorrelated_1000-rnduniform-rnduniform-1000-100-1,feasible,0.0639369487762451,1000,100,1,1000,uncorrelated,True
mckp,731289.0,uncorrelated_similar-rnduniform-rnduniform-2000-100-4,feasible,1425.76362931,2000,100,4,100000,uncorrelated_similar,True
compact,839639.0,mstr_1000-rnduniform-rnduniform-2000-20-7,feasible,0.1491930484771728,2000,20,7,1000,mstr,False
mckp,355812.0,uncorrelated_similar-rnduniform-rnduniform-1000-20-1,feasible,2300.939166278,1000,20,1,100000,uncorrelated_similar,True
compact,1350336.0,mstr_10000-rnduniform-rnduniform-500-20-8,feasible,0.5863831043243408,500,20,8,10000,mstr,False
mckp,7953386.0,uncorrelated_10000-rnduniform-rnduniform-2000-100-5,feasible,90.126405707,2000,100,5,10000,uncorrelated,True
mckp,748572.0,span_strongly_correlated_10000-rnduniform-rnduniform-200-20-2,feasible,7.172868252,200,20,2,10000,span_strongly_correlated,True
mckp,470656.0,subset_sum_1000-rnduniform-rnduniform-2000-20-3,feasible,52.68112215,2000,20,3,1000,subset_sum,True
mckp,102988.0,circle_1000-rnduniform-rnduniform-200-20-8,feasible,0.314219942,200,20,8,1000,circle,True
mckp,52110.0,inverse_strongly_correlated_1000-rnduniform-rnduniform-200-20-6,feasible,0.439314056,200,20,6,1000,inverse_strongly_correlated,True
mckp,288128.0,span_weakly_correlated_1000-rnduniform-rnduniform-1000-100-8,feasible,1.827469942,1000,100,8,1000,span_weakly_correlated,True
compact,2237272.0,circle_10000-rnduniform-rnduniform-500-100-4,feasible,0.0348517894744873,500,100,4,10000,circle,True
compact,553108.0,strongly_correlated_10000-rnduniform-rnduniform-200-20-1,feasible,0.0795919895172119,200,20,1,10000,strongly_correlated,True
compact,25935.0,weakly_correlated_1000-rnduniform-rnduniform-100-20-2,feasible,0.0217339992523193,100,20,2,1000,weakly_correlated,True
mckp,726101.0,uncorrelated_10000-rnduniform-rnduniform-200-20-0,feasible,3.765096449,200,20,0,10000,uncorrelated,True
mckp,229884.0,subset_sum_1000-rnduniform-rnduniform-1000-20-1,feasible,15.249441518,1000,20,1,1000,subset_sum,True
compact,3873745.0,uncorrelated_10000-rnduniform-rnduniform-1000-20-2,feasible,0.0738930702209472,1000,20,2,10000,uncorrelated,False
mckp,5537705.0,inverse_strongly_correlated_10000-rnduniform-rnduniform-2000-20-8,feasible,4329.902384804,2000,20,8,10000,inverse_strongly_correlated,False
mckp,70526.0,span_weakly_correlated_1000-rnduniform-rnduniform-1000-100-5,feasible,0.125778818,1000,100,5,1000,span_weakly_correlated,True
mckp,5015544.0,subset_sum_10000-rnduniform-rnduniform-2000-100-5,feasible,71.951470076,2000,100,5,10000,subset_sum,True
mckp,4003263.0,uncorrelated_10000-rnduniform-rnduniform-1000-100-7,feasible,24.4863299,1000,100,7,10000,uncorrelated,True
compact,30074.0,span_weakly_correlated_1000-rnduniform-rnduniform-100-20-1,feasible,0.0065970420837402,100,20,1,1000,span_weakly_correlated,True
compact,241018.0,weakly_correlated_1000-rnduniform-rnduniform-1000-20-0,feasible,0.1343410015106201,1000,20,0,1000,weakly_correlated,True
compact,37893.0,mstr_1000-rnduniform-rnduniform-100-20-2,feasible,0.1347560882568359,100,20,2,1000,mstr,True
compact,10139171.0,circle_10000-rnduniform-rnduniform-2000-100-8,feasible,0.3753399848937988,2000,100,8,10000,circle,False
compact,454361.0,span_uncorrelated_1000-rnduniform-rnduniform-1000-100-9,feasible,0.0473971366882324,1000,100,9,1000,span_uncorrelated,True
mckp,26357.0,subset_sum_1000-rnduniform-rnduniform-100-20-4,feasible,0.1884025829999999,100,20,4,1000,subset_sum,True
mckp,574644.0,weakly_correlated_1000-rnduniform-rnduniform-2000-100-7,feasible,10.412052245,2000,100,7,1000,weakly_correlated,True
mckp,424155.0,mstr_1000-rnduniform-rnduniform-1000-20-8,feasible,64.255056896,1000,20,8,1000,mstr,True
mckp,44299.0,circle_1000-rnduniform-rnduniform-100-20-4,feasible,0.194375347,100,20,4,1000,circle,True
compact,240167.0,subset_sum_1000-rnduniform-rnduniform-1000-100-3,feasible,0.0169038772583007,1000,100,3,1000,subset_sum,True
compact,2282054.0,circle_10000-rnduniform-rnduniform-500-20-3,feasible,0.7691359519958496,500,20,3,10000,circle,False
compact,195481.0,uncorrelated_1000-rnduniform-rnduniform-500-20-5,feasible,0.0125620365142822,500,20,5,1000,uncorrelated,True
mckp,2256909.0,profit_ceiling_10000-rnduniform-rnduniform-1000-20-2,feasible,242.09937709,1000,20,2,10000,profit_ceiling,True
mckp,1350336.0,mstr_10000-rnduniform-rnduniform-500-20-8,feasible,52.54885069,500,20,8,10000,mstr,True
compact,45992.0,subset_sum_1000-rnduniform-rnduniform-200-20-1,feasible,0.0050411224365234,200,20,1,1000,subset_sum,True
mckp,8846844.0,span_strongly_correlated_10000-rnduniform-rnduniform-2000-100-5,feasible,107.509432974,2000,100,5,10000,span_strongly_correlated,True
compact,75043.0,mstr_1000-rnduniform-rnduniform-200-20-3,feasible,0.1895391941070556,200,20,3,1000,mstr,True
mckp,93506.0,circle_1000-rnduniform-rnduniform-200-20-5,feasible,0.3251138469999999,200,20,5,1000,circle,True
mckp,247202.0,inverse_strongly_correlated_1000-rnduniform-rnduniform-1000-100-3,feasible,1.976459512,1000,100,3,1000,inverse_strongly_correlated,True
compact,777142.0,uncorrelated_similar-rnduniform-rnduniform-2000-100-9,feasible,0.0433220863342285,2000,100,9,100000,uncorrelated_similar,True
compact,9923162.99999987,circle_10000-rnduniform-rnduniform-2000-100-7,feasible,0.943701982498169,2000,100,7,10000,circle,False
compact,2632786.0,subset_sum_10000-rnduniform-rnduniform-1000-20-9,feasible,0.0115070343017578,1000,20,9,10000,subset_sum,True
mckp,665100.0,span_uncorrelated_1000-rnduniform-rnduniform-1000-20-9,feasible,20.905543661000003,1000,20,9,1000,span_uncorrelated,True
compact,165447.0,almost_strongly_correlated_1000-rnduniform-rnduniform-500-20-8,feasible,0.4788339138031006,500,20,8,1000,almost_strongly_correlated,True
mckp,1163189.0,subset_sum_10000-rnduniform-rnduniform-500-20-2,feasible,34.832911452,500,20,2,10000,subset_sum,True
compact,120714.0,profit_ceiling_1000-rnduniform-rnduniform-500-20-6,feasible,0.0065310001373291,500,20,6,1000,profit_ceiling,True
mckp,4704579.0,inverse_strongly_correlated_10000-rnduniform-rnduniform-2000-20-1,feasible,1018.83287017,2000,20,1,10000,inverse_strongly_correlated,True
compact,47827.0,weakly_correlated_1000-rnduniform-rnduniform-200-100-1,feasible,0.0045289993286132,200,100,1,1000,weakly_correlated,True
compact,235629.0,profit_ceiling_1000-rnduniform-rnduniform-1000-20-2,feasible,0.0086128711700439,1000,20,2,1000,profit_ceiling,True
compact,629507.0,almost_strongly_correlated_1000-rnduniform-rnduniform-2000-20-4,feasible,0.0613410472869873,2000,20,4,1000,almost_strongly_correlated,True
compact,181626.0,span_weakly_correlated_1000-rnduniform-rnduniform-1000-100-4,feasible,4.196630001068115,1000,100,4,1000,span_weakly_correlated,True
compact,794272.0,mstr_1000-rnduniform-rnduniform-2000-20-4,feasible,0.0421481132507324,2000,20,4,1000,mstr,True
compact,500074.0,circle_10000-rnduniform-rnduniform-100-20-9,feasible,0.0098669528961181,100,20,9,10000,circle,True
mckp,33871.0,uncorrelated_1000-rnduniform-rnduniform-100-20-0,feasible,0.160730112,100,20,0,1000,uncorrelated,True
mckp,154355.0,span_uncorrelated_1000-rnduniform-rnduniform-500-20-0,feasible,0.877282706,500,20,0,1000,span_uncorrelated,True
mckp,7733544.0,span_uncorrelated_10000-rnduniform-rnduniform-2000-20-8,feasible,272.500643458,2000,20,8,10000,span_uncorrelated,True
mckp,41129.0,mstr_1000-rnduniform-rnduniform-100-20-8,feasible,0.3099378089999999,100,20,8,1000,mstr,True
compact,81931.0,mstr_1000-rnduniform-rnduniform-200-20-7,feasible,1.523590087890625,200,20,7,1000,mstr,True
compact,3096798.0,strongly_correlated_10000-rnduniform-rnduniform-1000-100-5,feasible,0.1723871231079101,1000,100,5,10000,strongly_correlated,False
compact,263475.0,weakly_correlated_1000-rnduniform-rnduniform-1000-20-2,feasible,0.047260046005249,1000,20,2,1000,weakly_correlated,True
mckp,2266368.0,profit_ceiling_10000-rnduniform-rnduniform-1000-20-1,feasible,240.645868122,1000,20,1,10000,profit_ceiling,True
mckp,515127.0,subset_sum_1000-rnduniform-rnduniform-2000-20-7,feasible,53.690559641,2000,20,7,1000,subset_sum,True
compact,52486.0,weakly_correlated_1000-rnduniform-rnduniform-200-20-4,feasible,0.0296111106872558,200,20,4,1000,weakly_correlated,True
compact,563998.0,strongly_correlated_1000-rnduniform-rnduniform-2000-100-0,feasible,3600.0023300647736,2000,100,0,1000,strongly_correlated,False
compact,260383.0,span_uncorrelated_1000-rnduniform-rnduniform-500-20-7,feasible,0.5041871070861816,500,20,7,1000,span_uncorrelated,True
mckp,1142568.0,profit_ceiling_10000-rnduniform-rnduniform-500-100-3,feasible,13.672774494,500,100,3,10000,profit_ceiling,True
compact,5252488.0,weakly_correlated_10000-rnduniform-rnduniform-2000-100-3,feasible,0.1667730808258056,2000,100,3,10000,weakly_correlated,False
mckp,521554.0,inverse_strongly_correlated_1000-rnduniform-rnduniform-2000-20-5,feasible,231.314054049,2000,20,5,1000,inverse_strongly_correlated,True
compact,504768.0,subset_sum_10000-rnduniform-rnduniform-200-100-5,feasible,0.0053811073303222,200,100,5,10000,subset_sum,True
compact,5506935.0,weakly_correlated_10000-rnduniform-rnduniform-2000-20-5,feasible,0.0891649723052978,2000,20,5,10000,weakly_correlated,False
compact,2827783.0,weakly_correlated_10000-rnduniform-rnduniform-1000-100-7,feasible,0.209536075592041,1000,100,7,10000,weakly_correlated,False
mckp,232978.0,subset_sum_1000-rnduniform-rnduniform-1000-20-2,feasible,13.772406558,1000,20,2,1000,subset_sum,True
compact,52011.0,weakly_correlated_1000-rnduniform-rnduniform-200-20-5,feasible,0.0636858940124511,200,20,5,1000,weakly_correlated,True
compact,392926.0,span_strongly_correlated_1000-rnduniform-rnduniform-1000-20-7,feasible,3600.001417160034,1000,20,7,1000,span_strongly_correlated,False
mckp,621027.0,strongly_correlated_1000-rnduniform-rnduniform-2000-100-5,feasible,11.911181358,2000,100,5,1000,strongly_correlated,True
compact,511854.0,profit_ceiling_10000-rnduniform-rnduniform-200-20-4,feasible,0.0103909969329833,200,20,4,10000,profit_ceiling,True
compact,25241.0,inverse_strongly_correlated_1000-rnduniform-rnduniform-100-20-8,feasible,0.0232617855072021,100,20,8,1000,inverse_strongly_correlated,True
mckp,3138335.0,almost_strongly_correlated_10000-rnduniform-rnduniform-1000-20-4,feasible,314.098840754,1000,20,4,10000,almost_strongly_correlated,True
mckp,578628.0,strongly_correlated_10000-rnduniform-rnduniform-200-20-2,feasible,3.6001346,200,20,2,10000,strongly_correlated,True
compact,6495673.0,almost_strongly_correlated_10000-rnduniform-rnduniform-2000-20-6,feasible,3600.001750230789,2000,20,6,10000,almost_strongly_correlated,False
compact,26357.0,subset_sum_1000-rnduniform-rnduniform-100-20-4,feasible,0.007781982421875,100,20,4,1000,subset_sum,True
mckp,4437753.0,profit_ceiling_10000-rnduniform-rnduniform-2000-100-0,feasible,95.31366019,2000,100,0,10000,profit_ceiling,True
compact,641668.0,strongly_correlated_1000-rnduniform-rnduniform-2000-100-6,feasible,3600.0012130737305,2000,100,6,1000,strongly_correlated,False
compact,612648.0,strongly_correlated_1000-rnduniform-rnduniform-2000-20-3,feasible,0.6691758632659912,2000,20,3,1000,strongly_correlated,True
compact,343603.0,uncorrelated_10000-rnduniform-rnduniform-100-20-1,feasible,0.0068039894104003,100,20,1,10000,uncorrelated,True
compact,1300669.0,subset_sum_10000-rnduniform-rnduniform-500-20-8,feasible,0.0095279216766357,500,20,8,10000,subset_sum,True
mckp,378838.0,span_strongly_correlated_1000-rnduniform-rnduniform-1000-20-8,feasible,13.48516082,1000,20,8,1000,span_strongly_correlated,True
compact,381070.0,uncorrelated_similar-rnduniform-rnduniform-1000-100-7,feasible,0.0420358180999755,1000,100,7,100000,uncorrelated_similar,True
compact,158323.0,strongly_correlated_1000-rnduniform-rnduniform-500-20-6,feasible,3600.000504016876,500,20,6,1000,strongly_correlated,False
compact,440691.0,profit_ceiling_10000-rnduniform-rnduniform-200-100-0,feasible,0.003403902053833,200,100,0,10000,profit_ceiling,True
mckp,123112.0,subset_sum_1000-rnduniform-rnduniform-500-20-5,feasible,4.262598454,500,20,5,1000,subset_sum,True
compact,378838.0,span_strongly_correlated_1000-rnduniform-rnduniform-1000-20-8,feasible,3600.000731945038,1000,20,8,1000,span_strongly_correlated,False
mckp,2491314.0,span_weakly_correlated_10000-rnduniform-rnduniform-2000-20-4,feasible,211.401127142,2000,20,4,10000,span_weakly_correlated,True
mckp,4795703.0,mstr_10000-rnduniform-rnduniform-2000-100-1,feasible,72.038744971,2000,100,1,10000,mstr,True
compact,463986.0,profit_ceiling_1000-rnduniform-rnduniform-2000-100-1,feasible,0.0480780601501464,2000,100,1,1000,profit_ceiling,True
mckp,6636392.0,almost_strongly_correlated_10000-rnduniform-rnduniform-2000-100-7,feasible,93.573777525,2000,100,7,10000,almost_strongly_correlated,True
mckp,3215883.0,strongly_correlated_10000-rnduniform-rnduniform-1000-20-5,feasible,559.962710862,1000,20,5,10000,strongly_correlated,True
compact,560193.0,strongly_correlated_10000-rnduniform-rnduniform-200-100-2,feasible,0.0019669532775878,200,100,2,10000,strongly_correlated,True
mckp,2466232.0,inverse_strongly_correlated_10000-rnduniform-rnduniform-1000-20-1,feasible,370.504313367,1000,20,1,10000,inverse_strongly_correlated,True
compact,73179.0,mstr_1000-rnduniform-rnduniform-200-20-2,feasible,0.0761260986328125,200,20,2,1000,mstr,True
compact,78122.0,span_uncorrelated_1000-rnduniform-rnduniform-200-20-0,feasible,0.1712567806243896,200,20,0,1000,span_uncorrelated,True
mckp,563998.0,strongly_correlated_1000-rnduniform-rnduniform-2000-100-0,feasible,9.137987912,2000,100,0,1000,strongly_correlated,True
mckp,31322.0,span_strongly_correlated_1000-rnduniform-rnduniform-200-20-4,feasible,0.165856149,200,20,4,1000,span_strongly_correlated,True
compact,208064.0,span_uncorrelated_1000-rnduniform-rnduniform-1000-20-0,feasible,0.0417947769165039,1000,20,0,1000,span_uncorrelated,True
compact,207675.0,span_weakly_correlated_1000-rnduniform-rnduniform-500-20-4,feasible,3600.0005869865417,500,20,4,1000,span_weakly_correlated,False
compact,4285404.0,circle_10000-rnduniform-rnduniform-1000-100-0,feasible,0.2999458312988281,1000,100,0,10000,circle,False
mckp,91704.0,circle_1000-rnduniform-rnduniform-200-20-3,feasible,0.295008516,200,20,3,1000,circle,True
compact,2665956.0,inverse_strongly_correlated_10000-rnduniform-rnduniform-1000-100-5,feasible,0.4140498638153076,1000,100,5,10000,inverse_strongly_correlated,False
compact,185214.0,uncorrelated_1000-rnduniform-rnduniform-500-20-0,feasible,0.0566840171813964,500,20,0,1000,uncorrelated,True
compact,1450595.0,strongly_correlated_10000-rnduniform-rnduniform-500-20-1,feasible,10.939653158187866,500,20,1,10000,strongly_correlated,False
compact,617380.0,almost_strongly_correlated_1000-rnduniform-rnduniform-2000-20-3,feasible,1.7822818756103516,2000,20,3,1000,almost_strongly_correlated,False
mckp,1345311.0,profit_ceiling_10000-rnduniform-rnduniform-500-20-7,feasible,53.036066994,500,20,7,10000,profit_ceiling,True
mckp,311258.0,strongly_correlated_1000-rnduniform-rnduniform-1000-100-4,feasible,1.697630361,1000,100,4,1000,strongly_correlated,True
mckp,334004.0,almost_strongly_correlated_1000-rnduniform-rnduniform-1000-100-7,feasible,1.396459228,1000,100,7,1000,almost_strongly_correlated,True
mckp,245809.0,inverse_strongly_correlated_10000-rnduniform-rnduniform-100-20-0,feasible,3.257435346,100,20,0,10000,inverse_strongly_correlated,True
mckp,241483.0,weakly_correlated_1000-rnduniform-rnduniform-1000-500-0,feasible,1.3925609870000002,1000,500,0,1000,weakly_correlated,True
compact,56190.0,almost_strongly_correlated_1000-rnduniform-rnduniform-200-20-1,feasible,0.0444610118865966,200,20,1,1000,almost_strongly_correlated,True
compact,3210635.0,uncorrelated_10000-rnduniform-rnduniform-1000-500-1,feasible,0.0143351554870605,1000,500,1,10000,uncorrelated,True
compact,410783.0,uncorrelated_1000-rnduniform-rnduniform-1000-20-6,feasible,0.0483069419860839,1000,20,6,1000,uncorrelated,True
mckp,352818.0,span_uncorrelated_10000-rnduniform-rnduniform-100-20-1,feasible,4.002430923,100,20,1,10000,span_uncorrelated,True
mckp,130968.0,inverse_strongly_correlated_1000-rnduniform-rnduniform-500-20-5,feasible,4.7201263760000005,500,20,5,1000,inverse_strongly_correlated,True
compact,253378.0,subset_sum_1000-rnduniform-rnduniform-1000-20-6,feasible,0.0107679367065429,1000,20,6,1000,subset_sum,True
mckp,10406571.0,circle_10000-rnduniform-rnduniform-2000-20-8,feasible,1797.60288411,2000,20,8,10000,circle,True
mckp,2230839.0,profit_ceiling_10000-rnduniform-rnduniform-1000-20-0,feasible,406.237739633,1000,20,0,10000,profit_ceiling,True
mckp,6656077.0,almost_strongly_correlated_10000-rnduniform-rnduniform-2000-20-8,feasible,1829.0967235,2000,20,8,10000,almost_strongly_correlated,True
mckp,599221.0,strongly_correlated_1000-rnduniform-rnduniform-2000-100-2,feasible,12.040921801,2000,100,2,1000,strongly_correlated,True
mckp,154975.0,almost_strongly_correlated_1000-rnduniform-rnduniform-500-20-4,feasible,3.963807564,500,20,4,1000,almost_strongly_correlated,True
mckp,239534.0,inverse_strongly_correlated_1000-rnduniform-rnduniform-1000-100-1,feasible,1.705701532,1000,100,1,1000,inverse_strongly_correlated,True
compact,993780.0,circle_10000-rnduniform-rnduniform-200-20-9,feasible,0.2305061817169189,200,20,9,10000,circle,True
compact,11155686.0,span_uncorrelated_10000-rnduniform-rnduniform-2000-20-6,feasible,0.0168161392211914,2000,20,6,10000,span_uncorrelated,True
mckp,2779455.0,weakly_correlated_10000-rnduniform-rnduniform-1000-20-4,feasible,322.890480378,1000,20,4,10000,weakly_correlated,True
compact,92451.0,circle_1000-rnduniform-rnduniform-200-20-2,feasible,0.0253300666809082,200,20,2,1000,circle,True
compact,32393.0,uncorrelated_similar-rnduniform-rnduniform-100-20-1,feasible,0.0045080184936523,100,20,1,100000,uncorrelated_similar,True
mckp,3388086.0,strongly_correlated_10000-rnduniform-rnduniform-1000-100-8,feasible,23.651047507,1000,100,8,10000,strongly_correlated,True
mckp,17674.0,uncorrelated_similar-rnduniform-rnduniform-50-20-8,feasible,24.98136069,50,20,8,100000,uncorrelated_similar,True
compact,503842.0,subset_sum_10000-rnduniform-rnduniform-200-20-7,feasible,0.6074509620666504,200,20,7,10000,subset_sum,True
mckp,1105290.0,span_strongly_correlated_10000-rnduniform-rnduniform-1000-100-7,feasible,1.748142803,1000,100,7,10000,span_strongly_correlated,True
mckp,224845.0,subset_sum_1000-rnduniform-rnduniform-1000-20-0,feasible,13.875072137,1000,20,0,1000,subset_sum,True
compact,3816522.0,uncorrelated_10000-rnduniform-rnduniform-1000-20-3,feasible,0.0301408767700195,1000,20,3,10000,uncorrelated,True
compact,485280.0,span_uncorrelated_10000-rnduniform-rnduniform-200-20-6,feasible,0.3331921100616455,200,20,6,10000,span_uncorrelated,True
compact,898964.0,span_weakly_correlated_10000-rnduniform-rnduniform-200-100-0,feasible,0.0570940971374511,200,100,0,10000,span_weakly_correlated,True
compact,4812824.0,subset_sum_10000-rnduniform-rnduniform-2000-100-4,feasible,0.0312099456787109,2000,100,4,10000,subset_sum,True
compact,77701.0,uncorrelated_1000-rnduniform-rnduniform-200-20-8,feasible,0.0112388134002685,200,20,8,1000,uncorrelated,True
compact,723839.0,uncorrelated_10000-rnduniform-rnduniform-200-20-1,feasible,0.0099289417266845,200,20,1,10000,uncorrelated,True
compact,660897.0,strongly_correlated_1000-rnduniform-rnduniform-2000-100-7,feasible,3600.001473903656,2000,100,7,1000,strongly_correlated,False
mckp,5953272.0,strongly_correlated_10000-rnduniform-rnduniform-2000-20-1,feasible,898.403242153,2000,20,1,10000,strongly_correlated,True
compact,5126160.0,profit_ceiling_10000-rnduniform-rnduniform-2000-100-7,feasible,0.2213170528411865,2000,100,7,10000,profit_ceiling,False
compact,742223.0,mstr_1000-rnduniform-rnduniform-2000-100-1,feasible,186.2529001235962,2000,100,1,1000,mstr,False
mckp,66315.0,almost_strongly_correlated_1000-rnduniform-rnduniform-200-20-8,feasible,0.349976755,200,20,8,1000,almost_strongly_correlated,True
compact,427091.0,span_uncorrelated_10000-rnduniform-rnduniform-200-20-4,feasible,0.0325469970703125,200,20,4,10000,span_uncorrelated,True
compact,834888.0,uncorrelated_1000-rnduniform-rnduniform-2000-100-9,feasible,0.0852680206298828,2000,100,9,1000,uncorrelated,True
compact,2974361.0,strongly_correlated_10000-rnduniform-rnduniform-1000-100-3,feasible,0.348330020904541,1000,100,3,10000,strongly_correlated,False
compact,6400766.0,almost_strongly_correlated_10000-rnduniform-rnduniform-2000-100-6,feasible,0.2143309116363525,2000,100,6,10000,almost_strongly_correlated,False
mckp,3529819.0,span_weakly_correlated_10000-rnduniform-rnduniform-1000-20-2,feasible,79.929347675,1000,20,2,10000,span_weakly_correlated,True
mckp,238085.0,span_uncorrelated_1000-rnduniform-rnduniform-1000-20-5,feasible,21.824563824,1000,20,5,1000,span_uncorrelated,True
mckp,184020.0,span_uncorrelated_1000-rnduniform-rnduniform-500-20-6,feasible,2.82200756,500,20,6,1000,span_uncorrelated,True
mckp,9009310.0,span_uncorrelated_10000-rnduniform-rnduniform-2000-100-7,feasible,2.539415633,2000,100,7,10000,span_uncorrelated,True
compact,2819842.0,mstr_10000-rnduniform-rnduniform-1000-20-8,feasible,3600.0011279582977,1000,20,8,10000,mstr,False
compact,4412157.0,span_strongly_correlated_10000-rnduniform-rnduniform-1000-20-7,feasible,0.0107679367065429,1000,20,7,10000,span_strongly_correlated,True
compact,258210.0,subset_sum_1000-rnduniform-rnduniform-1000-100-8,feasible,0.0171010494232177,1000,100,8,1000,subset_sum,True
compact,607770.0,strongly_correlated_10000-rnduniform-rnduniform-200-20-0,feasible,0.0148530006408691,200,20,0,10000,strongly_correlated,True
compact,48303.0,profit_ceiling_1000-rnduniform-rnduniform-200-100-3,feasible,0.0023310184478759,200,100,3,1000,profit_ceiling,True
compact,2535924.0,mstr_10000-rnduniform-rnduniform-1000-100-4,feasible,1.487053155899048,1000,100,4,10000,mstr,True
compact,4524084.0,profit_ceiling_10000-rnduniform-rnduniform-2000-20-1,feasible,0.0361800193786621,2000,20,1,10000,profit_ceiling,False
mckp,2826054.0,weakly_correlated_10000-rnduniform-rnduniform-1000-100-6,feasible,18.053056807,1000,100,6,10000,weakly_correlated,True
mckp,275597.0,almost_strongly_correlated_1000-rnduniform-rnduniform-1000-500-1,feasible,1.886516982,1000,500,1,1000,almost_strongly_correlated,True
compact,455736.0,profit_ceiling_1000-rnduniform-rnduniform-2000-100-2,feasible,3600.0015070438385,2000,100,2,1000,profit_ceiling,False
compact,270756.0,span_strongly_correlated_10000-rnduniform-rnduniform-100-20-0,feasible,0.0088779926300048,100,20,0,10000,span_strongly_correlated,True
mckp,848631.0,span_weakly_correlated_1000-rnduniform-rnduniform-2000-100-9,feasible,14.234768878,2000,100,9,1000,span_weakly_correlated,True
mckp,517833.0,mstr_10000-rnduniform-rnduniform-200-20-8,feasible,4.610822465,200,20,8,10000,mstr,True
compact,643595.0,strongly_correlated_1000-rnduniform-rnduniform-2000-20-6,feasible,3600.0013551712036,2000,20,6,1000,strongly_correlated,False
compact,78330.0,uncorrelated_1000-rnduniform-rnduniform-200-20-9,feasible,0.0070600509643554,200,20,9,1000,uncorrelated,True
compact,17674.0,uncorrelated_similar-rnduniform-rnduniform-50-20-8,feasible,0.001708984375,50,20,8,100000,uncorrelated_similar,True
mckp,4914904.0,weakly_correlated_10000-rnduniform-rnduniform-2000-20-0,feasible,3515.583509907,2000,20,0,10000,weakly_correlated,True
mckp,4067535.0,span_uncorrelated_10000-rnduniform-rnduniform-1000-20-5,feasible,27.878951828,1000,20,5,10000,span_uncorrelated,True
mckp,6608899.0,strongly_correlated_10000-rnduniform-rnduniform-2000-20-7,feasible,2893.3131181559997,2000,20,7,10000,strongly_correlated,True
mckp,5451294.0,span_weakly_correlated_10000-rnduniform-rnduniform-2000-100-9,feasible,68.44045702800001,2000,100,9,10000,span_weakly_correlated,True
mckp,74799.0,uncorrelated_1000-rnduniform-rnduniform-200-20-2,feasible,0.278309327,200,20,2,1000,uncorrelated,True
compact,1143636.0,profit_ceiling_10000-rnduniform-rnduniform-500-20-1,feasible,0.0598480701446533,500,20,1,10000,profit_ceiling,True
compact,60637.0,almost_strongly_correlated_1000-rnduniform-rnduniform-200-20-0,feasible,0.0724809169769287,200,20,0,1000,almost_strongly_correlated,True
compact,5657811.0,mstr_10000-rnduniform-rnduniform-2000-100-9,feasible,3600.0015070438385,2000,100,9,10000,mstr,False
compact,53196.0,inverse_strongly_correlated_1000-rnduniform-rnduniform-200-20-7,feasible,0.0487091541290283,200,20,7,1000,inverse_strongly_correlated,True
compact,496514.0,span_weakly_correlated_1000-rnduniform-rnduniform-1000-20-5,feasible,0.0146059989929199,1000,20,5,1000,span_weakly_correlated,True
mckp,907382.0,span_uncorrelated_1000-rnduniform-rnduniform-2000-20-8,feasible,98.122475904,2000,20,8,1000,span_uncorrelated,True
mckp,1013229.0,span_weakly_correlated_1000-rnduniform-rnduniform-2000-100-3,feasible,13.004316678,2000,100,3,1000,span_weakly_correlated,True
mckp,30272.0,strongly_correlated_1000-rnduniform-rnduniform-100-20-2,feasible,0.181490981,100,20,2,1000,strongly_correlated,True
mckp,2599955.0,weakly_correlated_10000-rnduniform-rnduniform-1000-100-4,feasible,25.701555169,1000,100,4,10000,weakly_correlated,True
compact,512558.0,inverse_strongly_correlated_1000-rnduniform-rnduniform-2000-20-4,feasible,3600.0017981529236,2000,20,4,1000,inverse_strongly_correlated,False
compact,495451.0,span_weakly_correlated_10000-rnduniform-rnduniform-200-100-2,feasible,0.0114979743957519,200,100,2,10000,span_weakly_correlated,True
compact,22086.0,profit_ceiling_1000-rnduniform-rnduniform-100-20-1,feasible,0.0045571327209472,100,20,1,1000,profit_ceiling,True
compact,241658.99999999988,circle_1000-rnduniform-rnduniform-500-20-5,feasible,1.4483060836791992,500,20,5,1000,circle,True
compact,5048682.0,profit_ceiling_10000-rnduniform-rnduniform-2000-500-6,feasible,0.1749598979949951,2000,500,6,10000,profit_ceiling,False
mckp,358086.0,span_uncorrelated_10000-rnduniform-rnduniform-100-20-7,feasible,1.821817163,100,20,7,10000,span_uncorrelated,True
compact,475188.0,subset_sum_10000-rnduniform-rnduniform-200-100-0,feasible,0.002277135848999,200,100,0,10000,subset_sum,True
mckp,502582.0,circle_1000-rnduniform-rnduniform-1000-100-8,feasible,1.570409242,1000,100,8,1000,circle,True
compact,284728.0,span_weakly_correlated_10000-rnduniform-rnduniform-200-20-4,feasible,3600.000282049179,200,20,4,10000,span_weakly_correlated,False
compact,2642101.0,weakly_correlated_10000-rnduniform-rnduniform-1000-20-5,feasible,0.1383838653564453,1000,20,5,10000,weakly_correlated,False
mckp,448395.0,span_strongly_correlated_1000-rnduniform-rnduniform-1000-100-3,feasible,4.347752621000001,1000,100,3,1000,span_strongly_correlated,True
mckp,1400839.0,weakly_correlated_10000-rnduniform-rnduniform-500-20-5,feasible,49.80636421,500,20,5,10000,weakly_correlated,True
compact,2889544.0,weakly_correlated_10000-rnduniform-rnduniform-1000-20-7,feasible,0.0750708580017089,1000,20,7,10000,weakly_correlated,False
compact,377806.0,span_strongly_correlated_10000-rnduniform-rnduniform-200-20-7,feasible,0.0922188758850097,200,20,7,10000,span_strongly_correlated,True
mckp,2517621.0,profit_ceiling_10000-rnduniform-rnduniform-1000-20-5,feasible,289.923968442,1000,20,5,10000,profit_ceiling,True
mckp,475216.0,span_strongly_correlated_1000-rnduniform-rnduniform-1000-100-6,feasible,2.528179543,1000,100,6,1000,span_strongly_correlated,True
mckp,2535924.0,mstr_10000-rnduniform-rnduniform-1000-100-4,feasible,22.736792354,1000,100,4,10000,mstr,True
mckp,3816522.0,uncorrelated_10000-rnduniform-rnduniform-1000-20-3,feasible,704.3452940029999,1000,20,3,10000,uncorrelated,True
mckp,69088.0,mstr_1000-rnduniform-rnduniform-200-100-0,feasible,0.297085451,200,100,0,1000,mstr,True
mckp,5293978.0,mstr_10000-rnduniform-rnduniform-2000-20-6,feasible,2461.7579862790003,2000,20,6,10000,mstr,True
compact,1420816.0,span_weakly_correlated_10000-rnduniform-rnduniform-1000-20-6,feasible,3600.000694036484,1000,20,6,10000,span_weakly_correlated,False
compact,9621.0,profit_ceiling_1000-rnduniform-rnduniform-50-20-1,feasible,0.0018019676208496,50,20,1,1000,profit_ceiling,True
mckp,2445853.0,mstr_10000-rnduniform-rnduniform-1000-100-3,feasible,22.327220117,1000,100,3,10000,mstr,True
compact,139143.0,weakly_correlated_10000-rnduniform-rnduniform-50-20-2,feasible,0.0141539573669433,50,20,2,10000,weakly_correlated,True
compact,473886.0,profit_ceiling_10000-rnduniform-rnduniform-200-100-2,feasible,0.0120019912719726,200,100,2,10000,profit_ceiling,True
mckp,4983027.0,circle_10000-rnduniform-rnduniform-1000-20-6,feasible,237.631931664,1000,20,6,10000,circle,True
mckp,412867.0,span_strongly_correlated_1000-rnduniform-rnduniform-1000-100-4,feasible,3.033619747,1000,100,4,1000,span_strongly_correlated,True
compact,578628.0,strongly_correlated_10000-rnduniform-rnduniform-200-20-2,feasible,0.3479428291320801,200,20,2,10000,strongly_correlated,False
compact,347187.0,span_uncorrelated_1000-rnduniform-rnduniform-1000-100-1,feasible,0.0577931404113769,1000,100,1,1000,span_uncorrelated,True
mckp,410902.0,uncorrelated_1000-rnduniform-rnduniform-1000-20-5,feasible,62.712441981000005,1000,20,5,1000,uncorrelated,True
compact,308794.0,almost_strongly_correlated_10000-rnduniform-rnduniform-100-20-8,feasible,0.7488400936126709,100,20,8,10000,almost_strongly_correlated,True
compact,642316.0,span_strongly_correlated_1000-rnduniform-rnduniform-2000-100-5,feasible,3600.001341104507,2000,100,5,1000,span_strongly_correlated,False
mckp,10192460.0,span_uncorrelated_10000-rnduniform-rnduniform-2000-20-5,feasible,465.621119017,2000,20,5,10000,span_uncorrelated,True
mckp,1539222.0,strongly_correlated_10000-rnduniform-rnduniform-500-20-5,feasible,35.578446946999996,500,20,5,10000,strongly_correlated,True
mckp,309764.0,almost_strongly_correlated_1000-rnduniform-rnduniform-1000-100-5,feasible,1.7046877619999998,1000,100,5,1000,almost_strongly_correlated,True
compact,495120.0,profit_ceiling_1000-rnduniform-rnduniform-2000-20-5,feasible,0.0116598606109619,2000,20,5,1000,profit_ceiling,True
mckp,52011.0,weakly_correlated_1000-rnduniform-rnduniform-200-20-5,feasible,0.359246122,200,20,5,1000,weakly_correlated,True
compact,70526.0,span_weakly_correlated_1000-rnduniform-rnduniform-1000-100-5,feasible,0.0504209995269775,1000,100,5,1000,span_weakly_correlated,True
compact,2733656.0,strongly_correlated_10000-rnduniform-rnduniform-1000-500-1,feasible,0.0091171264648437,1000,500,1,10000,strongly_correlated,True
mckp,8023166.0,span_strongly_correlated_10000-rnduniform-rnduniform-2000-20-5,feasible,485.4800253,2000,20,5,10000,span_strongly_correlated,True
mckp,474717.0,circle_1000-rnduniform-rnduniform-1000-20-2,feasible,27.947002306,1000,20,2,1000,circle,True
mckp,734919.0,mstr_1000-rnduniform-rnduniform-2000-100-0,feasible,11.916405098,2000,100,0,1000,mstr,True
mckp,2776630.0,inverse_strongly_correlated_10000-rnduniform-rnduniform-1000-20-7,feasible,365.008134587,1000,20,7,10000,inverse_strongly_correlated,True
mckp,31369.0,span_uncorrelated_1000-rnduniform-rnduniform-100-20-1,feasible,0.272044526,100,20,1,1000,span_uncorrelated,True
compact,489234.0,profit_ceiling_1000-rnduniform-rnduniform-2000-100-4,feasible,0.0959389209747314,2000,100,4,1000,profit_ceiling,True
compact,605499.0,almost_strongly_correlated_1000-rnduniform-rnduniform-2000-100-3,feasible,4.295403003692627,2000,100,3,1000,almost_strongly_correlated,False
compact,5272624.0,weakly_correlated_10000-rnduniform-rnduniform-2000-20-4,feasible,0.2735848426818847,2000,20,4,10000,weakly_correlated,False
mckp,454434.0,profit_ceiling_10000-rnduniform-rnduniform-200-100-1,feasible,4.8022939209999995,200,100,1,10000,profit_ceiling,True
compact,5076057.0,span_weakly_correlated_10000-rnduniform-rnduniform-2000-20-1,feasible,3600.0011880397797,2000,20,1,10000,span_weakly_correlated,False
compact,46110.0,inverse_strongly_correlated_1000-rnduniform-rnduniform-200-20-1,feasible,0.0274209976196289,200,20,1,1000,inverse_strongly_correlated,True
compact,252528.0,profit_ceiling_10000-rnduniform-rnduniform-100-20-9,feasible,0.3534319400787353,100,20,9,10000,profit_ceiling,True
mckp,546372.0,weakly_correlated_1000-rnduniform-rnduniform-2000-100-6,feasible,11.714010254,2000,100,6,1000,weakly_correlated,True
mckp,52561.0,weakly_correlated_1000-rnduniform-rnduniform-200-20-1,feasible,0.408796518,200,20,1,1000,weakly_correlated,True
mckp,1335132.0,mstr_10000-rnduniform-rnduniform-500-20-5,feasible,37.639311031,500,20,5,10000,mstr,True
compact,4003263.0,uncorrelated_10000-rnduniform-rnduniform-1000-100-7,feasible,0.0411760807037353,1000,100,7,10000,uncorrelated,True
compact,5232237.0,inverse_strongly_correlated_10000-rnduniform-rnduniform-2000-20-5,feasible,3600.0015230178833,2000,20,5,10000,inverse_strongly_correlated,False
mckp,30074.0,span_weakly_correlated_1000-rnduniform-rnduniform-100-20-1,feasible,0.300439452,100,20,1,1000,span_weakly_correlated,True
mckp,33674.0,strongly_correlated_1000-rnduniform-rnduniform-100-20-9,feasible,0.197137037,100,20,9,1000,strongly_correlated,True
mckp,1193750.0,inverse_strongly_correlated_10000-rnduniform-rnduniform-500-20-0,feasible,42.048403776,500,20,0,10000,inverse_strongly_correlated,True
compact,52169.99999999995,profit_ceiling_1000-rnduniform-rnduniform-200-20-5,feasible,0.0268909931182861,200,20,5,1000,profit_ceiling,True
mckp,3209198.0,almost_strongly_correlated_10000-rnduniform-rnduniform-1000-20-6,feasible,306.310242249,1000,20,6,10000,almost_strongly_correlated,True
mckp,491644.0,inverse_strongly_correlated_10000-rnduniform-rnduniform-200-20-1,feasible,4.464236338,200,20,1,10000,inverse_strongly_correlated,True
compact,1975219.0,uncorrelated_10000-rnduniform-rnduniform-500-20-0,feasible,0.058021068572998,500,20,0,10000,uncorrelated,True
mckp,11155686.0,span_uncorrelated_10000-rnduniform-rnduniform-2000-20-6,feasible,360.392687024,2000,20,6,10000,span_uncorrelated,True
mckp,69483.0,uncorrelated_similar-rnduniform-rnduniform-200-20-1,feasible,113.346831934,200,20,1,100000,uncorrelated_similar,True
mckp,81641.0,span_strongly_correlated_1000-rnduniform-rnduniform-200-20-2,feasible,0.525277576,200,20,2,1000,span_strongly_correlated,True
mckp,684711.0,strongly_correlated_10000-rnduniform-rnduniform-200-20-9,feasible,3.795795894,200,20,9,10000,strongly_correlated,True
compact,9345120.0,span_strongly_correlated_10000-rnduniform-rnduniform-2000-20-7,feasible,3600.001529932022,2000,20,7,10000,span_strongly_correlated,False
compact,1896932.0,span_weakly_correlated_10000-rnduniform-rnduniform-500-20-1,feasible,3600.0006489753723,500,20,1,10000,span_weakly_correlated,False
compact,1406052.0,mstr_10000-rnduniform-rnduniform-500-20-9,feasible,3600.0005869865417,500,20,9,10000,mstr,False
mckp,42640.0,inverse_strongly_correlated_1000-rnduniform-rnduniform-200-100-2,feasible,0.301449607,200,100,2,1000,inverse_strongly_correlated,True
compact,10192460.0,span_uncorrelated_10000-rnduniform-rnduniform-2000-20-5,feasible,0.0167391300201416,2000,20,5,10000,span_uncorrelated,True
compact,910737.0,span_uncorrelated_1000-rnduniform-rnduniform-2000-100-7,feasible,1.7782490253448486,2000,100,7,1000,span_uncorrelated,True
mckp,503855.0,weakly_correlated_1000-rnduniform-rnduniform-2000-20-1,feasible,311.824007767,2000,20,1,1000,weakly_correlated,True
mckp,57057.0,strongly_correlated_1000-rnduniform-rnduniform-200-100-4,feasible,0.264014773,200,100,4,1000,strongly_correlated,True
mckp,4997880.0,profit_ceiling_10000-rnduniform-rnduniform-2000-20-5,feasible,1496.066605655,2000,20,5,10000,profit_ceiling,True
compact,233974.0,subset_sum_1000-rnduniform-rnduniform-1000-100-1,feasible,0.0102419853210449,1000,100,1,1000,subset_sum,True
mckp,547116.0,weakly_correlated_1000-rnduniform-rnduniform-2000-100-5,feasible,11.514749046,2000,100,5,1000,weakly_correlated,True
compact,516024.0,profit_ceiling_10000-rnduniform-rnduniform-200-20-6,feasible,0.0716211795806884,200,20,6,10000,profit_ceiling,True
compact,453504.0,profit_ceiling_10000-rnduniform-rnduniform-200-20-0,feasible,0.0892679691314697,200,20,0,10000,profit_ceiling,True
compact,129936.0,profit_ceiling_1000-rnduniform-rnduniform-500-20-7,feasible,0.0093109607696533,500,20,7,1000,profit_ceiling,True
mckp,1202448.0,profit_ceiling_10000-rnduniform-rnduniform-500-20-4,feasible,49.830129115999995,500,20,4,10000,profit_ceiling,True
compact,241483.0,weakly_correlated_1000-rnduniform-rnduniform-1000-500-0,feasible,0.0127930641174316,1000,500,0,1000,weakly_correlated,True
compact,73721.0,uncorrelated_similar-rnduniform-rnduniform-200-20-8,feasible,0.0069911479949951,200,20,8,100000,uncorrelated_similar,True
mckp,276196.0,weakly_correlated_1000-rnduniform-rnduniform-1000-20-6,feasible,49.588858996000006,1000,20,6,1000,weakly_correlated,True
mckp,1719531.0,almost_strongly_correlated_10000-rnduniform-rnduniform-500-20-9,feasible,47.927693143,500,20,9,10000,almost_strongly_correlated,True
mckp,158853.0,strongly_correlated_1000-rnduniform-rnduniform-500-20-5,feasible,7.037507451,500,20,5,1000,strongly_correlated,True
mckp,632471.0,strongly_correlated_1000-rnduniform-rnduniform-2000-20-5,feasible,225.413747155,2000,20,5,1000,strongly_correlated,True
compact,9597734.0,circle_10000-rnduniform-rnduniform-2000-100-4,feasible,0.6708660125732422,2000,100,4,10000,circle,False
compact,2781703.0,inverse_strongly_correlated_10000-rnduniform-rnduniform-1000-100-9,feasible,224.1958699226379,1000,100,9,10000,inverse_strongly_correlated,False
compact,2252223.0,profit_ceiling_10000-rnduniform-rnduniform-1000-500-0,feasible,0.0196621417999267,1000,500,0,10000,profit_ceiling,False
mckp,600193.0,span_uncorrelated_1000-rnduniform-rnduniform-2000-100-4,feasible,6.858671708999999,2000,100,4,1000,span_uncorrelated,True
mckp,40323.0,uncorrelated_similar-rnduniform-rnduniform-100-20-8,feasible,68.079009117,100,20,8,100000,uncorrelated_similar,True
mckp,7908322.0,uncorrelated_10000-rnduniform-rnduniform-2000-100-4,feasible,76.382026697,2000,100,4,10000,uncorrelated,True
compact,646393.0,almost_strongly_correlated_10000-rnduniform-rnduniform-200-20-9,feasible,0.2225229740142822,200,20,9,10000,almost_strongly_correlated,False
compact,2354408.0,subset_sum_10000-rnduniform-rnduniform-1000-100-0,feasible,0.0191078186035156,1000,100,0,10000,subset_sum,True
compact,689576.0,uncorrelated_similar-rnduniform-rnduniform-2000-100-1,feasible,0.1093561649322509,2000,100,1,100000,uncorrelated_similar,True
compact,130968.0,inverse_strongly_correlated_1000-rnduniform-rnduniform-500-20-5,feasible,2.7298760414123535,500,20,5,1000,inverse_strongly_correlated,True
compact,288128.0,span_weakly_correlated_1000-rnduniform-rnduniform-1000-100-8,feasible,3600.0015799999237,1000,100,8,1000,span_weakly_correlated,False
mckp,488754.0,inverse_strongly_correlated_1000-rnduniform-rnduniform-2000-100-2,feasible,15.158011315,2000,100,2,1000,inverse_strongly_correlated,True
mckp,2171779.0,circle_10000-rnduniform-rnduniform-500-100-3,feasible,12.383226942,500,100,3,10000,circle,True
compact,5167704.0,subset_sum_10000-rnduniform-rnduniform-2000-100-8,feasible,0.034848928451538,2000,100,8,10000,subset_sum,True
compact,2466232.0,inverse_strongly_correlated_10000-rnduniform-rnduniform-1000-20-1,feasible,3600.000761985779,1000,20,1,10000,inverse_strongly_correlated,False
compact,481264.0,circle_1000-rnduniform-rnduniform-1000-100-6,feasible,0.1067550182342529,1000,100,6,1000,circle,True
mckp,665114.0,almost_strongly_correlated_1000-rnduniform-rnduniform-2000-100-7,feasible,10.910563661,2000,100,7,1000,almost_strongly_correlated,True
mckp,3652829.0,uncorrelated_10000-rnduniform-rnduniform-1000-100-0,feasible,16.78153227,1000,100,0,10000,uncorrelated,True
mckp,4904877.0,circle_10000-rnduniform-rnduniform-1000-100-7,feasible,26.991834736,1000,100,7,10000,circle,True
compact,498413.0,subset_sum_1000-rnduniform-rnduniform-2000-100-6,feasible,0.0293810367584228,2000,100,6,1000,subset_sum,True
compact,2940902.0,strongly_correlated_10000-rnduniform-rnduniform-1000-20-0,feasible,3600.0007648468018,1000,20,0,10000,strongly_correlated,False
compact,256722.0,profit_ceiling_10000-rnduniform-rnduniform-100-20-5,feasible,0.1883158683776855,100,20,5,10000,profit_ceiling,True
compact,1661147.0,strongly_correlated_10000-rnduniform-rnduniform-500-20-8,feasible,3600.0005819797516,500,20,8,10000,strongly_correlated,False
mckp,388135.0,span_strongly_correlated_10000-rnduniform-rnduniform-200-20-6,feasible,2.43810432,200,20,6,10000,span_strongly_correlated,True
compact,5630952.0,weakly_correlated_10000-rnduniform-rnduniform-2000-20-8,feasible,0.0941829681396484,2000,20,8,10000,weakly_correlated,False
compact,4738780.0,circle_10000-rnduniform-rnduniform-1000-20-2,feasible,0.9456939697265624,1000,20,2,10000,circle,False
mckp,1362453.0,span_strongly_correlated_10000-rnduniform-rnduniform-1000-20-0,feasible,31.151965593,1000,20,0,10000,span_strongly_correlated,True
mckp,415854.0,subset_sum_10000-rnduniform-rnduniform-200-20-0,feasible,3.347056045,200,20,0,10000,subset_sum,True
mckp,71411.0,uncorrelated_similar-rnduniform-rnduniform-200-20-2,feasible,95.109838079,200,20,2,100000,uncorrelated_similar,True
compact,743791.0,uncorrelated_similar-rnduniform-rnduniform-2000-100-5,feasible,0.0774199962615966,2000,100,5,100000,uncorrelated_similar,True
compact,7207796.0,span_uncorrelated_10000-rnduniform-rnduniform-2000-100-3,feasible,0.44759202003479,2000,100,3,10000,span_uncorrelated,True
mckp,468821.0,circle_10000-rnduniform-rnduniform-100-20-5,feasible,2.9677279960000003,100,20,5,10000,circle,True
mckp,951290.0,circle_1000-rnduniform-rnduniform-2000-20-2,feasible,105.87589283,2000,20,2,1000,circle,True
mckp,356467.0,mstr_1000-rnduniform-rnduniform-1000-100-0,feasible,1.378686802,1000,100,0,1000,mstr,True
mckp,3381920.0,span_strongly_correlated_10000-rnduniform-rnduniform-1000-100-2,feasible,20.083877101,1000,100,2,10000,span_strongly_correlated,True
compact,782464.0,uncorrelated_1000-rnduniform-rnduniform-2000-100-4,feasible,0.1284070014953613,2000,100,4,1000,uncorrelated,False
mckp,42414.0,circle_1000-rnduniform-rnduniform-100-20-1,feasible,0.173711142,100,20,1,1000,circle,True
compact,1235268.0,profit_ceiling_10000-rnduniform-rnduniform-500-20-3,feasible,0.006728172302246,500,20,3,10000,profit_ceiling,True
mckp,131122.0,inverse_strongly_correlated_1000-rnduniform-rnduniform-500-20-6,feasible,5.752706957,500,20,6,1000,inverse_strongly_correlated,True
compact,123673.0,weakly_correlated_1000-rnduniform-rnduniform-500-20-0,feasible,0.0215809345245361,500,20,0,1000,weakly_correlated,True
compact,2500394.0,subset_sum_10000-rnduniform-rnduniform-1000-20-6,feasible,0.0077888965606689,1000,20,6,10000,subset_sum,True
mckp,232016.0,inverse_strongly_correlated_1000-rnduniform-rnduniform-1000-20-1,feasible,25.737286783,1000,20,1,1000,inverse_strongly_correlated,True
compact,497462.9999999987,profit_ceiling_10000-rnduniform-rnduniform-200-20-5,feasible,0.0645108222961425,200,20,5,10000,profit_ceiling,True
compact,302209.0,almost_strongly_correlated_1000-rnduniform-rnduniform-1000-20-4,feasible,22.348930835723877,1000,20,4,1000,almost_strongly_correlated,True
compact,4208400.0,span_uncorrelated_10000-rnduniform-rnduniform-1000-20-7,feasible,3600.0008850097656,1000,20,7,10000,span_uncorrelated,False
mckp,868270.0,span_weakly_correlated_10000-rnduniform-rnduniform-500-20-3,feasible,14.602338797,500,20,3,10000,span_weakly_correlated,True
mckp,4991430.0,circle_10000-rnduniform-rnduniform-1000-100-8,feasible,17.465014215,1000,100,8,10000,circle,True
compact,1317071.0,subset_sum_10000-rnduniform-rnduniform-500-20-9,feasible,0.0065991878509521,500,20,9,10000,subset_sum,True
compact,7802553.0,uncorrelated_10000-rnduniform-rnduniform-2000-100-3,feasible,0.0902421474456787,2000,100,3,10000,uncorrelated,False
compact,2178680.0,span_weakly_correlated_10000-rnduniform-rnduniform-500-20-6,feasible,3600.000615119934,500,20,6,10000,span_weakly_correlated,False
compact,259823.0,subset_sum_10000-rnduniform-rnduniform-100-20-9,feasible,0.148965835571289,100,20,9,10000,subset_sum,True
compact,4746925.0,inverse_strongly_correlated_10000-rnduniform-rnduniform-2000-100-0,feasible,137.05415320396423,2000,100,0,10000,inverse_strongly_correlated,False
compact,374574.0,mstr_1000-rnduniform-rnduniform-1000-100-3,feasible,0.0543830394744873,1000,100,3,1000,mstr,True
mckp,655397.0,uncorrelated_10000-rnduniform-rnduniform-200-100-2,feasible,4.414397826,200,100,2,10000,uncorrelated,True
compact,7629974.0,uncorrelated_10000-rnduniform-rnduniform-2000-100-1,feasible,0.1385021209716797,2000,100,1,10000,uncorrelated,False
mckp,1336821.0,weakly_correlated_10000-rnduniform-rnduniform-500-20-3,feasible,38.282007801,500,20,3,10000,weakly_correlated,True
mckp,2475735.0,profit_ceiling_10000-rnduniform-rnduniform-1000-20-6,feasible,462.580387747,1000,20,6,10000,profit_ceiling,True
compact,238085.0,span_uncorrelated_1000-rnduniform-rnduniform-1000-20-5,feasible,0.4084031581878662,1000,20,5,1000,span_uncorrelated,True
compact,163300.0,strongly_correlated_1000-rnduniform-rnduniform-500-20-7,feasible,3600.0005621910095,500,20,7,1000,strongly_correlated,False
mckp,1140915.0,span_uncorrelated_1000-rnduniform-rnduniform-2000-100-3,feasible,5.727525486,2000,100,3,1000,span_uncorrelated,True
mckp,813962.0,mstr_1000-rnduniform-rnduniform-2000-20-6,feasible,139.28762536099998,2000,20,6,1000,mstr,True
compact,3028974.0,span_uncorrelated_10000-rnduniform-rnduniform-500-20-8,feasible,0.0168690681457519,500,20,8,10000,span_uncorrelated,True
compact,597679.0,span_uncorrelated_1000-rnduniform-rnduniform-2000-20-1,feasible,0.0143220424652099,2000,20,1,1000,span_uncorrelated,True
mckp,168018.0,span_strongly_correlated_1000-rnduniform-rnduniform-1000-20-0,feasible,7.865785717,1000,20,0,1000,span_strongly_correlated,True
mckp,759470.0,uncorrelated_similar-rnduniform-rnduniform-2000-100-8,feasible,1119.044291287,2000,100,8,100000,uncorrelated_similar,True
mckp,1455195.0,weakly_correlated_10000-rnduniform-rnduniform-500-20-8,feasible,35.768332242999996,500,20,8,10000,weakly_correlated,True
mckp,9687391.0,circle_10000-rnduniform-rnduniform-2000-20-4,feasible,1170.084511466,2000,20,4,10000,circle,True
mckp,2777360.0,mstr_10000-rnduniform-rnduniform-1000-100-9,feasible,23.264413156,1000,100,9,10000,mstr,True
compact,137888.0,span_weakly_correlated_10000-rnduniform-rnduniform-50-20-6,feasible,0.00459885597229,50,20,6,10000,span_weakly_correlated,True
compact,511599.0,profit_ceiling_10000-rnduniform-rnduniform-200-20-9,feasible,0.0085120201110839,200,20,9,10000,profit_ceiling,True
mckp,2744397.0,almost_strongly_correlated_10000-rnduniform-rnduniform-1000-100-0,feasible,26.136766971999997,1000,100,0,10000,almost_strongly_correlated,True
mckp,95427.0,span_uncorrelated_1000-rnduniform-rnduniform-200-20-4,feasible,0.522243884,200,20,4,1000,span_uncorrelated,True
mckp,2458987.0,subset_sum_10000-rnduniform-rnduniform-1000-20-5,feasible,155.650832482,1000,20,5,10000,subset_sum,True
mckp,2983523.0,strongly_correlated_10000-rnduniform-rnduniform-1000-100-2,feasible,16.756989133999998,1000,100,2,10000,strongly_correlated,True
compact,166196.0,uncorrelated_10000-rnduniform-rnduniform-50-20-8,feasible,0.0019938945770263,50,20,8,10000,uncorrelated,True
mckp,137035.0,strongly_correlated_1000-rnduniform-rnduniform-500-20-0,feasible,3.5105300880000003,500,20,0,1000,strongly_correlated,True
mckp,253803.0,profit_ceiling_1000-rnduniform-rnduniform-1000-100-6,feasible,1.546164233,1000,100,6,1000,profit_ceiling,True
mckp,22086.0,profit_ceiling_1000-rnduniform-rnduniform-100-20-1,feasible,0.215666794,100,20,1,1000,profit_ceiling,True
compact,592069.0,almost_strongly_correlated_1000-rnduniform-rnduniform-2000-20-1,feasible,2113.9809918403625,2000,20,1,1000,almost_strongly_correlated,False
compact,1045037.0,span_strongly_correlated_1000-rnduniform-rnduniform-2000-100-8,feasible,3600.0014939308167,2000,100,8,1000,span_strongly_correlated,False
compact,365737.0,mstr_1000-rnduniform-rnduniform-1000-20-0,feasible,3600.001253128052,1000,20,0,1000,mstr,False
compact,5739095.0,span_uncorrelated_10000-rnduniform-rnduniform-2000-100-4,feasible,3600.001358985901,2000,100,4,10000,span_uncorrelated,False
compact,2493792.0,inverse_strongly_correlated_10000-rnduniform-rnduniform-1000-20-2,feasible,3600.0007429122925,1000,20,2,10000,inverse_strongly_correlated,False
mckp,620327.0,strongly_correlated_1000-rnduniform-rnduniform-2000-100-4,feasible,10.414607373,2000,100,4,1000,strongly_correlated,True
compact,676501.0,strongly_correlated_1000-rnduniform-rnduniform-2000-20-7,feasible,3600.0011970996857,2000,20,7,1000,strongly_correlated,False
mckp,5900222.0,weakly_correlated_10000-rnduniform-rnduniform-2000-20-9,feasible,2267.231372441,2000,20,9,10000,weakly_correlated,True
mckp,498800.0,weakly_correlated_10000-rnduniform-rnduniform-200-20-2,feasible,5.285624523,200,20,2,10000,weakly_correlated,True
mckp,5728281.0,inverse_strongly_correlated_10000-rnduniform-rnduniform-2000-100-9,feasible,88.03712610400001,2000,100,9,10000,inverse_strongly_correlated,True
mckp,184023.0,mstr_1000-rnduniform-rnduniform-500-20-2,feasible,3.925038749,500,20,2,1000,mstr,True
compact,262088.0,weakly_correlated_1000-rnduniform-rnduniform-1000-100-4,feasible,0.0536620616912841,1000,100,4,1000,weakly_correlated,True
compact,2711634.0,profit_ceiling_10000-rnduniform-rnduniform-1000-20-9,feasible,6.602349042892456,1000,20,9,10000,profit_ceiling,False
mckp,586715.0,almost_strongly_correlated_1000-rnduniform-rnduniform-2000-100-1,feasible,12.096947797,2000,100,1,1000,almost_strongly_correlated,True
mckp,2364569.0,subset_sum_10000-rnduniform-rnduniform-1000-100-2,feasible,23.205012326,1000,100,2,10000,subset_sum,True
compact,254541.0,profit_ceiling_1000-rnduniform-rnduniform-1000-20-6,feasible,0.0137920379638671,1000,20,6,1000,profit_ceiling,True
mckp,915809.0,circle_10000-rnduniform-rnduniform-200-20-2,feasible,3.682023731,200,20,2,10000,circle,True
mckp,7207796.0,span_uncorrelated_10000-rnduniform-rnduniform-2000-100-3,feasible,73.716448605,2000,100,3,10000,span_uncorrelated,True
compact,3787862.0,uncorrelated_10000-rnduniform-rnduniform-1000-100-1,feasible,0.0735170841217041,1000,100,1,10000,uncorrelated,True
mckp,143783.0,weakly_correlated_1000-rnduniform-rnduniform-500-20-9,feasible,6.255822005,500,20,9,1000,weakly_correlated,True
compact,537681.0,mstr_10000-rnduniform-rnduniform-200-20-6,feasible,0.223398208618164,200,20,6,10000,mstr,True
compact,229775.0,span_weakly_correlated_1000-rnduniform-rnduniform-500-20-7,feasible,0.0127599239349365,500,20,7,1000,span_weakly_correlated,True
compact,1538439.0,strongly_correlated_10000-rnduniform-rnduniform-500-20-4,feasible,215.0029079914093,500,20,4,10000,strongly_correlated,False
compact,190494.0,span_strongly_correlated_1000-rnduniform-rnduniform-1000-500-0,feasible,0.0117421150207519,1000,500,0,1000,span_strongly_correlated,True
compact,366151.0,uncorrelated_similar-rnduniform-rnduniform-1000-20-5,feasible,0.0445091724395751,1000,20,5,100000,uncorrelated_similar,True
mckp,702306.0,span_weakly_correlated_10000-rnduniform-rnduniform-200-20-5,feasible,7.266690765,200,20,5,10000,span_weakly_correlated,True
compact,783696.0,span_weakly_correlated_1000-rnduniform-rnduniform-2000-100-8,feasible,3600.0019500255585,2000,100,8,1000,span_weakly_correlated,False
mckp,332358.0,span_weakly_correlated_1000-rnduniform-rnduniform-1000-20-8,feasible,12.017408055,1000,20,8,1000,span_weakly_correlated,True
mckp,5208670.0,mstr_10000-rnduniform-rnduniform-2000-100-5,feasible,92.117144999,2000,100,5,10000,mstr,True
compact,36122.0,uncorrelated_1000-rnduniform-rnduniform-100-20-2,feasible,0.0041759014129638,100,20,2,1000,uncorrelated,True
mckp,519685.0,subset_sum_10000-rnduniform-rnduniform-200-20-8,feasible,3.69311561,200,20,8,10000,subset_sum,True
mckp,263726.0,inverse_strongly_correlated_1000-rnduniform-rnduniform-1000-100-5,feasible,1.5851025090000002,1000,100,5,1000,inverse_strongly_correlated,True
mckp,61005.0,almost_strongly_correlated_1000-rnduniform-rnduniform-200-20-2,feasible,0.278478306,200,20,2,1000,almost_strongly_correlated,True
mckp,6654764.0,span_uncorrelated_10000-rnduniform-rnduniform-2000-20-9,feasible,368.843748418,2000,20,9,10000,span_uncorrelated,True
compact,178457.0,mstr_1000-rnduniform-rnduniform-500-20-0,feasible,2.179347038269043,500,20,0,1000,mstr,False
compact,70055.0,mstr_1000-rnduniform-rnduniform-200-100-3,feasible,0.0026679039001464,200,100,3,1000,mstr,True
mckp,397023.0,span_weakly_correlated_10000-rnduniform-rnduniform-200-20-1,feasible,4.33658843,200,20,1,10000,span_weakly_correlated,True
mckp,223891.0,subset_sum_1000-rnduniform-rnduniform-1000-100-0,feasible,1.343959695,1000,100,0,1000,subset_sum,True
mckp,44788.0,span_strongly_correlated_1000-rnduniform-rnduniform-100-20-6,feasible,0.290166837,100,20,6,1000,span_strongly_correlated,True
compact,508797.0,weakly_correlated_10000-rnduniform-rnduniform-200-100-2,feasible,0.0038180351257324,200,100,2,10000,weakly_correlated,True
mckp,122021.0,inverse_strongly_correlated_1000-rnduniform-rnduniform-500-20-1,feasible,6.64753246,500,20,1,1000,inverse_strongly_correlated,True
compact,468821.0046631769,circle_10000-rnduniform-rnduniform-100-20-5,feasible,0.0492510795593261,100,20,5,10000,circle,True
compact,551518.0,subset_sum_10000-rnduniform-rnduniform-200-20-9,feasible,0.0318000316619873,200,20,9,10000,subset_sum,True
mckp,175445.0,almost_strongly_correlated_1000-rnduniform-rnduniform-500-20-9,feasible,5.2280577070000005,500,20,9,1000,almost_strongly_correlated,True
compact,1161471.0,profit_ceiling_10000-rnduniform-rnduniform-500-20-2,feasible,3600.0005419254303,500,20,2,10000,profit_ceiling,False
compact,3259048.0,uncorrelated_10000-rnduniform-rnduniform-1000-500-2,feasible,0.0077950954437255,1000,500,2,10000,uncorrelated,True
mckp,149464.0,almost_strongly_correlated_1000-rnduniform-rnduniform-500-20-3,feasible,5.128472959,500,20,3,1000,almost_strongly_correlated,True
compact,2660442.0,span_strongly_correlated_10000-rnduniform-rnduniform-500-20-8,feasible,3600.0004777908325,500,20,8,10000,span_strongly_correlated,False
mckp,2544322.0,span_weakly_correlated_10000-rnduniform-rnduniform-1000-100-2,feasible,20.189897371,1000,100,2,10000,span_weakly_correlated,True
compact,115484.0,subset_sum_1000-rnduniform-rnduniform-500-20-1,feasible,0.0042250156402587,500,20,1,1000,subset_sum,True
compact,524066.0,subset_sum_1000-rnduniform-rnduniform-2000-20-9,feasible,0.0134000778198242,2000,20,9,1000,subset_sum,True
mckp,933017.0,circle_1000-rnduniform-rnduniform-2000-20-1,feasible,88.38017873999999,2000,20,1,1000,circle,True
compact,367223.0,span_weakly_correlated_1000-rnduniform-rnduniform-1000-100-1,feasible,3600.000900030136,1000,100,1,1000,span_weakly_correlated,False
mckp,58447.0,almost_strongly_correlated_1000-rnduniform-rnduniform-200-100-3,feasible,0.3048243129999999,200,100,3,1000,almost_strongly_correlated,True
mckp,547620.0,span_strongly_correlated_10000-rnduniform-rnduniform-200-100-2,feasible,4.438910798999999,200,100,2,10000,span_strongly_correlated,True
compact,17621.0,uncorrelated_1000-rnduniform-rnduniform-50-20-1,feasible,0.0027379989624023,50,20,1,1000,uncorrelated,True
mckp,115484.0,subset_sum_1000-rnduniform-rnduniform-500-20-1,feasible,4.289771189,500,20,1,1000,subset_sum,True
mckp,171293.0,strongly_correlated_1000-rnduniform-rnduniform-500-20-8,feasible,5.821770876,500,20,8,1000,strongly_correlated,True
compact,3215995.0,strongly_correlated_10000-rnduniform-rnduniform-1000-100-7,feasible,18.344228982925415,1000,100,7,10000,strongly_correlated,False
mckp,847061.0,circle_10000-rnduniform-rnduniform-200-100-2,feasible,4.855938298,200,100,2,10000,circle,True
compact,2463803.0,subset_sum_10000-rnduniform-rnduniform-1000-100-4,feasible,0.017510175704956,1000,100,4,10000,subset_sum,True
compact,262905.0,subset_sum_1000-rnduniform-rnduniform-1000-20-7,feasible,0.0116071701049804,1000,20,7,1000,subset_sum,True
mckp,494884.0,subset_sum_1000-rnduniform-rnduniform-2000-20-5,feasible,70.40908604399999,2000,20,5,1000,subset_sum,True
compact,314840.0,span_uncorrelated_1000-rnduniform-rnduniform-1000-20-6,feasible,3600.000820159912,1000,20,6,1000,span_uncorrelated,False
compact,640461.0,strongly_correlated_1000-rnduniform-rnduniform-2000-20-4,feasible,0.0940349102020263,2000,20,4,1000,strongly_correlated,False
mckp,1048440.0,span_weakly_correlated_1000-rnduniform-rnduniform-2000-20-9,feasible,91.374663048,2000,20,9,1000,span_weakly_correlated,True
compact,134538.0,weakly_correlated_1000-rnduniform-rnduniform-500-20-6,feasible,0.0295550823211669,500,20,6,1000,weakly_correlated,True
compact,255877.0,weakly_correlated_1000-rnduniform-rnduniform-1000-100-2,feasible,0.1140620708465576,1000,100,2,1000,weakly_correlated,True
compact,2685360.0,span_uncorrelated_10000-rnduniform-rnduniform-500-20-0,feasible,0.0592360496520996,500,20,0,10000,span_uncorrelated,True
compact,679737.0,strongly_correlated_1000-rnduniform-rnduniform-2000-20-9,feasible,3600.0013790130615,2000,20,9,1000,strongly_correlated,False
compact,214689.0,span_uncorrelated_10000-rnduniform-rnduniform-200-100-0,feasible,0.0030598640441894,200,100,0,10000,span_uncorrelated,True
mckp,1261145.0,mstr_10000-rnduniform-rnduniform-500-20-2,feasible,53.311353377,500,20,2,10000,mstr,True
mckp,130224.0,weakly_correlated_1000-rnduniform-rnduniform-500-20-1,feasible,4.396665799,500,20,1,1000,weakly_correlated,True
compact,9371296.0,circle_10000-rnduniform-rnduniform-2000-20-1,feasible,0.1484351158142089,2000,20,1,10000,circle,False
mckp,5126160.0,profit_ceiling_10000-rnduniform-rnduniform-2000-100-7,feasible,92.88076719,2000,100,7,10000,profit_ceiling,True
mckp,495390.0,profit_ceiling_1000-rnduniform-rnduniform-2000-100-5,feasible,10.195123055000002,2000,100,5,1000,profit_ceiling,True
compact,2230839.0,profit_ceiling_10000-rnduniform-rnduniform-1000-20-0,feasible,0.1278228759765625,1000,20,0,10000,profit_ceiling,False
compact,31553.0,almost_strongly_correlated_1000-rnduniform-rnduniform-100-20-9,feasible,0.1577301025390625,100,20,9,1000,almost_strongly_correlated,True
compact,7958972.0,uncorrelated_10000-rnduniform-rnduniform-2000-20-3,feasible,0.1647891998291015,2000,20,3,10000,uncorrelated,False
compact,3381920.0,span_strongly_correlated_10000-rnduniform-rnduniform-1000-100-2,feasible,3600.001191854477,1000,100,2,10000,span_strongly_correlated,False
compact,1208016.0,inverse_strongly_correlated_10000-rnduniform-rnduniform-500-20-3,feasible,46.445404052734375,500,20,3,10000,inverse_strongly_correlated,False
mckp,11866.0,span_uncorrelated_1000-rnduniform-rnduniform-50-20-1,feasible,0.125177201,50,20,1,1000,span_uncorrelated,True
compact,230970.0,profit_ceiling_10000-rnduniform-rnduniform-100-20-8,feasible,0.1304349899291992,100,20,8,10000,profit_ceiling,True
mckp,990987.0,span_strongly_correlated_10000-rnduniform-rnduniform-500-20-1,feasible,12.334573467,500,20,1,10000,span_strongly_correlated,True
compact,228804.0,profit_ceiling_10000-rnduniform-rnduniform-100-20-1,feasible,0.1605329513549804,100,20,1,10000,profit_ceiling,True
mckp,441876.0,profit_ceiling_10000-rnduniform-rnduniform-200-20-2,feasible,3.383927197,200,20,2,10000,profit_ceiling,True
mckp,37442.0,span_uncorrelated_1000-rnduniform-rnduniform-100-20-9,feasible,0.3317213719999999,100,20,9,1000,span_uncorrelated,True
mckp,258210.0,subset_sum_1000-rnduniform-rnduniform-1000-100-8,feasible,1.533301868,1000,100,8,1000,subset_sum,True
compact,462064.0,subset_sum_1000-rnduniform-rnduniform-2000-20-1,feasible,0.0152308940887451,2000,20,1,1000,subset_sum,True
mckp,478440.0,circle_1000-rnduniform-rnduniform-1000-20-4,feasible,24.84593831,1000,20,4,1000,circle,True
compact,258856.0,inverse_strongly_correlated_1000-rnduniform-rnduniform-1000-20-5,feasible,3600.002207994461,1000,20,5,1000,inverse_strongly_correlated,False
compact,2318634.0,subset_sum_10000-rnduniform-rnduniform-1000-20-2,feasible,0.0203731060028076,1000,20,2,10000,subset_sum,True
compact,148196.0,almost_strongly_correlated_10000-rnduniform-rnduniform-50-20-5,feasible,0.056359052658081,50,20,5,10000,almost_strongly_correlated,True
compact,915809.0,circle_10000-rnduniform-rnduniform-200-20-2,feasible,0.0660340785980224,200,20,2,10000,circle,True
compact,802750.0,span_weakly_correlated_10000-rnduniform-rnduniform-500-100-0,feasible,0.0512340068817138,500,100,0,10000,span_weakly_correlated,True
compact,449337.0,profit_ceiling_1000-rnduniform-rnduniform-2000-20-1,feasible,0.01363205909729,2000,20,1,1000,profit_ceiling,True
mckp,1347703.0,subset_sum_10000-rnduniform-rnduniform-500-20-7,feasible,37.515783056,500,20,7,10000,subset_sum,True
compact,487276.0,weakly_correlated_1000-rnduniform-rnduniform-2000-20-0,feasible,0.1292629241943359,2000,20,0,1000,weakly_correlated,True
compact,264819.0,inverse_strongly_correlated_10000-rnduniform-rnduniform-100-20-4,feasible,0.185776948928833,100,20,4,10000,inverse_strongly_correlated,True
compact,76649.0,mstr_1000-rnduniform-rnduniform-200-20-4,feasible,0.1814649105072021,200,20,4,1000,mstr,True
mckp,328908.0,uncorrelated_10000-rnduniform-rnduniform-100-20-3,feasible,2.626453757,100,20,3,10000,uncorrelated,True
compact,352818.0,span_uncorrelated_10000-rnduniform-rnduniform-100-20-1,feasible,0.0792100429534912,100,20,1,10000,span_uncorrelated,True
compact,4471279.0,span_uncorrelated_10000-rnduniform-rnduniform-2000-100-5,feasible,3600.001736164093,2000,100,5,10000,span_uncorrelated,False
mckp,2430771.0,profit_ceiling_10000-rnduniform-rnduniform-1000-100-4,feasible,26.937485406,1000,100,4,10000,profit_ceiling,True
mckp,2837517.0,span_weakly_correlated_10000-rnduniform-rnduniform-1000-100-8,feasible,25.635522204999997,1000,100,8,10000,span_weakly_correlated,True
mckp,5504866.0,inverse_strongly_correlated_10000-rnduniform-rnduniform-2000-100-7,feasible,85.491872908,2000,100,7,10000,inverse_strongly_correlated,True
mckp,803839.0,uncorrelated_1000-rnduniform-rnduniform-2000-100-6,feasible,10.253437736,2000,100,6,1000,uncorrelated,True
compact,739434.0,span_weakly_correlated_10000-rnduniform-rnduniform-200-20-2,feasible,0.2015349864959716,200,20,2,10000,span_weakly_correlated,True
compact,616795.0,strongly_correlated_10000-rnduniform-rnduniform-200-20-3,feasible,0.2298779487609863,200,20,3,10000,strongly_correlated,True
compact,933531.0,circle_1000-rnduniform-rnduniform-2000-100-3,feasible,0.2449958324432373,2000,100,3,1000,circle,False
mckp,27280.0,span_weakly_correlated_1000-rnduniform-rnduniform-200-20-0,feasible,0.19202383,200,20,0,1000,span_weakly_correlated,True
compact,87040.0,span_uncorrelated_1000-rnduniform-rnduniform-200-20-9,feasible,0.0101170539855957,200,20,9,1000,span_uncorrelated,True
mckp,180175.0,span_uncorrelated_1000-rnduniform-rnduniform-500-20-3,feasible,2.659666825,500,20,3,1000,span_uncorrelated,True
compact,307028.0,span_uncorrelated_1000-rnduniform-rnduniform-500-20-4,feasible,0.284243106842041,500,20,4,1000,span_uncorrelated,True
compact,402120.0,uncorrelated_10000-rnduniform-rnduniform-100-20-8,feasible,0.0094101428985595,100,20,8,10000,uncorrelated,True
mckp,130942.0,span_strongly_correlated_10000-rnduniform-rnduniform-50-20-3,feasible,1.208888896,50,20,3,10000,span_strongly_correlated,True
compact,263082.0,subset_sum_1000-rnduniform-rnduniform-1000-20-9,feasible,0.0068790912628173,1000,20,9,1000,subset_sum,True
mckp,49520.0,weakly_correlated_1000-rnduniform-rnduniform-200-20-2,feasible,0.287353168,200,20,2,1000,weakly_correlated,True
mckp,541342.0,strongly_correlated_10000-rnduniform-rnduniform-200-100-0,feasible,4.959904258,200,100,0,10000,strongly_correlated,True
mckp,317464.0,strongly_correlated_1000-rnduniform-rnduniform-1000-100-6,feasible,1.6123464010000002,1000,100,6,1000,strongly_correlated,True
compact,2255029.0,subset_sum_10000-rnduniform-rnduniform-1000-500-0,feasible,0.0094740390777587,1000,500,0,10000,subset_sum,True
mckp,529867.0,weakly_correlated_1000-rnduniform-rnduniform-2000-20-3,feasible,222.717406542,2000,20,3,1000,weakly_correlated,True
mckp,234643.0,inverse_strongly_correlated_10000-rnduniform-rnduniform-100-20-3,feasible,3.650206461,100,20,3,10000,inverse_strongly_correlated,True
mckp,2620108.0,weakly_correlated_10000-rnduniform-rnduniform-1000-20-3,feasible,481.849959291,1000,20,3,10000,weakly_correlated,True
mckp,374574.0,mstr_1000-rnduniform-rnduniform-1000-100-3,feasible,3.393742618,1000,100,3,1000,mstr,True
mckp,78628.0,mstr_1000-rnduniform-rnduniform-200-20-6,feasible,0.320222692,200,20,6,1000,mstr,True
mckp,2142905.0,uncorrelated_10000-rnduniform-rnduniform-500-20-9,feasible,40.261757808,500,20,9,10000,uncorrelated,True
compact,5198400.0,mstr_10000-rnduniform-rnduniform-2000-100-4,feasible,0.3062779903411865,2000,100,4,10000,mstr,False
compact,10357692.0,circle_10000-rnduniform-rnduniform-2000-20-9,feasible,3600.0018379688263,2000,20,9,10000,circle,False
compact,344301.0,uncorrelated_similar-rnduniform-rnduniform-1000-20-0,feasible,0.0351810455322265,1000,20,0,100000,uncorrelated_similar,True
compact,629500.0,uncorrelated_10000-rnduniform-rnduniform-200-100-0,feasible,0.0031120777130126,200,100,0,10000,uncorrelated,True
compact,131122.0,inverse_strongly_correlated_1000-rnduniform-rnduniform-500-20-6,feasible,24.597678184509277,500,20,6,1000,inverse_strongly_correlated,True
mckp,1013538.0,circle_10000-rnduniform-rnduniform-200-20-8,feasible,5.588520211,200,20,8,10000,circle,True
mckp,817042.0,uncorrelated_1000-rnduniform-rnduniform-2000-20-7,feasible,335.432449057,2000,20,7,1000,uncorrelated,True
mckp,794932.0,uncorrelated_1000-rnduniform-rnduniform-2000-100-5,feasible,10.506824423,2000,100,5,1000,uncorrelated,True
mckp,81515.0,circle_1000-rnduniform-rnduniform-200-100-1,feasible,0.263402377,200,100,1,1000,circle,True
mckp,275335.0,subset_sum_10000-rnduniform-rnduniform-100-20-7,feasible,2.33019215,100,20,7,10000,subset_sum,True
mckp,7579644.0,span_strongly_correlated_10000-rnduniform-rnduniform-2000-100-8,feasible,97.685240759,2000,100,8,10000,span_strongly_correlated,True
compact,559438.0,span_weakly_correlated_1000-rnduniform-rnduniform-1000-20-7,feasible,0.0125818252563476,1000,20,7,1000,span_weakly_correlated,True
compact,134984.0,subset_sum_1000-rnduniform-rnduniform-500-20-6,feasible,0.0131919384002685,500,20,6,1000,subset_sum,True
mckp,289453.0,inverse_strongly_correlated_1000-rnduniform-rnduniform-1000-100-9,feasible,2.275648484,1000,100,9,1000,inverse_strongly_correlated,True
mckp,258667.0,weakly_correlated_10000-rnduniform-rnduniform-100-20-1,feasible,2.361135326,100,20,1,10000,weakly_correlated,True
compact,5159560.0,inverse_strongly_correlated_10000-rnduniform-rnduniform-2000-100-4,feasible,3600.0016689300537,2000,100,4,10000,inverse_strongly_correlated,False
mckp,410330.0,uncorrelated_1000-rnduniform-rnduniform-1000-100-8,feasible,1.426464319,1000,100,8,1000,uncorrelated,True
compact,200962.0,span_strongly_correlated_10000-rnduniform-rnduniform-100-20-2,feasible,0.0289361476898193,100,20,2,10000,span_strongly_correlated,True
compact,665100.0,span_uncorrelated_1000-rnduniform-rnduniform-1000-20-9,feasible,0.0273220539093017,1000,20,9,1000,span_uncorrelated,True
compact,2983521.0,strongly_correlated_10000-rnduniform-rnduniform-1000-100-2,feasible,0.0632288455963134,1000,100,2,10000,strongly_correlated,False
mckp,2508390.0,mstr_10000-rnduniform-rnduniform-1000-20-2,feasible,308.93129218800004,1000,20,2,10000,mstr,True
compact,63365.0,almost_strongly_correlated_1000-rnduniform-rnduniform-200-20-7,feasible,0.0347969532012939,200,20,7,1000,almost_strongly_correlated,True
mckp,683904.0,almost_strongly_correlated_1000-rnduniform-rnduniform-2000-20-9,feasible,158.581105959,2000,20,9,1000,almost_strongly_correlated,True
compact,474904.0,span_strongly_correlated_1000-rnduniform-rnduniform-2000-100-7,feasible,3600.001140832901,2000,100,7,1000,span_strongly_correlated,False
compact,7808995.0,span_strongly_correlated_10000-rnduniform-rnduniform-2000-20-6,feasible,3600.0014131069183,2000,20,6,10000,span_strongly_correlated,False
compact,2793220.0,weakly_correlated_10000-rnduniform-rnduniform-1000-20-6,feasible,0.1820809841156005,1000,20,6,10000,weakly_correlated,False
mckp,1380628.0,inverse_strongly_correlated_10000-rnduniform-rnduniform-500-20-7,feasible,40.648211072,500,20,7,10000,inverse_strongly_correlated,True
compact,236851.0,subset_sum_1000-rnduniform-rnduniform-1000-100-4,feasible,0.0198330879211425,1000,100,4,1000,subset_sum,True
compact,6123401.0,almost_strongly_correlated_10000-rnduniform-rnduniform-2000-20-3,feasible,0.0650489330291748,2000,20,3,10000,almost_strongly_correlated,False
mckp,5390327.0,subset_sum_10000-rnduniform-rnduniform-2000-100-9,feasible,137.994773487,2000,100,9,10000,subset_sum,True
compact,951290.0,circle_1000-rnduniform-rnduniform-2000-20-2,feasible,907.9960021972656,2000,20,2,1000,circle,False
compact,91704.0,circle_1000-rnduniform-rnduniform-200-20-3,feasible,0.0318310260772705,200,20,3,1000,circle,True
mckp,769714.0,span_uncorrelated_1000-rnduniform-rnduniform-2000-20-6,feasible,80.711805555,2000,20,6,1000,span_uncorrelated,True
compact,2522385.0,subset_sum_10000-rnduniform-rnduniform-1000-100-7,feasible,0.0230019092559814,1000,100,7,10000,subset_sum,True
compact,1532330.0,almost_strongly_correlated_10000-rnduniform-rnduniform-500-20-6,feasible,1.319509983062744,500,20,6,10000,almost_strongly_correlated,False
mckp,21639.0,profit_ceiling_1000-rnduniform-rnduniform-100-20-0,feasible,0.188700009,100,20,0,1000,profit_ceiling,True
mckp,715476.0,uncorrelated_similar-rnduniform-rnduniform-2000-20-3,feasible,4599.850789149,2000,20,3,100000,uncorrelated_similar,False
mckp,207675.0,span_weakly_correlated_1000-rnduniform-rnduniform-500-20-4,feasible,3.60117735,500,20,4,1000,span_weakly_correlated,True
mckp,70055.0,mstr_1000-rnduniform-rnduniform-200-100-3,feasible,0.397858405,200,100,3,1000,mstr,True
compact,276196.0,weakly_correlated_1000-rnduniform-rnduniform-1000-20-6,feasible,0.0286569595336914,1000,20,6,1000,weakly_correlated,True
mckp,203555.0,span_strongly_correlated_1000-rnduniform-rnduniform-500-20-2,feasible,2.897298355,500,20,2,1000,span_strongly_correlated,True
mckp,1247732.0,weakly_correlated_10000-rnduniform-rnduniform-500-20-0,feasible,36.842997785,500,20,0,10000,weakly_correlated,True
compact,435344.0,subset_sum_1000-rnduniform-rnduniform-2000-20-0,feasible,0.0143790245056152,2000,20,0,1000,subset_sum,True
compact,1202448.0,profit_ceiling_10000-rnduniform-rnduniform-500-20-4,feasible,0.0243959426879882,500,20,4,10000,profit_ceiling,True
compact,59069.0,inverse_strongly_correlated_1000-rnduniform-rnduniform-200-20-9,feasible,0.595736026763916,200,20,9,1000,inverse_strongly_correlated,True
mckp,288572.0,span_strongly_correlated_1000-rnduniform-rnduniform-1000-100-1,feasible,1.5125795759999998,1000,100,1,1000,span_strongly_correlated,True
mckp,5105465.0,inverse_strongly_correlated_10000-rnduniform-rnduniform-2000-20-4,feasible,1380.566090645,2000,20,4,10000,inverse_strongly_correlated,True
mckp,3838531.0,uncorrelated_10000-rnduniform-rnduniform-1000-20-0,feasible,476.820674309,1000,20,0,10000,uncorrelated,True
compact,580298.0,weakly_correlated_10000-rnduniform-rnduniform-200-20-9,feasible,0.0313329696655273,200,20,9,10000,weakly_correlated,True
compact,412146.0,uncorrelated_1000-rnduniform-rnduniform-1000-20-7,feasible,0.0333681106567382,1000,20,7,1000,uncorrelated,True
compact,776541.0,mstr_1000-rnduniform-rnduniform-2000-100-3,feasible,417.0592758655548,2000,100,3,1000,mstr,False
compact,30303.0,strongly_correlated_1000-rnduniform-rnduniform-100-20-5,feasible,0.0338771343231201,100,20,5,1000,strongly_correlated,True
compact,457330.0,subset_sum_1000-rnduniform-rnduniform-2000-100-2,feasible,0.033588171005249,2000,100,2,1000,subset_sum,True
compact,757306.0,uncorrelated_similar-rnduniform-rnduniform-2000-20-7,feasible,0.0563149452209472,2000,20,7,100000,uncorrelated_similar,True
compact,1113410.0,span_uncorrelated_1000-rnduniform-rnduniform-2000-20-9,feasible,0.0145058631896972,2000,20,9,1000,span_uncorrelated,True
mckp,5646308.0,inverse_strongly_correlated_10000-rnduniform-rnduniform-2000-20-9,feasible,2122.080323061,2000,20,9,10000,inverse_strongly_correlated,True
mckp,494051.0,circle_1000-rnduniform-rnduniform-1000-100-7,feasible,2.145982708,1000,100,7,1000,circle,True
compact,5177197.0,weakly_correlated_10000-rnduniform-rnduniform-2000-20-3,feasible,0.0754339694976806,2000,20,3,10000,weakly_correlated,False
compact,225174.0,mstr_10000-rnduniform-rnduniform-100-20-0,feasible,0.1572859287261963,100,20,0,10000,mstr,True
mckp,33663.0,span_weakly_correlated_1000-rnduniform-rnduniform-500-20-9,feasible,0.302716017,500,20,9,1000,span_weakly_correlated,True
mckp,3096800.0,strongly_correlated_10000-rnduniform-rnduniform-1000-100-5,feasible,17.93996306,1000,100,5,10000,strongly_correlated,True
compact,5423147.0,inverse_strongly_correlated_10000-rnduniform-rnduniform-2000-20-6,feasible,3600.0014390945435,2000,20,6,10000,inverse_strongly_correlated,False
mckp,63102.0,span_strongly_correlated_1000-rnduniform-rnduniform-200-20-7,feasible,0.45433345,200,20,7,1000,span_strongly_correlated,True
compact,68058.0,strongly_correlated_1000-rnduniform-rnduniform-200-20-8,feasible,0.0205121040344238,200,20,8,1000,strongly_correlated,True
compact,2611000.0,mstr_10000-rnduniform-rnduniform-1000-100-5,feasible,2.8803188800811768,1000,100,5,10000,mstr,False
compact,1251182.0,mstr_10000-rnduniform-rnduniform-500-20-4,feasible,39.58463788032532,500,20,4,10000,mstr,False
compact,285596.99999999977,almost_strongly_correlated_1000-rnduniform-rnduniform-1000-20-1,feasible,0.5130548477172852,1000,20,1,1000,almost_strongly_correlated,True
compact,307066.0,strongly_correlated_1000-rnduniform-rnduniform-1000-20-4,feasible,3600.0007989406586,1000,20,4,1000,strongly_correlated,False
compact,31622.0,span_weakly_correlated_1000-rnduniform-rnduniform-200-20-2,feasible,0.0262320041656494,200,20,2,1000,span_weakly_correlated,True
compact,336122.0,strongly_correlated_1000-rnduniform-rnduniform-1000-100-8,feasible,11.337564945220947,1000,100,8,1000,strongly_correlated,True
compact,6506045.0,strongly_correlated_10000-rnduniform-rnduniform-2000-100-7,feasible,1.8004629611968994,2000,100,7,10000,strongly_correlated,True
compact,4159214.0,span_weakly_correlated_10000-rnduniform-rnduniform-2000-20-9,feasible,3600.0016889572144,2000,20,9,10000,span_weakly_correlated,False
mckp,481857.0,span_strongly_correlated_1000-rnduniform-rnduniform-1000-100-9,feasible,2.5143555240000004,1000,100,9,1000,span_strongly_correlated,True
mckp,56190.0,almost_strongly_correlated_1000-rnduniform-rnduniform-200-20-1,feasible,0.304096189,200,20,1,1000,almost_strongly_correlated,True
compact,1279749.0,weakly_correlated_10000-rnduniform-rnduniform-500-20-1,feasible,0.1149110794067382,500,20,1,10000,weakly_correlated,True
compact,715476.0,uncorrelated_similar-rnduniform-rnduniform-2000-20-3,feasible,0.0444331169128418,2000,20,3,100000,uncorrelated_similar,True
compact,771272.0,span_strongly_correlated_1000-rnduniform-rnduniform-2000-20-0,feasible,0.0211408138275146,2000,20,0,1000,span_strongly_correlated,True
compact,229731.0,profit_ceiling_1000-rnduniform-rnduniform-1000-20-1,feasible,0.0101850032806396,1000,20,1,1000,profit_ceiling,True
compact,939508.0,circle_10000-rnduniform-rnduniform-200-20-4,feasible,0.0634591579437255,200,20,4,10000,circle,True
compact,846248.0,span_strongly_correlated_10000-rnduniform-rnduniform-200-20-4,feasible,3600.0003337860107,200,20,4,10000,span_strongly_correlated,False
mckp,534746.0,inverse_strongly_correlated_1000-rnduniform-rnduniform-2000-20-7,feasible,138.060236175,2000,20,7,1000,inverse_strongly_correlated,True
mckp,68058.0,strongly_correlated_1000-rnduniform-rnduniform-200-20-8,feasible,0.306195473,200,20,8,1000,strongly_correlated,True
mckp,1049290.0,span_uncorrelated_10000-rnduniform-rnduniform-200-20-9,feasible,8.407103036,200,20,9,10000,span_uncorrelated,True
mckp,558476.0,weakly_correlated_10000-rnduniform-rnduniform-200-20-8,feasible,5.5002068,200,20,8,10000,weakly_correlated,True
mckp,3385461.0,span_uncorrelated_10000-rnduniform-rnduniform-1000-20-6,feasible,139.504814731,1000,20,6,10000,span_uncorrelated,True
compact,3985643.0,uncorrelated_10000-rnduniform-rnduniform-1000-100-8,feasible,0.0731780529022216,1000,100,8,10000,uncorrelated,True
mckp,142948.0,mstr_10000-rnduniform-rnduniform-50-20-6,feasible,1.242602352,50,20,6,10000,mstr,True
compact,483655.0,subset_sum_10000-rnduniform-rnduniform-200-20-4,feasible,0.0036330223083496,200,20,4,10000,subset_sum,True
mckp,382237.0,uncorrelated_1000-rnduniform-rnduniform-1000-20-1,feasible,49.898338882,1000,20,1,1000,uncorrelated,True
mckp,822522.0,uncorrelated_1000-rnduniform-rnduniform-2000-100-7,feasible,10.35913215,2000,100,7,1000,uncorrelated,True
compact,73306.0,mstr_1000-rnduniform-rnduniform-200-100-4,feasible,0.0019681453704833,200,100,4,1000,mstr,True
mckp,453695.0,circle_1000-rnduniform-rnduniform-1000-20-0,feasible,25.823930473999997,1000,20,0,1000,circle,True
compact,481857.0,span_strongly_correlated_1000-rnduniform-rnduniform-1000-100-9,feasible,3600.000671863556,1000,100,9,1000,span_strongly_correlated,False
mckp,440691.0,profit_ceiling_10000-rnduniform-rnduniform-200-100-0,feasible,4.446939977,200,100,0,10000,profit_ceiling,True
compact,61281.0,strongly_correlated_1000-rnduniform-rnduniform-200-20-5,feasible,0.023331880569458,200,20,5,1000,strongly_correlated,True
compact,6114366.0,span_uncorrelated_10000-rnduniform-rnduniform-1000-20-9,feasible,0.033452033996582,1000,20,9,10000,span_uncorrelated,True
compact,159453.0,almost_strongly_correlated_10000-rnduniform-rnduniform-50-20-6,feasible,0.0622811317443847,50,20,6,10000,almost_strongly_correlated,True
mckp,443145.0,weakly_correlated_10000-rnduniform-rnduniform-200-100-3,feasible,4.508635026,200,100,3,10000,weakly_correlated,True
compact,623347.9999999993,strongly_correlated_10000-rnduniform-rnduniform-200-20-8,feasible,0.0805699825286865,200,20,8,10000,strongly_correlated,True
mckp,339743.0,strongly_correlated_1000-rnduniform-rnduniform-1000-20-8,feasible,28.285479361,1000,20,8,1000,strongly_correlated,True
mckp,5418424.0,inverse_strongly_correlated_10000-rnduniform-rnduniform-2000-20-7,feasible,2858.104841026,2000,20,7,10000,inverse_strongly_correlated,True
mckp,262905.0,subset_sum_1000-rnduniform-rnduniform-1000-20-7,feasible,16.457857659000002,1000,20,7,1000,subset_sum,True
mckp,538071.0,weakly_correlated_1000-rnduniform-rnduniform-2000-100-4,feasible,10.103926449,2000,100,4,1000,weakly_correlated,True
mckp,208064.0,span_uncorrelated_1000-rnduniform-rnduniform-1000-20-0,feasible,22.173489302,1000,20,0,1000,span_uncorrelated,True
compact,94836.0,circle_1000-rnduniform-rnduniform-200-20-4,feasible,0.1751930713653564,200,20,4,1000,circle,True
mckp,6667408.0,span_weakly_correlated_10000-rnduniform-rnduniform-2000-100-5,feasible,69.06436222800001,2000,100,5,10000,span_weakly_correlated,True
mckp,767475.0,uncorrelated_1000-rnduniform-rnduniform-2000-100-2,feasible,15.598098229,2000,100,2,1000,uncorrelated,True
compact,270761.0,weakly_correlated_1000-rnduniform-rnduniform-1000-20-4,feasible,0.0308349132537841,1000,20,4,1000,weakly_correlated,True
compact,388135.0,span_strongly_correlated_10000-rnduniform-rnduniform-200-20-6,feasible,0.1606709957122802,200,20,6,10000,span_strongly_correlated,True
compact,260582.0,weakly_correlated_1000-rnduniform-rnduniform-1000-100-3,feasible,0.0910630226135253,1000,100,3,1000,weakly_correlated,True
mckp,4965930.0,span_strongly_correlated_10000-rnduniform-rnduniform-2000-20-4,feasible,197.661274941,2000,20,4,10000,span_strongly_correlated,True
compact,1963602.0,uncorrelated_10000-rnduniform-rnduniform-500-20-1,feasible,0.0246708393096923,500,20,1,10000,uncorrelated,True
compact,2962155.0,span_weakly_correlated_10000-rnduniform-rnduniform-1000-500-0,feasible,0.0582211017608642,1000,500,0,10000,span_weakly_correlated,True
compact,484143.0,profit_ceiling_1000-rnduniform-rnduniform-2000-20-3,feasible,0.0145211219787597,2000,20,3,1000,profit_ceiling,True
compact,2666862.0,span_strongly_correlated_10000-rnduniform-rnduniform-500-20-3,feasible,3600.0008249282837,500,20,3,10000,span_strongly_correlated,False
mckp,58080.0,span_weakly_correlated_1000-rnduniform-rnduniform-200-100-0,feasible,0.3397077,200,100,0,1000,span_weakly_correlated,True
mckp,410845.0,mstr_1000-rnduniform-rnduniform-1000-20-6,feasible,34.75607899,1000,20,6,1000,mstr,True
mckp,92451.0,circle_1000-rnduniform-rnduniform-200-20-2,feasible,0.328996332,200,20,2,1000,circle,True
compact,9109.0,span_uncorrelated_1000-rnduniform-rnduniform-100-20-7,feasible,0.0255279541015625,100,20,7,1000,span_uncorrelated,True
compact,3171035.0,almost_strongly_correlated_10000-rnduniform-rnduniform-1000-100-7,feasible,1.4918811321258545,1000,100,7,10000,almost_strongly_correlated,False
mckp,1896932.0,span_weakly_correlated_10000-rnduniform-rnduniform-500-20-1,feasible,29.948180392,500,20,1,10000,span_weakly_correlated,True
mckp,111328.0,span_strongly_correlated_1000-rnduniform-rnduniform-200-20-3,feasible,0.656943945,200,20,3,1000,span_strongly_correlated,True
mckp,197276.0,mstr_1000-rnduniform-rnduniform-500-20-6,feasible,4.528695918,500,20,6,1000,mstr,True
compact,41505.0,profit_ceiling_1000-rnduniform-rnduniform-200-100-0,feasible,0.0035669803619384,200,100,0,1000,profit_ceiling,True
compact,675945.0,span_uncorrelated_10000-rnduniform-rnduniform-200-20-2,feasible,0.0601890087127685,200,20,2,10000,span_uncorrelated,True
compact,751430.0,uncorrelated_10000-rnduniform-rnduniform-200-20-2,feasible,0.0376679897308349,200,20,2,10000,uncorrelated,True
compact,766504.0,span_uncorrelated_10000-rnduniform-rnduniform-200-20-7,feasible,0.0067400932312011,200,20,7,10000,span_uncorrelated,True
mckp,4048144.0,span_weakly_correlated_10000-rnduniform-rnduniform-1000-20-8,feasible,89.672410725,1000,20,8,10000,span_weakly_correlated,True
mckp,158323.0,strongly_correlated_1000-rnduniform-rnduniform-500-20-6,feasible,4.0842822,500,20,6,1000,strongly_correlated,True
mckp,5167704.0,subset_sum_10000-rnduniform-rnduniform-2000-100-8,feasible,102.675997249,2000,100,8,10000,subset_sum,True
compact,212323.0,uncorrelated_1000-rnduniform-rnduniform-500-20-8,feasible,0.0306391716003417,500,20,8,1000,uncorrelated,True
mckp,200962.0,span_strongly_correlated_10000-rnduniform-rnduniform-100-20-2,feasible,1.438053498,100,20,2,10000,span_strongly_correlated,True
mckp,50882.0,subset_sum_1000-rnduniform-rnduniform-200-20-9,feasible,0.299148363,200,20,9,1000,subset_sum,True
compact,311258.0,strongly_correlated_1000-rnduniform-rnduniform-1000-100-4,feasible,9.105299949645996,1000,100,4,1000,strongly_correlated,True
compact,255097.0,subset_sum_1000-rnduniform-rnduniform-1000-100-7,feasible,0.0210640430450439,1000,100,7,1000,subset_sum,True
mckp,500074.0,circle_10000-rnduniform-rnduniform-100-20-9,feasible,2.2653627070000004,100,20,9,10000,circle,True
compact,1007731.9999999997,circle_1000-rnduniform-rnduniform-2000-100-7,feasible,0.3892052173614502,2000,100,7,1000,circle,False
mckp,25186.0,subset_sum_1000-rnduniform-rnduniform-100-20-8,feasible,0.165035897,100,20,8,1000,subset_sum,True
compact,68706.0,uncorrelated_similar-rnduniform-rnduniform-200-20-0,feasible,0.0060021877288818,200,20,0,100000,uncorrelated_similar,True
mckp,47827.0,weakly_correlated_1000-rnduniform-rnduniform-200-100-1,feasible,0.371348522,200,100,1,1000,weakly_correlated,True
mckp,505560.0,profit_ceiling_1000-rnduniform-rnduniform-2000-20-7,feasible,120.674217546,2000,20,7,1000,profit_ceiling,True
compact,424155.0,mstr_1000-rnduniform-rnduniform-1000-20-8,feasible,3600.0009570121765,1000,20,8,1000,mstr,False
mckp,6106100.0,almost_strongly_correlated_10000-rnduniform-rnduniform-2000-20-2,feasible,2588.803653336,2000,20,2,10000,almost_strongly_correlated,True
compact,767920.0,span_weakly_correlated_1000-rnduniform-rnduniform-2000-20-7,feasible,3600.0011677742004,2000,20,7,1000,span_weakly_correlated,False
mckp,549054.0,inverse_strongly_correlated_1000-rnduniform-rnduniform-2000-20-8,feasible,165.22547999,2000,20,8,1000,inverse_strongly_correlated,True
compact,423353.0,mstr_1000-rnduniform-rnduniform-1000-20-9,feasible,1288.2165389060974,1000,20,9,1000,mstr,True
compact,584094.0,strongly_correlated_10000-rnduniform-rnduniform-200-100-3,feasible,0.0026910305023193,200,100,3,10000,strongly_correlated,True
mckp,76649.0,mstr_1000-rnduniform-rnduniform-200-20-4,feasible,0.299732753,200,20,4,1000,mstr,True
mckp,304874.0,span_strongly_correlated_1000-rnduniform-rnduniform-2000-100-6,feasible,3.3441583639999997,2000,100,6,1000,span_strongly_correlated,True
mckp,645244.0,span_strongly_correlated_1000-rnduniform-rnduniform-2000-100-1,feasible,6.955339311,2000,100,1,1000,span_strongly_correlated,True
compact,358782.0,uncorrelated_similar-rnduniform-rnduniform-1000-20-2,feasible,0.0303301811218261,1000,20,2,100000,uncorrelated_similar,True
compact,4412705.0,subset_sum_10000-rnduniform-rnduniform-2000-100-1,feasible,0.0579209327697753,2000,100,1,10000,subset_sum,True
mckp,2764851.0,inverse_strongly_correlated_10000-rnduniform-rnduniform-1000-20-8,feasible,295.930641668,1000,20,8,10000,inverse_strongly_correlated,True
compact,9930528.0,span_uncorrelated_10000-rnduniform-rnduniform-2000-20-7,feasible,0.0188419818878173,2000,20,7,10000,span_uncorrelated,True
mckp,2115502.0,span_strongly_correlated_10000-rnduniform-rnduniform-1000-100-5,feasible,9.23101032,1000,100,5,10000,span_strongly_correlated,True
compact,836768.0,uncorrelated_1000-rnduniform-rnduniform-2000-100-8,feasible,0.0681490898132324,2000,100,8,1000,uncorrelated,True
mckp,616795.0,strongly_correlated_10000-rnduniform-rnduniform-200-20-3,feasible,4.502093758,200,20,3,10000,strongly_correlated,True
compact,122672.0,subset_sum_1000-rnduniform-rnduniform-500-100-7,feasible,0.014495849609375,500,100,7,1000,subset_sum,True
mckp,28215.0,inverse_strongly_correlated_1000-rnduniform-rnduniform-100-20-7,feasible,0.221754595,100,20,7,1000,inverse_strongly_correlated,True
mckp,49514.0,subset_sum_1000-rnduniform-rnduniform-200-20-7,feasible,0.545292318,200,20,7,1000,subset_sum,True
mckp,751430.0,uncorrelated_10000-rnduniform-rnduniform-200-20-2,feasible,3.884582565,200,20,2,10000,uncorrelated,True
compact,203555.0,span_strongly_correlated_1000-rnduniform-rnduniform-500-20-2,feasible,3600.000545978546,500,20,2,1000,span_strongly_correlated,False
mckp,5923644.0,almost_strongly_correlated_10000-rnduniform-rnduniform-2000-100-2,feasible,156.844227339,2000,100,2,10000,almost_strongly_correlated,True
compact,340976.0,uncorrelated_similar-rnduniform-rnduniform-1000-100-0,feasible,0.0655040740966796,1000,100,0,100000,uncorrelated_similar,True
compact,447628.0,span_uncorrelated_1000-rnduniform-rnduniform-1000-20-3,feasible,0.0139200687408447,1000,20,3,1000,span_uncorrelated,True
compact,27391.0,weakly_correlated_1000-rnduniform-rnduniform-100-20-9,feasible,0.0314180850982666,100,20,9,1000,weakly_correlated,True
mckp,785998.0,uncorrelated_1000-rnduniform-rnduniform-2000-20-1,feasible,544.183065768,2000,20,1,1000,uncorrelated,True
mckp,6859385.0,strongly_correlated_10000-rnduniform-rnduniform-2000-100-9,feasible,94.509731429,2000,100,9,10000,strongly_correlated,True
compact,372278.0,uncorrelated_1000-rnduniform-rnduniform-1000-100-2,feasible,0.1147730350494384,1000,100,2,1000,uncorrelated,True
mckp,6187611.0,almost_strongly_correlated_10000-rnduniform-rnduniform-2000-500-5,feasible,44.520639009,2000,500,5,10000,almost_strongly_correlated,True
compact,2475735.0,profit_ceiling_10000-rnduniform-rnduniform-1000-20-6,feasible,3600.0009911060333,1000,20,6,10000,profit_ceiling,False
compact,1427604.0,inverse_strongly_correlated_10000-rnduniform-rnduniform-500-20-8,feasible,1.0758638381958008,500,20,8,10000,inverse_strongly_correlated,False
compact,5011546.0,span_strongly_correlated_10000-rnduniform-rnduniform-1000-100-8,feasible,3600.0009150505066,1000,100,8,10000,span_strongly_correlated,False
mckp,76357.0,span_weakly_correlated_1000-rnduniform-rnduniform-500-20-5,feasible,3.481932691,500,20,5,1000,span_weakly_correlated,True
mckp,39074.0,span_weakly_correlated_1000-rnduniform-rnduniform-100-20-4,feasible,0.33300911,100,20,4,1000,span_weakly_correlated,True
compact,12341.0,weakly_correlated_1000-rnduniform-rnduniform-50-20-1,feasible,0.006066083908081,50,20,1,1000,weakly_correlated,True
mckp,678817.0,almost_strongly_correlated_10000-rnduniform-rnduniform-200-20-7,feasible,5.16701942,200,20,7,10000,almost_strongly_correlated,True
mckp,253493.0,mstr_10000-rnduniform-rnduniform-100-20-4,feasible,2.0541641200000003,100,20,4,10000,mstr,True
mckp,2938978.0,weakly_correlated_10000-rnduniform-rnduniform-1000-20-8,feasible,344.520288247,1000,20,8,10000,weakly_correlated,True
compact,229884.0,subset_sum_1000-rnduniform-rnduniform-1000-20-1,feasible,0.0080749988555908,1000,20,1,1000,subset_sum,True
mckp,6287297.0,almost_strongly_correlated_10000-rnduniform-rnduniform-2000-100-5,feasible,107.398042917,2000,100,5,10000,almost_strongly_correlated,True
compact,367368.0,uncorrelated_similar-rnduniform-rnduniform-1000-20-3,feasible,0.016042947769165,1000,20,3,100000,uncorrelated_similar,True
compact,731289.0,uncorrelated_similar-rnduniform-rnduniform-2000-100-4,feasible,0.0626971721649169,2000,100,4,100000,uncorrelated_similar,True
mckp,4219254.0,span_strongly_correlated_10000-rnduniform-rnduniform-1000-100-0,feasible,38.936967765999995,1000,100,0,10000,span_strongly_correlated,True
compact,256655.0,subset_sum_1000-rnduniform-rnduniform-1000-100-6,feasible,0.0138239860534667,1000,100,6,1000,subset_sum,True
compact,110181.0,profit_ceiling_10000-rnduniform-rnduniform-50-20-3,feasible,0.1202030181884765,50,20,3,10000,profit_ceiling,True
mckp,2675040.0,profit_ceiling_10000-rnduniform-rnduniform-1000-20-8,feasible,364.880941109,1000,20,8,10000,profit_ceiling,True
compact,1362885.0,inverse_strongly_correlated_10000-rnduniform-rnduniform-500-20-6,feasible,3600.000539779663,500,20,6,10000,inverse_strongly_correlated,False
compact,2723841.0,subset_sum_10000-rnduniform-rnduniform-1000-100-8,feasible,0.0206508636474609,1000,100,8,10000,subset_sum,True
compact,335501.0,strongly_correlated_1000-rnduniform-rnduniform-1000-100-9,feasible,3600.000804901123,1000,100,9,1000,strongly_correlated,False
mckp,53717.0,strongly_correlated_1000-rnduniform-rnduniform-200-100-0,feasible,0.233253651,200,100,0,1000,strongly_correlated,True
compact,2491314.0,span_weakly_correlated_10000-rnduniform-rnduniform-2000-20-4,feasible,3600.0013558864594,2000,20,4,10000,span_weakly_correlated,False
compact,3021700.0,almost_strongly_correlated_10000-rnduniform-rnduniform-1000-20-3,feasible,3600.0008668899536,1000,20,3,10000,almost_strongly_correlated,False
compact,3783750.0,span_weakly_correlated_10000-rnduniform-rnduniform-2000-100-2,feasible,3600.001379966736,2000,100,2,10000,span_weakly_correlated,False
compact,498957.0,weakly_correlated_1000-rnduniform-rnduniform-2000-100-0,feasible,0.1140511035919189,2000,100,0,1000,weakly_correlated,True
mckp,8812774.0,circle_10000-rnduniform-rnduniform-2000-100-0,feasible,72.84998678800001,2000,100,0,10000,circle,True
mckp,660451.0,almost_strongly_correlated_1000-rnduniform-rnduniform-2000-20-8,feasible,157.161089145,2000,20,8,1000,almost_strongly_correlated,True
compact,51915.0,profit_ceiling_1000-rnduniform-rnduniform-200-20-6,feasible,0.0075659751892089,200,20,6,1000,profit_ceiling,True
compact,158853.0,strongly_correlated_1000-rnduniform-rnduniform-500-20-5,feasible,2.345337152481079,500,20,5,1000,strongly_correlated,True
mckp,49193.0,subset_sum_1000-rnduniform-rnduniform-200-20-5,feasible,0.555606288,200,20,5,1000,subset_sum,True
mckp,163300.0,strongly_correlated_1000-rnduniform-rnduniform-500-20-7,feasible,3.794492984,500,20,7,1000,strongly_correlated,True
compact,231237.0,circle_1000-rnduniform-rnduniform-500-20-1,feasible,0.2331268787384033,500,20,1,1000,circle,True
compact,843715.0,span_strongly_correlated_1000-rnduniform-rnduniform-2000-100-9,feasible,3600.001291036606,2000,100,9,1000,span_strongly_correlated,False
mckp,36319.0,uncorrelated_similar-rnduniform-rnduniform-100-20-9,feasible,44.566365888,100,20,9,100000,uncorrelated_similar,True
mckp,487614.0,profit_ceiling_1000-rnduniform-rnduniform-2000-100-6,feasible,10.845057083,2000,100,6,1000,profit_ceiling,True
mckp,2940902.0,strongly_correlated_10000-rnduniform-rnduniform-1000-20-0,feasible,305.550405775,1000,20,0,10000,strongly_correlated,True
mckp,3783750.0,span_weakly_correlated_10000-rnduniform-rnduniform-2000-100-2,feasible,33.352498137,2000,100,2,10000,span_weakly_correlated,True
mckp,9549555.0,circle_10000-rnduniform-rnduniform-2000-20-2,feasible,1820.49585182,2000,20,2,10000,circle,True
compact,33674.0,strongly_correlated_1000-rnduniform-rnduniform-100-20-9,feasible,0.0269770622253417,100,20,9,1000,strongly_correlated,True
compact,978552.0,span_weakly_correlated_10000-rnduniform-rnduniform-200-20-9,feasible,3600.0005271434784,200,20,9,10000,span_weakly_correlated,False
mckp,244643.0,weakly_correlated_1000-rnduniform-rnduniform-1000-100-0,feasible,1.530629515,1000,100,0,1000,weakly_correlated,True
mckp,141619.0,strongly_correlated_10000-rnduniform-rnduniform-50-20-6,feasible,1.0771018339999998,50,20,6,10000,strongly_correlated,True
compact,2352558.0,profit_ceiling_10000-rnduniform-rnduniform-1000-500-1,feasible,0.0114960670471191,1000,500,1,10000,profit_ceiling,True
compact,1336821.0,weakly_correlated_10000-rnduniform-rnduniform-500-20-3,feasible,0.0236241817474365,500,20,3,10000,weakly_correlated,True
mckp,5506935.0,weakly_correlated_10000-rnduniform-rnduniform-2000-20-5,feasible,3304.16403696,2000,20,5,10000,weakly_correlated,True
compact,574644.0,weakly_correlated_1000-rnduniform-rnduniform-2000-100-7,feasible,0.1308629512786865,2000,100,7,1000,weakly_correlated,True
compact,623810.0,almost_strongly_correlated_1000-rnduniform-rnduniform-2000-100-4,feasible,1.314819097518921,2000,100,4,1000,almost_strongly_correlated,False
compact,190485.0,mstr_1000-rnduniform-rnduniform-500-20-1,feasible,3600.0006051063538,500,20,1,1000,mstr,False
compact,5374294.999999994,inverse_strongly_correlated_10000-rnduniform-rnduniform-2000-100-6,feasible,1.2091238498687744,2000,100,6,10000,inverse_strongly_correlated,False
mckp,226304.0,span_weakly_correlated_1000-rnduniform-rnduniform-2000-100-0,feasible,4.971295490999999,2000,100,0,1000,span_weakly_correlated,True
mckp,971342.0,circle_1000-rnduniform-rnduniform-2000-20-4,feasible,150.483352789,2000,20,4,1000,circle,True
compact,243877.0,subset_sum_10000-rnduniform-rnduniform-100-20-2,feasible,0.0571639537811279,100,20,2,10000,subset_sum,True
mckp,500786.0,inverse_strongly_correlated_1000-rnduniform-rnduniform-2000-20-3,feasible,142.833971153,2000,20,3,1000,inverse_strongly_correlated,True
compact,614579.0,span_strongly_correlated_1000-rnduniform-rnduniform-2000-20-4,feasible,0.0686640739440918,2000,20,4,1000,span_strongly_correlated,True
compact,999478.0,span_uncorrelated_1000-rnduniform-rnduniform-2000-20-3,feasible,0.013772964477539,2000,20,3,1000,span_uncorrelated,True
mckp,12121905.0,span_uncorrelated_10000-rnduniform-rnduniform-2000-20-3,feasible,232.907731814,2000,20,3,10000,span_uncorrelated,True
compact,78514.0,uncorrelated_1000-rnduniform-rnduniform-200-20-5,feasible,0.0118680000305175,200,20,5,1000,uncorrelated,True
mckp,278199.0,inverse_strongly_correlated_1000-rnduniform-rnduniform-1000-20-7,feasible,31.795979647,1000,20,7,1000,inverse_strongly_correlated,True
mckp,230217.0,circle_1000-rnduniform-rnduniform-500-20-2,feasible,5.065063651,500,20,2,1000,circle,True
compact,608832.0,strongly_correlated_1000-rnduniform-rnduniform-2000-100-3,feasible,2137.0160410404205,2000,100,3,1000,strongly_correlated,False
mckp,4718439.0,profit_ceiling_10000-rnduniform-rnduniform-2000-20-3,feasible,1533.580264616,2000,20,3,10000,profit_ceiling,True
mckp,61374.0,strongly_correlated_1000-rnduniform-rnduniform-200-20-3,feasible,0.335804937,200,20,3,1000,strongly_correlated,True
mckp,11438.0,inverse_strongly_correlated_1000-rnduniform-rnduniform-50-20-3,feasible,0.101573038,50,20,3,1000,inverse_strongly_correlated,True
mckp,5092374.0,weakly_correlated_10000-rnduniform-rnduniform-2000-100-2,feasible,74.877173733,2000,100,2,10000,weakly_correlated,True
mckp,913500.0,span_uncorrelated_10000-rnduniform-rnduniform-500-20-4,feasible,45.159073576,500,20,4,10000,span_uncorrelated,True
compact,257796.0,profit_ceiling_1000-rnduniform-rnduniform-1000-100-8,feasible,0.0556268692016601,1000,100,8,1000,profit_ceiling,True
compact,1380628.0,inverse_strongly_correlated_10000-rnduniform-rnduniform-500-20-7,feasible,3600.0006890296936,500,20,7,10000,inverse_strongly_correlated,False
mckp,457728.0,subset_sum_10000-rnduniform-rnduniform-200-100-1,feasible,5.5953955220000005,200,100,1,10000,subset_sum,True
compact,55118.0,subset_sum_1000-rnduniform-rnduniform-200-20-8,feasible,0.002918004989624,200,20,8,1000,subset_sum,True
mckp,745222.0,uncorrelated_similar-rnduniform-rnduniform-2000-20-4,feasible,4880.477084323,2000,20,4,100000,uncorrelated_similar,False
mckp,678997.0,almost_strongly_correlated_1000-rnduniform-rnduniform-2000-100-9,feasible,10.198168458,2000,100,9,1000,almost_strongly_correlated,True
mckp,5771370.0,span_weakly_correlated_10000-rnduniform-rnduniform-2000-100-6,feasible,85.4872812,2000,100,6,10000,span_weakly_correlated,True
mckp,1608643.0,strongly_correlated_10000-rnduniform-rnduniform-500-100-9,feasible,10.504988788,500,100,9,10000,strongly_correlated,True
mckp,1107165.0,span_weakly_correlated_1000-rnduniform-rnduniform-2000-20-4,feasible,86.08495103,2000,20,4,1000,span_weakly_correlated,True
compact,197276.0,mstr_1000-rnduniform-rnduniform-500-20-6,feasible,0.6856300830841064,500,20,6,1000,mstr,True
mckp,844099.0,span_strongly_correlated_1000-rnduniform-rnduniform-2000-20-8,feasible,87.742788537,2000,20,8,1000,span_strongly_correlated,True
mckp,255484.0,weakly_correlated_1000-rnduniform-rnduniform-1000-100-1,feasible,1.696742682,1000,100,1,1000,weakly_correlated,True
compact,301480.0,strongly_correlated_10000-rnduniform-rnduniform-100-20-5,feasible,0.2379779815673828,100,20,5,10000,strongly_correlated,True
compact,52110.0,inverse_strongly_correlated_1000-rnduniform-rnduniform-200-20-6,feasible,0.0291459560394287,200,20,6,1000,inverse_strongly_correlated,True
mckp,227805.0,profit_ceiling_1000-rnduniform-rnduniform-1000-100-1,feasible,1.56015785,1000,100,1,1000,profit_ceiling,True
mckp,18079.0,span_strongly_correlated_1000-rnduniform-rnduniform-50-20-3,feasible,0.10031334,50,20,3,1000,span_strongly_correlated,True
compact,5620395.0,weakly_correlated_10000-rnduniform-rnduniform-2000-100-7,feasible,0.1822710037231445,2000,100,7,10000,weakly_correlated,False
mckp,6253968.0,almost_strongly_correlated_10000-rnduniform-rnduniform-2000-100-4,feasible,73.39366846600001,2000,100,4,10000,almost_strongly_correlated,True
mckp,558720.0,almost_strongly_correlated_10000-rnduniform-rnduniform-200-20-3,feasible,5.053396911,200,20,3,10000,almost_strongly_correlated,True
mckp,367864.0,uncorrelated_10000-rnduniform-rnduniform-100-20-5,feasible,2.564009109,100,20,5,10000,uncorrelated,True
mckp,71566.0,uncorrelated_similar-rnduniform-rnduniform-200-20-4,feasible,73.94733898999999,200,20,4,100000,uncorrelated_similar,True
mckp,250790.0,weakly_correlated_10000-rnduniform-rnduniform-100-20-2,feasible,2.048912459,100,20,2,10000,weakly_correlated,True
mckp,767920.0,span_weakly_correlated_1000-rnduniform-rnduniform-2000-20-7,feasible,70.573758772,2000,20,7,1000,span_weakly_correlated,True
mckp,305805.0,almost_strongly_correlated_1000-rnduniform-rnduniform-1000-20-3,feasible,39.937053779,1000,20,3,1000,almost_strongly_correlated,True
mckp,321396.0,almost_strongly_correlated_1000-rnduniform-rnduniform-1000-20-6,feasible,28.00219952,1000,20,6,1000,almost_strongly_correlated,True
mckp,1138269.0,span_strongly_correlated_10000-rnduniform-rnduniform-200-20-9,feasible,10.774329995,200,20,9,10000,span_strongly_correlated,True
mckp,188654.0,span_uncorrelated_10000-rnduniform-rnduniform-50-20-8,feasible,0.831022564,50,20,8,10000,span_uncorrelated,True
compact,1332555.0,profit_ceiling_10000-rnduniform-rnduniform-500-20-9,feasible,0.0438439846038818,500,20,9,10000,profit_ceiling,True
compact,140091.0,strongly_correlated_10000-rnduniform-rnduniform-50-20-1,feasible,0.0027868747711181,50,20,1,10000,strongly_correlated,True
compact,45054.0,subset_sum_1000-rnduniform-rnduniform-200-100-0,feasible,0.0025591850280761,200,100,0,1000,subset_sum,True
compact,1261144.0,mstr_10000-rnduniform-rnduniform-500-20-2,feasible,0.0676639080047607,500,20,2,10000,mstr,False
mckp,2394983.0,mstr_10000-rnduniform-rnduniform-1000-20-1,feasible,346.544751101,1000,20,1,10000,mstr,True
mckp,8078208.0,uncorrelated_10000-rnduniform-rnduniform-2000-20-4,feasible,3785.683701916,2000,20,4,10000,uncorrelated,False
compact,510777.0,weakly_correlated_10000-rnduniform-rnduniform-200-100-1,feasible,0.017298936843872,200,100,1,10000,weakly_correlated,True
compact,4979449.0,subset_sum_10000-rnduniform-rnduniform-2000-20-5,feasible,0.0127930641174316,2000,20,5,10000,subset_sum,False
compact,1043960.0,circle_1000-rnduniform-rnduniform-2000-20-9,feasible,0.0638401508331298,2000,20,9,1000,circle,False
mckp,10425299.0,circle_10000-rnduniform-rnduniform-2000-100-9,feasible,75.70901113,2000,100,9,10000,circle,True
mckp,804977.0,uncorrelated_1000-rnduniform-rnduniform-2000-20-4,feasible,558.800558141,2000,20,4,1000,uncorrelated,True
mckp,88526.0,span_uncorrelated_1000-rnduniform-rnduniform-200-20-5,feasible,0.434115698,200,20,5,1000,span_uncorrelated,True
mckp,8343331.0,span_weakly_correlated_10000-rnduniform-rnduniform-2000-20-2,feasible,394.261918014,2000,20,2,10000,span_weakly_correlated,True
mckp,137980.0,subset_sum_1000-rnduniform-rnduniform-500-20-9,feasible,4.065610835,500,20,9,1000,subset_sum,True
compact,534746.0,inverse_strongly_correlated_1000-rnduniform-rnduniform-2000-20-7,feasible,3600.0016458034515,2000,20,7,1000,inverse_strongly_correlated,False
compact,428390.0,span_weakly_correlated_1000-rnduniform-rnduniform-1000-20-2,feasible,3600.0009019374847,1000,20,2,1000,span_weakly_correlated,False
mckp,9179553.0,circle_10000-rnduniform-rnduniform-2000-20-0,feasible,1626.194430617,2000,20,0,10000,circle,True
mckp,74465.0,uncorrelated_1000-rnduniform-rnduniform-200-20-3,feasible,0.450779906,200,20,3,1000,uncorrelated,True
compact,488226.0,circle_1000-rnduniform-rnduniform-1000-20-5,feasible,0.2756459712982178,1000,20,5,1000,circle,True
mckp,458539.0,mstr_10000-rnduniform-rnduniform-200-100-0,feasible,5.071564641,200,100,0,10000,mstr,True
compact,474717.0,circle_1000-rnduniform-rnduniform-1000-20-2,feasible,0.167529821395874,1000,20,2,1000,circle,True
mckp,45992.0,subset_sum_1000-rnduniform-rnduniform-200-20-1,feasible,0.323018361,200,20,1,1000,subset_sum,True
mckp,7921226.0,uncorrelated_10000-rnduniform-rnduniform-2000-20-2,feasible,3952.97034985,2000,20,2,10000,uncorrelated,False
mckp,9109.0,span_uncorrelated_1000-rnduniform-rnduniform-100-20-7,feasible,0.1687062329999999,100,20,7,1000,span_uncorrelated,True
mckp,618695.0,span_strongly_correlated_1000-rnduniform-rnduniform-1000-100-8,feasible,3.484860741,1000,100,8,1000,span_strongly_correlated,True
mckp,440678.0,inverse_strongly_correlated_10000-rnduniform-rnduniform-200-100-0,feasible,5.805781521999999,200,100,0,10000,inverse_strongly_correlated,True
mckp,2800756.0,strongly_correlated_10000-rnduniform-rnduniform-1000-100-0,feasible,17.085766812,1000,100,0,10000,strongly_correlated,True
compact,1263185.0,mstr_10000-rnduniform-rnduniform-500-20-3,feasible,1390.6891250610352,500,20,3,10000,mstr,False
mckp,48049.0,weakly_correlated_1000-rnduniform-rnduniform-200-20-0,feasible,0.283515182,200,20,0,1000,weakly_correlated,True
mckp,262848.0,weakly_correlated_1000-rnduniform-rnduniform-1000-20-3,feasible,54.402020675,1000,20,3,1000,weakly_correlated,True
mckp,469332.0,profit_ceiling_1000-rnduniform-rnduniform-2000-20-2,feasible,121.924032911,2000,20,2,1000,profit_ceiling,True
compact,1539222.0,strongly_correlated_10000-rnduniform-rnduniform-500-20-5,feasible,0.2378139495849609,500,20,5,10000,strongly_correlated,False
mckp,181626.0,span_weakly_correlated_1000-rnduniform-rnduniform-1000-100-4,feasible,0.973309392,1000,100,4,1000,span_weakly_correlated,True
compact,201270.0,uncorrelated_1000-rnduniform-rnduniform-500-20-7,feasible,0.0241620540618896,500,20,7,1000,uncorrelated,True
compact,5029166.999999998,circle_10000-rnduniform-rnduniform-1000-20-7,feasible,1.2256450653076172,1000,20,7,10000,circle,False
mckp,1925393.0,uncorrelated_10000-rnduniform-rnduniform-500-20-3,feasible,41.68538546,500,20,3,10000,uncorrelated,True
compact,482914.0,subset_sum_1000-rnduniform-rnduniform-2000-100-5,feasible,0.05289888381958,2000,100,5,1000,subset_sum,True
compact,2722720.0,mstr_10000-rnduniform-rnduniform-1000-20-7,feasible,3600.0007050037384,1000,20,7,10000,mstr,False
compact,242892.0,profit_ceiling_1000-rnduniform-rnduniform-1000-100-5,feasible,0.0220417976379394,1000,100,5,1000,profit_ceiling,True
compact,538071.0,weakly_correlated_1000-rnduniform-rnduniform-2000-100-4,feasible,0.1964499950408935,2000,100,4,1000,weakly_correlated,True
compact,183531.0,span_uncorrelated_10000-rnduniform-rnduniform-200-20-8,feasible,0.0075058937072753,200,20,8,10000,span_uncorrelated,True
compact,2837517.0,span_weakly_correlated_10000-rnduniform-rnduniform-1000-100-8,feasible,0.0530910491943359,1000,100,8,10000,span_weakly_correlated,True
mckp,275721.0,weakly_correlated_1000-rnduniform-rnduniform-1000-100-7,feasible,1.606588276,1000,100,7,1000,weakly_correlated,True
compact,3669053.0,span_strongly_correlated_10000-rnduniform-rnduniform-1000-20-1,feasible,3600.0014991760254,1000,20,1,10000,span_strongly_correlated,False
mckp,253902.0,inverse_strongly_correlated_1000-rnduniform-rnduniform-1000-20-4,feasible,27.400228391,1000,20,4,1000,inverse_strongly_correlated,True
mckp,629507.0,almost_strongly_correlated_1000-rnduniform-rnduniform-2000-20-4,feasible,186.151830538,2000,20,4,1000,almost_strongly_correlated,True
mckp,5199187.0,inverse_strongly_correlated_10000-rnduniform-rnduniform-2000-100-5,feasible,130.998503938,2000,100,5,10000,inverse_strongly_correlated,True
mckp,25241.0,inverse_strongly_correlated_1000-rnduniform-rnduniform-100-20-8,feasible,0.200654825,100,20,8,1000,inverse_strongly_correlated,True
compact,664811.0,almost_strongly_correlated_10000-rnduniform-rnduniform-200-20-8,feasible,2.2392148971557617,200,20,8,10000,almost_strongly_correlated,False
compact,285740.0,almost_strongly_correlated_1000-rnduniform-rnduniform-1000-100-1,feasible,0.2291638851165771,1000,100,1,1000,almost_strongly_correlated,True
mckp,3564547.0,span_uncorrelated_10000-rnduniform-rnduniform-1000-100-7,feasible,22.503224714,1000,100,7,10000,span_uncorrelated,True
mckp,2519172.0,weakly_correlated_10000-rnduniform-rnduniform-1000-20-1,feasible,1070.913929565,1000,20,1,10000,weakly_correlated,True
mckp,89875.0,circle_1000-rnduniform-rnduniform-200-20-1,feasible,0.341499796,200,20,1,1000,circle,True
mckp,4799491.0,subset_sum_10000-rnduniform-rnduniform-2000-20-4,feasible,580.8337077179999,2000,20,4,10000,subset_sum,True
compact,4831672.0,mstr_10000-rnduniform-rnduniform-2000-20-0,feasible,3600.001428842545,2000,20,0,10000,mstr,False
mckp,2611000.0,mstr_10000-rnduniform-rnduniform-1000-100-5,feasible,18.279627845,1000,100,5,10000,mstr,True
mckp,536460.0,weakly_correlated_1000-rnduniform-rnduniform-2000-20-4,feasible,329.722463888,2000,20,4,1000,weakly_correlated,True
mckp,2772520.0,inverse_strongly_correlated_10000-rnduniform-rnduniform-1000-20-9,feasible,335.320290033,1000,20,9,10000,inverse_strongly_correlated,True
mckp,110394.0,profit_ceiling_1000-rnduniform-rnduniform-500-100-0,feasible,0.8334075310000001,500,100,0,1000,profit_ceiling,True
mckp,511599.0,profit_ceiling_10000-rnduniform-rnduniform-200-20-9,feasible,5.352123364,200,20,9,10000,profit_ceiling,True
mckp,225253.0,span_weakly_correlated_1000-rnduniform-rnduniform-500-20-8,feasible,2.5330128160000003,500,20,8,1000,span_weakly_correlated,True
mckp,825483.0,uncorrelated_10000-rnduniform-rnduniform-200-20-8,feasible,4.90812256,200,20,8,10000,uncorrelated,True
compact,152916.0,span_strongly_correlated_10000-rnduniform-rnduniform-200-100-0,feasible,0.0582599639892578,200,100,0,10000,span_strongly_correlated,True
mckp,1711224.0,almost_strongly_correlated_10000-rnduniform-rnduniform-500-20-8,feasible,107.525696893,500,20,8,10000,almost_strongly_correlated,True
compact,1089539.0,span_weakly_correlated_1000-rnduniform-rnduniform-2000-100-7,feasible,0.0692830085754394,2000,100,7,1000,span_weakly_correlated,True
compact,1120108.0,subset_sum_10000-rnduniform-rnduniform-500-100-1,feasible,0.0286190509796142,500,100,1,10000,subset_sum,True
mckp,2252223.0,profit_ceiling_10000-rnduniform-rnduniform-1000-500-0,feasible,23.257067059,1000,500,0,10000,profit_ceiling,True
mckp,257796.0,profit_ceiling_1000-rnduniform-rnduniform-1000-100-8,feasible,1.418637762,1000,100,8,1000,profit_ceiling,True
mckp,5057658.0,span_uncorrelated_10000-rnduniform-rnduniform-1000-100-2,feasible,25.257130776,1000,100,2,10000,span_uncorrelated,True
compact,94841.0,circle_1000-rnduniform-rnduniform-200-20-6,feasible,0.0757820606231689,200,20,6,1000,circle,True
mckp,139862.0,inverse_strongly_correlated_1000-rnduniform-rnduniform-500-20-7,feasible,4.7639743359999995,500,20,7,1000,inverse_strongly_correlated,True
compact,6551758.0,span_uncorrelated_10000-rnduniform-rnduniform-2000-100-0,feasible,3600.0014901161194,2000,100,0,10000,span_uncorrelated,False
mckp,267573.0,inverse_strongly_correlated_10000-rnduniform-rnduniform-100-20-7,feasible,2.76520326,100,20,7,10000,inverse_strongly_correlated,True
compact,4658208.0,circle_10000-rnduniform-rnduniform-1000-20-3,feasible,4.086112022399902,1000,20,3,10000,circle,False
compact,1520341.9999998775,almost_strongly_correlated_10000-rnduniform-rnduniform-500-20-2,feasible,1.621258020401001,500,20,2,10000,almost_strongly_correlated,False
compact,62357.0,almost_strongly_correlated_1000-rnduniform-rnduniform-200-20-4,feasible,0.0427050590515136,200,20,4,1000,almost_strongly_correlated,True
compact,10314239.0,span_uncorrelated_10000-rnduniform-rnduniform-2000-20-1,feasible,0.0174059867858886,2000,20,1,10000,span_uncorrelated,True
mckp,923419.0,circle_10000-rnduniform-rnduniform-200-20-5,feasible,3.3382330039999997,200,20,5,10000,circle,True
compact,2115502.0,span_strongly_correlated_10000-rnduniform-rnduniform-1000-100-5,feasible,3600.000818967819,1000,100,5,10000,span_strongly_correlated,False
compact,2632140.0,inverse_strongly_correlated_10000-rnduniform-rnduniform-1000-20-6,feasible,3600.0008170604706,1000,20,6,10000,inverse_strongly_correlated,False
mckp,1144594.0,subset_sum_10000-rnduniform-rnduniform-500-20-3,feasible,110.367628009,500,20,3,10000,subset_sum,True
mckp,4067519.0,span_strongly_correlated_10000-rnduniform-rnduniform-1000-100-9,feasible,21.559035671,1000,100,9,10000,span_strongly_correlated,True
mckp,779085.0,uncorrelated_10000-rnduniform-rnduniform-200-20-4,feasible,5.091213335,200,20,4,10000,uncorrelated,True
compact,232016.0,inverse_strongly_correlated_1000-rnduniform-rnduniform-1000-20-1,feasible,3600.000766992569,1000,20,1,1000,inverse_strongly_correlated,False
compact,4644411.0,profit_ceiling_10000-rnduniform-rnduniform-2000-100-1,feasible,0.1177959442138671,2000,100,1,10000,profit_ceiling,False
mckp,282720.0,strongly_correlated_10000-rnduniform-rnduniform-100-20-0,feasible,3.028472131,100,20,0,10000,strongly_correlated,True
compact,117532.0,span_uncorrelated_1000-rnduniform-rnduniform-500-20-1,feasible,0.0166010856628417,500,20,1,1000,span_uncorrelated,True
mckp,6313594.0,span_weakly_correlated_10000-rnduniform-rnduniform-2000-100-4,feasible,76.864836492,2000,100,4,10000,span_weakly_correlated,True
compact,238624.0,subset_sum_1000-rnduniform-rnduniform-1000-500-2,feasible,0.0077359676361083,1000,500,2,1000,subset_sum,True
compact,293304.0,span_uncorrelated_1000-rnduniform-rnduniform-1000-100-3,feasible,0.0934450626373291,1000,100,3,1000,span_uncorrelated,True
compact,52241.0,inverse_strongly_correlated_1000-rnduniform-rnduniform-200-20-8,feasible,0.0861530303955078,200,20,8,1000,inverse_strongly_correlated,True
compact,6790.0,span_weakly_correlated_1000-rnduniform-rnduniform-50-20-8,feasible,0.0095129013061523,50,20,8,1000,span_weakly_correlated,True
mckp,155543.0,strongly_correlated_1000-rnduniform-rnduniform-500-20-3,feasible,4.3278095620000006,500,20,3,1000,strongly_correlated,True
compact,654915.0,span_weakly_correlated_1000-rnduniform-rnduniform-2000-20-2,feasible,3600.0013761520386,2000,20,2,1000,span_weakly_correlated,False
mckp,255777.0,span_weakly_correlated_10000-rnduniform-rnduniform-200-100-3,feasible,1.256303035,200,100,3,10000,span_weakly_correlated,True
compact,2764851.0,inverse_strongly_correlated_10000-rnduniform-rnduniform-1000-20-8,feasible,3600.001448869705,1000,20,8,10000,inverse_strongly_correlated,False
mckp,628520.0,span_weakly_correlated_10000-rnduniform-rnduniform-200-20-6,feasible,5.400367396999999,200,20,6,10000,span_weakly_correlated,True
compact,1582549.0,almost_strongly_correlated_10000-rnduniform-rnduniform-500-20-5,feasible,3600.000602006912,500,20,5,10000,almost_strongly_correlated,False
mckp,34577.0,mstr_1000-rnduniform-rnduniform-100-20-3,feasible,0.158147486,100,20,3,1000,mstr,True
mckp,148196.0,almost_strongly_correlated_10000-rnduniform-rnduniform-50-20-5,feasible,1.295533392,50,20,5,10000,almost_strongly_correlated,True
compact,53415.0,strongly_correlated_1000-rnduniform-rnduniform-200-100-2,feasible,0.0026688575744628,200,100,2,1000,strongly_correlated,True
mckp,190494.0,span_strongly_correlated_1000-rnduniform-rnduniform-1000-500-0,feasible,0.76317887,1000,500,0,1000,span_strongly_correlated,True
mckp,12806.0,inverse_strongly_correlated_1000-rnduniform-rnduniform-50-20-7,feasible,0.11556379,50,20,7,1000,inverse_strongly_correlated,True
mckp,3265582.0,almost_strongly_correlated_10000-rnduniform-rnduniform-1000-20-7,feasible,538.846593422,1000,20,7,10000,almost_strongly_correlated,True
mckp,344584.0,span_weakly_correlated_1000-rnduniform-rnduniform-1000-20-6,feasible,10.518538435,1000,20,6,1000,span_weakly_correlated,True
mckp,265153.0,almost_strongly_correlated_1000-rnduniform-rnduniform-1000-500-0,feasible,1.882970164,1000,500,0,1000,almost_strongly_correlated,True
mckp,217529.0,circle_1000-rnduniform-rnduniform-500-20-0,feasible,3.734080009,500,20,0,1000,circle,True
mckp,235992.0,profit_ceiling_1000-rnduniform-rnduniform-1000-100-3,feasible,1.604841932,1000,100,3,1000,profit_ceiling,True
compact,848631.0,span_weakly_correlated_1000-rnduniform-rnduniform-2000-100-9,feasible,3600.0012061595917,2000,100,9,1000,span_weakly_correlated,False
compact,5371356.0,profit_ceiling_10000-rnduniform-rnduniform-2000-100-9,feasible,0.1048591136932373,2000,100,9,10000,profit_ceiling,False
compact,2777360.0,mstr_10000-rnduniform-rnduniform-1000-100-9,feasible,3600.000795841217,1000,100,9,10000,mstr,False
compact,57575.0,span_strongly_correlated_1000-rnduniform-rnduniform-500-20-6,feasible,0.0112349987030029,500,20,6,1000,span_strongly_correlated,True
compact,9670916.0,circle_10000-rnduniform-rnduniform-2000-100-5,feasible,0.7689180374145508,2000,100,5,10000,circle,False
compact,130510.0,inverse_strongly_correlated_1000-rnduniform-rnduniform-500-20-3,feasible,3600.000620126724,500,20,3,1000,inverse_strongly_correlated,False
compact,239534.0,inverse_strongly_correlated_1000-rnduniform-rnduniform-1000-100-1,feasible,0.0667791366577148,1000,100,1,1000,inverse_strongly_correlated,True
compact,618056.0,strongly_correlated_10000-rnduniform-rnduniform-200-20-6,feasible,0.0439569950103759,200,20,6,10000,strongly_correlated,True
mckp,477308.0,circle_1000-rnduniform-rnduniform-1000-100-5,feasible,1.493711162,1000,100,5,1000,circle,True
compact,5078829.0,subset_sum_10000-rnduniform-rnduniform-2000-100-6,feasible,0.0258021354675292,2000,100,6,10000,subset_sum,False
mckp,5214858.0,mstr_10000-rnduniform-rnduniform-2000-20-5,feasible,1918.21528552,2000,20,5,10000,mstr,True
mckp,8115379.0,uncorrelated_10000-rnduniform-rnduniform-2000-20-6,feasible,3855.552440583,2000,20,6,10000,uncorrelated,False
compact,4854433.0,span_uncorrelated_10000-rnduniform-rnduniform-2000-20-4,feasible,0.0159900188446044,2000,20,4,10000,span_uncorrelated,True
mckp,1952204.0,span_uncorrelated_10000-rnduniform-rnduniform-1000-100-4,feasible,23.538552808,1000,100,4,10000,span_uncorrelated,True
compact,53319.0,inverse_strongly_correlated_1000-rnduniform-rnduniform-200-20-5,feasible,0.0232009887695312,200,20,5,1000,inverse_strongly_correlated,True
mckp,385159.0,uncorrelated_similar-rnduniform-rnduniform-1000-100-9,feasible,454.212143635,1000,100,9,100000,uncorrelated_similar,True
mckp,46455.0,profit_ceiling_1000-rnduniform-rnduniform-200-20-1,feasible,0.3388199799999999,200,20,1,1000,profit_ceiling,True
compact,7733544.0,span_uncorrelated_10000-rnduniform-rnduniform-2000-20-8,feasible,3600.0016570091248,2000,20,8,10000,span_uncorrelated,False
mckp,4517904.0,span_strongly_correlated_10000-rnduniform-rnduniform-1000-20-8,feasible,166.19978553299998,1000,20,8,10000,span_strongly_correlated,True
compact,4437753.0,profit_ceiling_10000-rnduniform-rnduniform-2000-100-0,feasible,0.1178259849548339,2000,100,0,10000,profit_ceiling,False
mckp,510969.0,weakly_correlated_1000-rnduniform-rnduniform-2000-100-1,feasible,9.551917053,2000,100,1,1000,weakly_correlated,True
compact,665678.0,strongly_correlated_1000-rnduniform-rnduniform-2000-20-8,feasible,3600.001195907593,2000,20,8,1000,strongly_correlated,False
mckp,75651.0,span_uncorrelated_1000-rnduniform-rnduniform-200-20-6,feasible,0.6171456590000001,200,20,6,1000,span_uncorrelated,True
mckp,5029167.0,circle_10000-rnduniform-rnduniform-1000-20-7,feasible,229.661509606,1000,20,7,10000,circle,True
mckp,529141.0,span_strongly_correlated_10000-rnduniform-rnduniform-100-20-8,feasible,5.014116971,100,20,8,10000,span_strongly_correlated,True
mckp,55987.0,weakly_correlated_1000-rnduniform-rnduniform-200-20-7,feasible,0.299334555,200,20,7,1000,weakly_correlated,True
compact,2408677.0,weakly_correlated_10000-rnduniform-rnduniform-1000-500-0,feasible,0.0149259567260742,1000,500,0,10000,weakly_correlated,True
compact,808522.0,mstr_1000-rnduniform-rnduniform-2000-100-5,feasible,3600.0013291835785,2000,100,5,1000,mstr,False
mckp,233772.0,span_strongly_correlated_10000-rnduniform-rnduniform-100-20-6,feasible,1.861545107,100,20,6,10000,span_strongly_correlated,True
mckp,10217526.0,circle_10000-rnduniform-rnduniform-2000-20-7,feasible,1324.93097806,2000,20,7,10000,circle,True
mckp,933531.0,circle_1000-rnduniform-rnduniform-2000-100-3,feasible,13.086221684,2000,100,3,1000,circle,True
compact,563890.0,inverse_strongly_correlated_1000-rnduniform-rnduniform-2000-20-9,feasible,3600.001435995102,2000,20,9,1000,inverse_strongly_correlated,False
compact,3825355.0,uncorrelated_10000-rnduniform-rnduniform-1000-20-1,feasible,0.0587499141693115,1000,20,1,10000,uncorrelated,True
mckp,4644411.0,profit_ceiling_10000-rnduniform-rnduniform-2000-100-1,feasible,74.47626553,2000,100,1,10000,profit_ceiling,True
compact,357664.0,uncorrelated_similar-rnduniform-rnduniform-1000-100-4,feasible,0.0418171882629394,1000,100,4,100000,uncorrelated_similar,True
compact,65008.0,strongly_correlated_1000-rnduniform-rnduniform-200-20-7,feasible,0.017284870147705,200,20,7,1000,strongly_correlated,True
mckp,25167.0,profit_ceiling_1000-rnduniform-rnduniform-100-20-8,feasible,0.214536225,100,20,8,1000,profit_ceiling,True
compact,267573.0,inverse_strongly_correlated_10000-rnduniform-rnduniform-100-20-7,feasible,0.596919059753418,100,20,7,10000,inverse_strongly_correlated,True
mckp,3218537.0,span_uncorrelated_10000-rnduniform-rnduniform-500-20-2,feasible,17.428661188,500,20,2,10000,span_uncorrelated,True
compact,55146.0,profit_ceiling_1000-rnduniform-rnduniform-200-20-9,feasible,0.0424180030822753,200,20,9,1000,profit_ceiling,True
mckp,495451.0,span_weakly_correlated_10000-rnduniform-rnduniform-200-100-2,feasible,6.144327542,200,100,2,10000,span_weakly_correlated,True
compact,26544.0,strongly_correlated_1000-rnduniform-rnduniform-100-20-3,feasible,0.0206248760223388,100,20,3,1000,strongly_correlated,True
compact,333325.0,mstr_1000-rnduniform-rnduniform-1000-500-0,feasible,0.0098609924316406,1000,500,0,1000,mstr,True
compact,28238.0,subset_sum_1000-rnduniform-rnduniform-100-20-7,feasible,0.0088961124420166,100,20,7,1000,subset_sum,True
mckp,51548.0,weakly_correlated_1000-rnduniform-rnduniform-200-100-2,feasible,0.3040621089999999,200,100,2,1000,weakly_correlated,True
compact,470656.0,subset_sum_1000-rnduniform-rnduniform-2000-20-3,feasible,0.0163841247558593,2000,20,3,1000,subset_sum,True
compact,2266368.0,profit_ceiling_10000-rnduniform-rnduniform-1000-20-1,feasible,0.3466730117797851,1000,20,1,10000,profit_ceiling,False
compact,2893099.0,almost_strongly_correlated_10000-rnduniform-rnduniform-1000-20-1,feasible,3600.0007548332214,1000,20,1,10000,almost_strongly_correlated,False
compact,197204.0,span_strongly_correlated_1000-rnduniform-rnduniform-1000-20-2,feasible,3600.000720024109,1000,20,2,1000,span_strongly_correlated,False
mckp,636045.0,almost_strongly_correlated_1000-rnduniform-rnduniform-2000-500-7,feasible,2.935460812,2000,500,7,1000,almost_strongly_correlated,True
compact,181946.0,span_weakly_correlated_10000-rnduniform-rnduniform-100-20-3,feasible,0.0266721248626709,100,20,3,10000,span_weakly_correlated,True
mckp,319893.0,span_uncorrelated_1000-rnduniform-rnduniform-1000-20-1,feasible,13.629496971,1000,20,1,1000,span_uncorrelated,True
mckp,317486.0,strongly_correlated_1000-rnduniform-rnduniform-1000-100-5,feasible,1.655225709,1000,100,5,1000,strongly_correlated,True
mckp,752250.0,mstr_1000-rnduniform-rnduniform-2000-100-2,feasible,9.494294867,2000,100,2,1000,mstr,True
mckp,308794.0,almost_strongly_correlated_10000-rnduniform-rnduniform-100-20-8,feasible,3.003550937,100,20,8,10000,almost_strongly_correlated,True
mckp,6833671.0,almost_strongly_correlated_10000-rnduniform-rnduniform-2000-100-9,feasible,106.50428273,2000,100,9,10000,almost_strongly_correlated,True
compact,228303.0,profit_ceiling_10000-rnduniform-rnduniform-100-20-0,feasible,0.0024559497833251,100,20,0,10000,profit_ceiling,True
compact,287296.0,span_weakly_correlated_1000-rnduniform-rnduniform-1000-20-1,feasible,0.8318679332733154,1000,20,1,1000,span_weakly_correlated,True
mckp,5443639.0,mstr_10000-rnduniform-rnduniform-2000-100-6,feasible,76.681283534,2000,100,6,10000,mstr,True
compact,33663.0,span_weakly_correlated_1000-rnduniform-rnduniform-500-20-9,feasible,0.0106019973754882,500,20,9,1000,span_weakly_correlated,True
mckp,7630980.0,span_strongly_correlated_10000-rnduniform-rnduniform-2000-100-7,feasible,84.501379389,2000,100,7,10000,span_strongly_correlated,True
compact,581102.0,span_weakly_correlated_1000-rnduniform-rnduniform-2000-100-6,feasible,3600.001443862915,2000,100,6,1000,span_weakly_correlated,False
compact,4795703.0,mstr_10000-rnduniform-rnduniform-2000-100-1,feasible,10.392427921295166,2000,100,1,10000,mstr,False
compact,5632640.0,inverse_strongly_correlated_10000-rnduniform-rnduniform-2000-100-8,feasible,3600.001694917679,2000,100,8,10000,inverse_strongly_correlated,False
compact,138518.0,strongly_correlated_1000-rnduniform-rnduniform-500-100-0,feasible,0.0217530727386474,500,100,0,1000,strongly_correlated,True
compact,686532.0,strongly_correlated_1000-rnduniform-rnduniform-2000-100-9,feasible,3600.0016400814056,2000,100,9,1000,strongly_correlated,False
mckp,2547057.0,profit_ceiling_10000-rnduniform-rnduniform-1000-20-7,feasible,349.432112979,1000,20,7,10000,profit_ceiling,True
compact,158266.0,strongly_correlated_1000-rnduniform-rnduniform-500-100-5,feasible,0.0398569107055664,500,100,5,1000,strongly_correlated,True
mckp,425414.0,span_strongly_correlated_1000-rnduniform-rnduniform-1000-20-6,feasible,21.89271539,1000,20,6,1000,span_strongly_correlated,True
mckp,482914.0,subset_sum_1000-rnduniform-rnduniform-2000-100-5,feasible,9.513375208,2000,100,5,1000,subset_sum,True
compact,6379532.0,strongly_correlated_10000-rnduniform-rnduniform-2000-20-6,feasible,3600.0017669200897,2000,20,6,10000,strongly_correlated,False
compact,546109.0,almost_strongly_correlated_10000-rnduniform-rnduniform-200-100-1,feasible,0.0150079727172851,200,100,1,10000,almost_strongly_correlated,True
mckp,491083.0,inverse_strongly_correlated_10000-rnduniform-rnduniform-200-20-0,feasible,4.012214586,200,20,0,10000,inverse_strongly_correlated,True
mckp,5053607.0,mstr_10000-rnduniform-rnduniform-2000-100-3,feasible,104.445823772,2000,100,3,10000,mstr,True
mckp,285597.0,almost_strongly_correlated_1000-rnduniform-rnduniform-1000-20-1,feasible,25.413881634000003,1000,20,1,1000,almost_strongly_correlated,True
compact,536460.0,weakly_correlated_1000-rnduniform-rnduniform-2000-20-4,feasible,0.2483110427856445,2000,20,4,1000,weakly_correlated,False
compact,2535103.0,mstr_10000-rnduniform-rnduniform-1000-20-4,feasible,12.996341943740845,1000,20,4,10000,mstr,False
compact,478440.0,circle_1000-rnduniform-rnduniform-1000-20-4,feasible,5.9580090045928955,1000,20,4,1000,circle,True
mckp,122672.0,subset_sum_1000-rnduniform-rnduniform-500-100-7,feasible,0.901016224,500,100,7,1000,subset_sum,True
mckp,757220.0,uncorrelated_1000-rnduniform-rnduniform-2000-20-0,feasible,328.83091130699995,2000,20,0,1000,uncorrelated,True
mckp,58104.0,span_strongly_correlated_1000-rnduniform-rnduniform-200-20-0,feasible,0.445742816,200,20,0,1000,span_strongly_correlated,True
mckp,5629512.0,weakly_correlated_10000-rnduniform-rnduniform-2000-100-8,feasible,92.662756388,2000,100,8,10000,weakly_correlated,True
mckp,443910.0,subset_sum_1000-rnduniform-rnduniform-2000-100-1,feasible,9.621339459,2000,100,1,1000,subset_sum,True
compact,5900221.0,weakly_correlated_10000-rnduniform-rnduniform-2000-20-9,feasible,0.2928440570831299,2000,20,9,10000,weakly_correlated,False
mckp,766339.0,uncorrelated_similar-rnduniform-rnduniform-2000-20-9,feasible,5692.427602483001,2000,20,9,100000,uncorrelated_similar,False
compact,3259304.0,strongly_correlated_10000-rnduniform-rnduniform-1000-20-6,feasible,3600.002137184143,1000,20,6,10000,strongly_correlated,False
mckp,54082.0,span_weakly_correlated_1000-rnduniform-rnduniform-200-20-8,feasible,0.4000599419999999,200,20,8,1000,span_weakly_correlated,True
mckp,780937.0,uncorrelated_1000-rnduniform-rnduniform-2000-100-3,feasible,10.455079275,2000,100,3,1000,uncorrelated,True
mckp,18708.0,mstr_1000-rnduniform-rnduniform-50-20-3,feasible,0.0884546599999999,50,20,3,1000,mstr,True
mckp,335202.0,uncorrelated_10000-rnduniform-rnduniform-100-20-0,feasible,2.183803793,100,20,0,10000,uncorrelated,True
compact,3301919.0,almost_strongly_correlated_10000-rnduniform-rnduniform-1000-100-8,feasible,0.5802490711212158,1000,100,8,10000,almost_strongly_correlated,False
compact,2909508.0,strongly_correlated_10000-rnduniform-rnduniform-1000-100-1,feasible,0.0938529968261718,1000,100,1,10000,strongly_correlated,False
mckp,2648202.0,profit_ceiling_10000-rnduniform-rnduniform-1000-100-8,feasible,18.192582528,1000,100,8,10000,profit_ceiling,True
compact,23776.0,subset_sum_1000-rnduniform-rnduniform-100-20-6,feasible,0.0249910354614257,100,20,6,1000,subset_sum,True
mckp,5799804.0,strongly_correlated_10000-rnduniform-rnduniform-2000-100-1,feasible,139.11378831000002,2000,100,1,10000,strongly_correlated,True
mckp,87040.0,span_uncorrelated_1000-rnduniform-rnduniform-200-20-9,feasible,0.24862767,200,20,9,1000,span_uncorrelated,True
mckp,178457.0,mstr_1000-rnduniform-rnduniform-500-20-0,feasible,4.714101297,500,20,0,1000,mstr,True
compact,4712883.0,profit_ceiling_10000-rnduniform-rnduniform-2000-100-3,feasible,0.1306941509246826,2000,100,3,10000,profit_ceiling,False
mckp,2217892.0,span_uncorrelated_10000-rnduniform-rnduniform-500-20-1,feasible,23.53497496,500,20,1,10000,span_uncorrelated,True
mckp,414276.0,uncorrelated_1000-rnduniform-rnduniform-1000-20-9,feasible,47.496735538,1000,20,9,1000,uncorrelated,True
mckp,139143.0,weakly_correlated_10000-rnduniform-rnduniform-50-20-2,feasible,1.4081258520000002,50,20,2,10000,weakly_correlated,True
compact,71619.0,almost_strongly_correlated_1000-rnduniform-rnduniform-200-20-9,feasible,175.26522207260132,200,20,9,1000,almost_strongly_correlated,True
mckp,72223.0,mstr_1000-rnduniform-rnduniform-200-20-0,feasible,0.3179794999999999,200,20,0,1000,mstr,True
mckp,451817.0,subset_sum_10000-rnduniform-rnduniform-200-100-3,feasible,4.006134861,200,100,3,10000,subset_sum,True
compact,57872.0,strongly_correlated_1000-rnduniform-rnduniform-200-20-1,feasible,0.029930830001831,200,20,1,1000,strongly_correlated,True
compact,509162.0,weakly_correlated_1000-rnduniform-rnduniform-2000-20-2,feasible,0.1539549827575683,2000,20,2,1000,weakly_correlated,False
compact,407956.0,mstr_1000-rnduniform-rnduniform-1000-20-5,feasible,489.09449791908264,1000,20,5,1000,mstr,True
mckp,2530452.0,inverse_strongly_correlated_10000-rnduniform-rnduniform-1000-100-4,feasible,26.288725936,1000,100,4,10000,inverse_strongly_correlated,True
compact,267879.0,profit_ceiling_1000-rnduniform-rnduniform-1000-100-9,feasible,0.0775949954986572,1000,100,9,1000,profit_ceiling,True
compact,2296346.0,subset_sum_10000-rnduniform-rnduniform-1000-20-1,feasible,0.011758804321289,1000,20,1,10000,subset_sum,True
compact,522081.0,circle_1000-rnduniform-rnduniform-1000-20-9,feasible,1.9168171882629397,1000,20,9,1000,circle,False
mckp,100707.0,span_weakly_correlated_1000-rnduniform-rnduniform-200-20-9,feasible,0.916369586,200,20,9,1000,span_weakly_correlated,True
mckp,5177197.0,weakly_correlated_10000-rnduniform-rnduniform-2000-20-3,feasible,3098.615584597,2000,20,3,10000,weakly_correlated,True
compact,285062.0,weakly_correlated_10000-rnduniform-rnduniform-100-20-8,feasible,0.0436110496520996,100,20,8,10000,weakly_correlated,True
compact,1013229.0,span_weakly_correlated_1000-rnduniform-rnduniform-2000-100-3,feasible,3600.0016288757324,2000,100,3,1000,span_weakly_correlated,False
mckp,257256.0,inverse_strongly_correlated_1000-rnduniform-rnduniform-1000-20-3,feasible,24.305151904,1000,20,3,1000,inverse_strongly_correlated,True
mckp,380976.0,mstr_1000-rnduniform-rnduniform-1000-20-2,feasible,34.418745209,1000,20,2,1000,mstr,True
mckp,814193.0,uncorrelated_10000-rnduniform-rnduniform-200-20-5,feasible,5.6193053289999995,200,20,5,10000,uncorrelated,True
mckp,755151.0,uncorrelated_similar-rnduniform-rnduniform-2000-20-5,feasible,4873.6620815530005,2000,20,5,100000,uncorrelated_similar,False
mckp,263475.0,weakly_correlated_1000-rnduniform-rnduniform-1000-20-2,feasible,33.470553568,1000,20,2,1000,weakly_correlated,True
mckp,1358004.0,mstr_10000-rnduniform-rnduniform-500-20-7,feasible,47.531699479,500,20,7,10000,mstr,True
compact,490899.0,mstr_10000-rnduniform-rnduniform-200-20-0,feasible,0.0348620414733886,200,20,0,10000,mstr,True
compact,2517621.0,profit_ceiling_10000-rnduniform-rnduniform-1000-20-5,feasible,0.0155661106109619,1000,20,5,10000,profit_ceiling,False
mckp,2589713.0,inverse_strongly_correlated_10000-rnduniform-rnduniform-1000-20-4,feasible,223.115521421,1000,20,4,10000,inverse_strongly_correlated,True
mckp,442288.0,circle_10000-rnduniform-rnduniform-100-20-3,feasible,2.196713163,100,20,3,10000,circle,True
compact,4927803.0,profit_ceiling_10000-rnduniform-rnduniform-2000-100-6,feasible,0.0393009185791015,2000,100,6,10000,profit_ceiling,False
mckp,122225.0,subset_sum_10000-rnduniform-rnduniform-50-20-8,feasible,1.086401103,50,20,8,10000,subset_sum,True
mckp,490399.0,mstr_10000-rnduniform-rnduniform-200-20-3,feasible,8.703328192,200,20,3,10000,mstr,True
mckp,4003754.0,span_weakly_correlated_10000-rnduniform-rnduniform-1000-20-0,feasible,93.49432998,1000,20,0,10000,span_weakly_correlated,True
mckp,3407475.0,span_weakly_correlated_10000-rnduniform-rnduniform-1000-100-5,feasible,21.086272210999997,1000,100,5,10000,span_weakly_correlated,True
mckp,447628.0,span_uncorrelated_1000-rnduniform-rnduniform-1000-20-3,feasible,9.035115957,1000,20,3,1000,span_uncorrelated,True
mckp,710560.0,uncorrelated_similar-rnduniform-rnduniform-2000-100-2,feasible,1454.471672816,2000,100,2,100000,uncorrelated_similar,True
compact,4080787.0,uncorrelated_10000-rnduniform-rnduniform-1000-20-9,feasible,0.0702919960021972,1000,20,9,10000,uncorrelated,False
compact,516219.0,profit_ceiling_1000-rnduniform-rnduniform-2000-100-8,feasible,0.0755491256713867,2000,100,8,1000,profit_ceiling,True
mckp,5252488.0,weakly_correlated_10000-rnduniform-rnduniform-2000-100-3,feasible,90.255309957,2000,100,3,10000,weakly_correlated,True
mckp,2340908.0,circle_10000-rnduniform-rnduniform-500-100-7,feasible,9.899127684,500,100,7,10000,circle,True
compact,2382250.0,weakly_correlated_10000-rnduniform-rnduniform-1000-100-0,feasible,0.1388900279998779,1000,100,0,10000,weakly_correlated,False
mckp,254118.0,profit_ceiling_1000-rnduniform-rnduniform-1000-20-5,feasible,26.855401103,1000,20,5,1000,profit_ceiling,True
mckp,138518.0,strongly_correlated_1000-rnduniform-rnduniform-500-100-0,feasible,0.96185626,500,100,0,1000,strongly_correlated,True
compact,13008.0,span_strongly_correlated_1000-rnduniform-rnduniform-50-20-9,feasible,0.0027768611907958,50,20,9,1000,span_strongly_correlated,True
compact,254118.0,profit_ceiling_1000-rnduniform-rnduniform-1000-20-5,feasible,0.0700030326843261,1000,20,5,1000,profit_ceiling,True
compact,23912.0,weakly_correlated_1000-rnduniform-rnduniform-100-20-3,feasible,0.0240061283111572,100,20,3,1000,weakly_correlated,True
compact,285607.0,strongly_correlated_10000-rnduniform-rnduniform-100-20-6,feasible,0.090466022491455,100,20,6,10000,strongly_correlated,True
compact,148811.0,weakly_correlated_10000-rnduniform-rnduniform-50-20-9,feasible,0.0033819675445556,50,20,9,10000,weakly_correlated,True
compact,4599133.0,circle_10000-rnduniform-rnduniform-1000-100-3,feasible,0.2245571613311767,1000,100,3,10000,circle,False
compact,105092.0,span_uncorrelated_1000-rnduniform-rnduniform-200-100-1,feasible,0.001788854598999,200,100,1,1000,span_uncorrelated,True
compact,4073164.0,uncorrelated_10000-rnduniform-rnduniform-1000-20-4,feasible,0.0447368621826171,1000,20,4,10000,uncorrelated,False
compact,907382.0,span_uncorrelated_1000-rnduniform-rnduniform-2000-20-8,feasible,0.0204801559448242,2000,20,8,1000,span_uncorrelated,True
mckp,180739.0,mstr_1000-rnduniform-rnduniform-500-100-1,feasible,0.85155315,500,100,1,1000,mstr,True
mckp,978552.0,span_weakly_correlated_10000-rnduniform-rnduniform-200-20-9,feasible,6.748312095999999,200,20,9,10000,span_weakly_correlated,True
mckp,471952.0,circle_1000-rnduniform-rnduniform-1000-20-1,feasible,29.403697808,1000,20,1,1000,circle,True
mckp,484422.0,span_uncorrelated_1000-rnduniform-rnduniform-1000-20-2,feasible,8.905661768,1000,20,2,1000,span_uncorrelated,True
compact,87467.0,mstr_1000-rnduniform-rnduniform-200-20-9,feasible,0.0873529911041259,200,20,9,1000,mstr,True
compact,44141.0,span_strongly_correlated_1000-rnduniform-rnduniform-200-20-1,feasible,0.0560510158538818,200,20,1,1000,span_strongly_correlated,True
mckp,4825772.0,circle_10000-rnduniform-rnduniform-1000-20-5,feasible,205.528393726,1000,20,5,10000,circle,True
compact,5923643.999999999,almost_strongly_correlated_10000-rnduniform-rnduniform-2000-100-2,feasible,16.36948800086975,2000,100,2,10000,almost_strongly_correlated,False
mckp,285402.0,strongly_correlated_1000-rnduniform-rnduniform-1000-100-1,feasible,1.476480017,1000,100,1,1000,strongly_correlated,True
mckp,440490.0,profit_ceiling_1000-rnduniform-rnduniform-2000-20-0,feasible,149.506707081,2000,20,0,1000,profit_ceiling,True
compact,143290.0,almost_strongly_correlated_1000-rnduniform-rnduniform-500-20-0,feasible,0.442451000213623,500,20,0,1000,almost_strongly_correlated,True
mckp,336420.0,span_weakly_correlated_1000-rnduniform-rnduniform-2000-20-3,feasible,57.548337101,2000,20,3,1000,span_weakly_correlated,True
mckp,1933964.0,uncorrelated_10000-rnduniform-rnduniform-500-20-4,feasible,40.212696744,500,20,4,10000,uncorrelated,True
mckp,4746925.0,inverse_strongly_correlated_10000-rnduniform-rnduniform-2000-100-0,feasible,81.651426482,2000,100,0,10000,inverse_strongly_correlated,True
compact,453695.0,circle_1000-rnduniform-rnduniform-1000-20-0,feasible,0.2710990905761719,1000,20,0,1000,circle,True
compact,46455.0,profit_ceiling_1000-rnduniform-rnduniform-200-20-1,feasible,0.0607190132141113,200,20,1,1000,profit_ceiling,True
compact,734919.0,mstr_1000-rnduniform-rnduniform-2000-100-0,feasible,3600.001801967621,2000,100,0,1000,mstr,False
compact,229681.99999999985,circle_1000-rnduniform-rnduniform-500-20-3,feasible,0.225870132446289,500,20,3,1000,circle,True
compact,1592363.0,strongly_correlated_10000-rnduniform-rnduniform-500-20-6,feasible,3600.0007281303406,500,20,6,10000,strongly_correlated,False
compact,118551.0,profit_ceiling_1000-rnduniform-rnduniform-500-20-4,feasible,0.0044119358062744,500,20,4,1000,profit_ceiling,True
mckp,1003943.0,circle_10000-rnduniform-rnduniform-200-20-7,feasible,4.69927399,200,20,7,10000,circle,True
mckp,372278.0,uncorrelated_1000-rnduniform-rnduniform-1000-100-2,feasible,1.88799046,1000,100,2,1000,uncorrelated,True
compact,292760.0,weakly_correlated_1000-rnduniform-rnduniform-1000-100-8,feasible,0.1149380207061767,1000,100,8,1000,weakly_correlated,True
mckp,270761.0,weakly_correlated_1000-rnduniform-rnduniform-1000-20-4,feasible,41.731248099,1000,20,4,1000,weakly_correlated,True
mckp,519780.0,profit_ceiling_1000-rnduniform-rnduniform-2000-100-7,feasible,15.887408714,2000,100,7,1000,profit_ceiling,True
compact,2254900.0,subset_sum_10000-rnduniform-rnduniform-1000-20-0,feasible,0.0131170749664306,1000,20,0,10000,subset_sum,True
compact,101446.0,span_weakly_correlated_1000-rnduniform-rnduniform-500-20-1,feasible,0.0332307815551757,500,20,1,1000,span_weakly_correlated,True
compact,1495244.0,span_strongly_correlated_10000-rnduniform-rnduniform-500-20-0,feasible,3600.0011398792267,500,20,0,10000,span_strongly_correlated,False
mckp,296321.0,almost_strongly_correlated_1000-rnduniform-rnduniform-1000-100-3,feasible,1.4654302199999998,1000,100,3,1000,almost_strongly_correlated,True
mckp,487276.0,weakly_correlated_1000-rnduniform-rnduniform-2000-20-0,feasible,843.9271716869999,2000,20,0,1000,weakly_correlated,True
compact,555865.0,mstr_10000-rnduniform-rnduniform-200-20-9,feasible,0.2314531803131103,200,20,9,10000,mstr,True
mckp,76989.0,uncorrelated_1000-rnduniform-rnduniform-200-20-4,feasible,0.330850192,200,20,4,1000,uncorrelated,True
compact,874777.0,circle_10000-rnduniform-rnduniform-200-20-0,feasible,0.2566399574279785,200,20,0,10000,circle,True
compact,3053625.0,strongly_correlated_10000-rnduniform-rnduniform-1000-20-3,feasible,3600.0010340213776,1000,20,3,10000,strongly_correlated,False
mckp,2324118.0,profit_ceiling_10000-rnduniform-rnduniform-1000-100-2,feasible,18.373338091,1000,100,2,10000,profit_ceiling,True
mckp,23912.0,weakly_correlated_1000-rnduniform-rnduniform-100-20-3,feasible,0.14066244,100,20,3,1000,weakly_correlated,True
compact,122225.0,subset_sum_10000-rnduniform-rnduniform-50-20-8,feasible,0.02555513381958,50,20,8,10000,subset_sum,True
mckp,4910585.0,span_uncorrelated_10000-rnduniform-rnduniform-1000-100-5,feasible,23.174887887,1000,100,5,10000,span_uncorrelated,True
mckp,180450.0,span_weakly_correlated_1000-rnduniform-rnduniform-500-20-3,feasible,3.41289093,500,20,3,1000,span_weakly_correlated,True
compact,755234.0,mstr_1000-rnduniform-rnduniform-2000-20-2,feasible,3600.001762151718,2000,20,2,1000,mstr,False
compact,309764.0,almost_strongly_correlated_1000-rnduniform-rnduniform-1000-100-5,feasible,0.2356958389282226,1000,100,5,1000,almost_strongly_correlated,True
mckp,287296.0,span_weakly_correlated_1000-rnduniform-rnduniform-1000-20-1,feasible,11.842558266,1000,20,1,1000,span_weakly_correlated,True
mckp,25941.0,profit_ceiling_1000-rnduniform-rnduniform-100-20-7,feasible,0.182723685,100,20,7,1000,profit_ceiling,True
compact,328908.0,uncorrelated_10000-rnduniform-rnduniform-100-20-3,feasible,0.0040698051452636,100,20,3,10000,uncorrelated,True
mckp,295952.0,strongly_correlated_1000-rnduniform-rnduniform-1000-20-2,feasible,23.060977249,1000,20,2,1000,strongly_correlated,True
compact,920466.0,circle_10000-rnduniform-rnduniform-200-20-3,feasible,0.038409948348999,200,20,3,10000,circle,True
mckp,293304.0,span_uncorrelated_1000-rnduniform-rnduniform-1000-100-3,feasible,4.861704498,1000,100,3,1000,span_uncorrelated,True
compact,210782.0,mstr_1000-rnduniform-rnduniform-500-20-8,feasible,0.133970022201538,500,20,8,1000,mstr,True
mckp,128420.0,span_weakly_correlated_1000-rnduniform-rnduniform-1000-500-0,feasible,0.4577264,1000,500,0,1000,span_weakly_correlated,True
compact,5799804.0,strongly_correlated_10000-rnduniform-rnduniform-2000-100-1,feasible,3600.001811027527,2000,100,1,10000,strongly_correlated,False
mckp,32393.0,uncorrelated_similar-rnduniform-rnduniform-100-20-1,feasible,57.096036713,100,20,1,100000,uncorrelated_similar,True
compact,45174.0,subset_sum_1000-rnduniform-rnduniform-200-20-2,feasible,0.0046961307525634,200,20,2,1000,subset_sum,True
mckp,6114366.0,span_uncorrelated_10000-rnduniform-rnduniform-1000-20-9,feasible,46.659464014,1000,20,9,10000,span_uncorrelated,True
compact,88526.0,span_uncorrelated_1000-rnduniform-rnduniform-200-20-5,feasible,0.007275104522705,200,20,5,1000,span_uncorrelated,True
mckp,2428047.0,subset_sum_10000-rnduniform-rnduniform-1000-20-3,feasible,193.002991431,1000,20,3,10000,subset_sum,True
mckp,474596.0,weakly_correlated_10000-rnduniform-rnduniform-200-20-0,feasible,3.407784411,200,20,0,10000,weakly_correlated,True
compact,36704.0,uncorrelated_similar-rnduniform-rnduniform-100-20-4,feasible,0.0049669742584228,100,20,4,100000,uncorrelated_similar,True
compact,440678.0,inverse_strongly_correlated_10000-rnduniform-rnduniform-200-100-0,feasible,0.0250220298767089,200,100,0,10000,inverse_strongly_correlated,True
mckp,2519638.0,span_strongly_correlated_10000-rnduniform-rnduniform-500-20-6,feasible,44.026901076,500,20,6,10000,span_strongly_correlated,True
mckp,3999835.0,uncorrelated_10000-rnduniform-rnduniform-1000-100-6,feasible,18.49755673,1000,100,6,10000,uncorrelated,True
compact,348931.0,span_weakly_correlated_10000-rnduniform-rnduniform-200-20-7,feasible,3600.000330924988,200,20,7,10000,span_weakly_correlated,False
compact,5056665.0,profit_ceiling_10000-rnduniform-rnduniform-2000-20-6,feasible,0.0307838916778564,2000,20,6,10000,profit_ceiling,False
compact,22906.0,subset_sum_1000-rnduniform-rnduniform-100-20-0,feasible,0.0160810947418212,100,20,0,1000,subset_sum,True
compact,481314.0,inverse_strongly_correlated_1000-rnduniform-rnduniform-2000-100-1,feasible,3600.001358985901,2000,100,1,1000,inverse_strongly_correlated,False
mckp,271311.0,mstr_10000-rnduniform-rnduniform-100-20-9,feasible,2.554881925,100,20,9,10000,mstr,True
compact,558476.0,weakly_correlated_10000-rnduniform-rnduniform-200-20-8,feasible,0.0696189403533935,200,20,8,10000,weakly_correlated,True
compact,2800754.0,strongly_correlated_10000-rnduniform-rnduniform-1000-100-0,feasible,0.3568148612976074,1000,100,0,10000,strongly_correlated,False
mckp,5048685.0,profit_ceiling_10000-rnduniform-rnduniform-2000-500-6,feasible,58.866033618,2000,500,6,10000,profit_ceiling,True
compact,273780.0,mstr_10000-rnduniform-rnduniform-100-20-8,feasible,0.0878489017486572,100,20,8,10000,mstr,True
mckp,6947251.0,span_weakly_correlated_10000-rnduniform-rnduniform-2000-100-7,feasible,64.777336116,2000,100,7,10000,span_weakly_correlated,True
mckp,3259304.0,strongly_correlated_10000-rnduniform-rnduniform-1000-20-6,feasible,396.490259218,1000,20,6,10000,strongly_correlated,True
compact,75348.0,span_uncorrelated_1000-rnduniform-rnduniform-200-100-0,feasible,0.0049138069152832,200,100,0,1000,span_uncorrelated,True
mckp,4759692.0,span_strongly_correlated_10000-rnduniform-rnduniform-2000-20-1,feasible,186.549552495,2000,20,1,10000,span_strongly_correlated,True
mckp,192158.0,mstr_1000-rnduniform-rnduniform-500-20-4,feasible,6.032933753,500,20,4,1000,mstr,True
compact,471794.0,subset_sum_10000-rnduniform-rnduniform-200-20-5,feasible,0.0398108959197998,200,20,5,10000,subset_sum,True
compact,29745.0,strongly_correlated_1000-rnduniform-rnduniform-100-20-7,feasible,0.0433380603790283,100,20,7,1000,strongly_correlated,True
compact,23014.0,inverse_strongly_correlated_1000-rnduniform-rnduniform-100-20-1,feasible,0.0865049362182617,100,20,1,1000,inverse_strongly_correlated,True
compact,3918574.0,uncorrelated_10000-rnduniform-rnduniform-1000-100-3,feasible,0.0770299434661865,1000,100,3,10000,uncorrelated,True
mckp,4712883.0,profit_ceiling_10000-rnduniform-rnduniform-2000-100-3,feasible,105.369950096,2000,100,3,10000,profit_ceiling,True
mckp,2127080.0,inverse_strongly_correlated_10000-rnduniform-rnduniform-1000-500-0,feasible,25.458141473,1000,500,0,10000,inverse_strongly_correlated,True
compact,2644481.0,mstr_10000-rnduniform-rnduniform-1000-20-6,feasible,3600.000818014145,1000,20,6,10000,mstr,False
mckp,94841.0,circle_1000-rnduniform-rnduniform-200-20-6,feasible,0.357154108,200,20,6,1000,circle,True
mckp,7376147.0,uncorrelated_10000-rnduniform-rnduniform-2000-100-0,feasible,73.976804095,2000,100,0,10000,uncorrelated,True
compact,384696.0,mstr_1000-rnduniform-rnduniform-1000-20-3,feasible,79.01432085037231,1000,20,3,1000,mstr,True
compact,50882.0,subset_sum_1000-rnduniform-rnduniform-200-20-9,feasible,0.0045101642608642,200,20,9,1000,subset_sum,True
compact,142948.0,mstr_10000-rnduniform-rnduniform-50-20-6,feasible,0.0204980373382568,50,20,6,10000,mstr,True
compact,2910713.0,weakly_correlated_10000-rnduniform-rnduniform-1000-100-9,feasible,0.0999979972839355,1000,100,9,10000,weakly_correlated,False
mckp,7958530.0,uncorrelated_10000-rnduniform-rnduniform-2000-20-3,feasible,3966.90441896,2000,20,3,10000,uncorrelated,False
mckp,549319.0,weakly_correlated_1000-rnduniform-rnduniform-2000-20-5,feasible,331.13117168400004,2000,20,5,1000,weakly_correlated,True
mckp,344778.0,almost_strongly_correlated_1000-rnduniform-rnduniform-1000-20-9,feasible,47.882370805,1000,20,9,1000,almost_strongly_correlated,True
mckp,256655.0,subset_sum_1000-rnduniform-rnduniform-1000-100-6,feasible,1.654760727,1000,100,6,1000,subset_sum,True
compact,227805.0,profit_ceiling_1000-rnduniform-rnduniform-1000-100-1,feasible,0.0651638507843017,1000,100,1,1000,profit_ceiling,True
mckp,487599.0,subset_sum_1000-rnduniform-rnduniform-2000-100-3,feasible,11.485048574,2000,100,3,1000,subset_sum,True
compact,59329.0,almost_strongly_correlated_1000-rnduniform-rnduniform-200-20-3,feasible,0.0409250259399414,200,20,3,1000,almost_strongly_correlated,True
compact,238123.0,subset_sum_1000-rnduniform-rnduniform-1000-20-3,feasible,0.0065829753875732,1000,20,3,1000,subset_sum,True
mckp,72374.0,mstr_1000-rnduniform-rnduniform-200-100-1,feasible,0.275180319,200,100,1,1000,mstr,True
compact,215377.0,subset_sum_10000-rnduniform-rnduniform-100-20-0,feasible,0.2453839778900146,100,20,0,10000,subset_sum,True
mckp,448190.0,span_strongly_correlated_10000-rnduniform-rnduniform-100-20-3,feasible,4.443129278,100,20,3,10000,span_strongly_correlated,True
mckp,2962155.0,span_weakly_correlated_10000-rnduniform-rnduniform-1000-500-0,feasible,30.080881404000003,1000,500,0,10000,span_weakly_correlated,True
mckp,4658208.0,circle_10000-rnduniform-rnduniform-1000-20-3,feasible,195.904358462,1000,20,3,10000,circle,True
mckp,143290.0,almost_strongly_correlated_1000-rnduniform-rnduniform-500-20-0,feasible,5.920765474,500,20,0,1000,almost_strongly_correlated,True
mckp,4786610.0,subset_sum_10000-rnduniform-rnduniform-2000-100-3,feasible,91.681780032,2000,100,3,10000,subset_sum,True
mckp,743791.0,uncorrelated_similar-rnduniform-rnduniform-2000-100-5,feasible,1541.134771008,2000,100,5,100000,uncorrelated_similar,True
compact,457728.0,subset_sum_10000-rnduniform-rnduniform-200-100-1,feasible,0.0034999847412109,200,100,1,10000,subset_sum,True
mckp,187522.0,uncorrelated_similar-rnduniform-rnduniform-500-20-4,feasible,324.399403717,500,20,4,100000,uncorrelated_similar,True
compact,508900.0,inverse_strongly_correlated_1000-rnduniform-rnduniform-2000-100-3,feasible,3600.0015020370483,2000,100,3,1000,inverse_strongly_correlated,False
mckp,5056665.0,profit_ceiling_10000-rnduniform-rnduniform-2000-20-6,feasible,3285.211366839,2000,20,6,10000,profit_ceiling,True
mckp,260802.0,profit_ceiling_1000-rnduniform-rnduniform-1000-100-7,feasible,1.476278974,1000,100,7,1000,profit_ceiling,True
mckp,1888446.0,span_weakly_correlated_10000-rnduniform-rnduniform-500-20-4,feasible,24.295945801,500,20,4,10000,span_weakly_correlated,True
compact,223902.0,profit_ceiling_1000-rnduniform-rnduniform-1000-500-0,feasible,0.0108380317687988,1000,500,0,1000,profit_ceiling,True
mckp,286863.0,weakly_correlated_10000-rnduniform-rnduniform-100-20-9,feasible,2.186451187,100,20,9,10000,weakly_correlated,True
mckp,475188.0,subset_sum_10000-rnduniform-rnduniform-200-100-0,feasible,6.403597924,200,100,0,10000,subset_sum,True
mckp,114918.0,profit_ceiling_1000-rnduniform-rnduniform-500-20-3,feasible,4.679587554,500,20,3,1000,profit_ceiling,True
mckp,384192.0,mstr_1000-rnduniform-rnduniform-1000-100-4,feasible,2.205705154,1000,100,4,1000,mstr,True
compact,443910.0,subset_sum_1000-rnduniform-rnduniform-2000-100-1,feasible,0.0297169685363769,2000,100,1,1000,subset_sum,True
mckp,112072.0,subset_sum_1000-rnduniform-rnduniform-500-100-0,feasible,1.086378696,500,100,0,1000,subset_sum,True
mckp,8202482.0,uncorrelated_10000-rnduniform-rnduniform-2000-20-8,feasible,5109.478119126,2000,20,8,10000,uncorrelated,False
compact,6614195.0,strongly_correlated_10000-rnduniform-rnduniform-2000-100-8,feasible,3600.001356124878,2000,100,8,10000,strongly_correlated,False
mckp,2255029.0,subset_sum_10000-rnduniform-rnduniform-1000-500-0,feasible,20.696801155,1000,500,0,10000,subset_sum,True
compact,527692.0,subset_sum_1000-rnduniform-rnduniform-2000-100-8,feasible,0.033174991607666,2000,100,8,1000,subset_sum,True
mckp,144489.0,strongly_correlated_1000-rnduniform-rnduniform-500-20-1,feasible,3.895862325,500,20,1,1000,strongly_correlated,True
compact,393358.0,mstr_1000-rnduniform-rnduniform-1000-20-4,feasible,3176.7003269195557,1000,20,4,1000,mstr,True
compact,647877.0,strongly_correlated_10000-rnduniform-rnduniform-200-20-7,feasible,0.2228949069976806,200,20,7,10000,strongly_correlated,True
compact,1106862.0,profit_ceiling_10000-rnduniform-rnduniform-500-20-0,feasible,0.0386438369750976,500,20,0,10000,profit_ceiling,True
compact,5293978.0,mstr_10000-rnduniform-rnduniform-2000-20-6,feasible,3600.001720905304,2000,20,6,10000,mstr,False
compact,466663.0,subset_sum_10000-rnduniform-rnduniform-200-20-2,feasible,0.0713319778442382,200,20,2,10000,subset_sum,True
compact,6153186.0,span_weakly_correlated_10000-rnduniform-rnduniform-2000-20-6,feasible,1.083791971206665,2000,20,6,10000,span_weakly_correlated,True
compact,678322.0,uncorrelated_10000-rnduniform-rnduniform-200-100-5,feasible,0.0024411678314208,200,100,5,10000,uncorrelated,True
mckp,5058263.0,weakly_correlated_10000-rnduniform-rnduniform-2000-100-1,feasible,73.46501091900001,2000,100,1,10000,weakly_correlated,True
mckp,5785974.0,span_uncorrelated_10000-rnduniform-rnduniform-1000-100-8,feasible,17.889190727,1000,100,8,10000,span_uncorrelated,True
compact,3388086.0,strongly_correlated_10000-rnduniform-rnduniform-1000-100-8,feasible,0.1389548778533935,1000,100,8,10000,strongly_correlated,True
mckp,686532.0,strongly_correlated_1000-rnduniform-rnduniform-2000-100-9,feasible,13.459519593,2000,100,9,1000,strongly_correlated,True
compact,2629126.0,weakly_correlated_10000-rnduniform-rnduniform-1000-100-3,feasible,0.2114148139953613,1000,100,3,10000,weakly_correlated,False
compact,5629512.0,weakly_correlated_10000-rnduniform-rnduniform-2000-100-8,feasible,0.3282358646392822,2000,100,8,10000,weakly_correlated,False
mckp,5126225.0,inverse_strongly_correlated_10000-rnduniform-rnduniform-2000-100-3,feasible,121.701470319,2000,100,3,10000,inverse_strongly_correlated,True
compact,379863.0,uncorrelated_similar-rnduniform-rnduniform-1000-100-6,feasible,0.0683739185333252,1000,100,6,100000,uncorrelated_similar,True
compact,3289000.0,strongly_correlated_10000-rnduniform-rnduniform-1000-20-7,feasible,3600.0009200572968,1000,20,7,10000,strongly_correlated,False
mckp,449337.0,profit_ceiling_1000-rnduniform-rnduniform-2000-20-1,feasible,148.106925847,2000,20,1,1000,profit_ceiling,True
mckp,45054.0,subset_sum_1000-rnduniform-rnduniform-200-100-0,feasible,0.517375506,200,100,0,1000,subset_sum,True
compact,525576.0,inverse_strongly_correlated_1000-rnduniform-rnduniform-2000-20-6,feasible,69.49241709709167,2000,20,6,1000,inverse_strongly_correlated,False
mckp,3210635.0,uncorrelated_10000-rnduniform-rnduniform-1000-500-1,feasible,23.601660203,1000,500,1,10000,uncorrelated,True
mckp,292691.0,strongly_correlated_1000-rnduniform-rnduniform-1000-20-0,feasible,23.572440369,1000,20,0,1000,strongly_correlated,True
compact,1013538.0,circle_10000-rnduniform-rnduniform-200-20-8,feasible,0.0374150276184082,200,20,8,10000,circle,True
compact,1460742.0,almost_strongly_correlated_10000-rnduniform-rnduniform-500-20-1,feasible,3.403614044189453,500,20,1,10000,almost_strongly_correlated,False
compact,4760789.0,inverse_strongly_correlated_10000-rnduniform-rnduniform-2000-100-1,feasible,0.9578192234039308,2000,100,1,10000,inverse_strongly_correlated,False
mckp,9241119.0,circle_10000-rnduniform-rnduniform-2000-100-2,feasible,90.481093579,2000,100,2,10000,circle,True
mckp,2213335.0,span_strongly_correlated_10000-rnduniform-rnduniform-2000-20-3,feasible,89.154948556,2000,20,3,10000,span_strongly_correlated,True
mckp,1039948.0,span_weakly_correlated_10000-rnduniform-rnduniform-500-20-8,feasible,15.508047962,500,20,8,10000,span_weakly_correlated,True
compact,266198.0,span_weakly_correlated_1000-rnduniform-rnduniform-1000-100-7,feasible,0.1589539051055908,1000,100,7,1000,span_weakly_correlated,True
compact,35085.0,uncorrelated_1000-rnduniform-rnduniform-100-20-8,feasible,0.0046188831329345,100,20,8,1000,uncorrelated,True
mckp,1297881.0,inverse_strongly_correlated_10000-rnduniform-rnduniform-500-20-4,feasible,60.704550769,500,20,4,10000,inverse_strongly_correlated,True
compact,595815.0,strongly_correlated_1000-rnduniform-rnduniform-2000-20-2,feasible,3600.0011949539185,2000,20,2,1000,strongly_correlated,False
compact,5002805.0,subset_sum_10000-rnduniform-rnduniform-2000-20-6,feasible,0.0165901184082031,2000,20,6,10000,subset_sum,True
mckp,298608.0,strongly_correlated_1000-rnduniform-rnduniform-1000-20-1,feasible,19.046690348,1000,20,1,1000,strongly_correlated,True
mckp,410783.0,uncorrelated_1000-rnduniform-rnduniform-1000-20-6,feasible,45.170309925999995,1000,20,6,1000,uncorrelated,True
mckp,1520342.0,almost_strongly_correlated_10000-rnduniform-rnduniform-500-20-2,feasible,49.279006582,500,20,2,10000,almost_strongly_correlated,True
compact,18079.0,span_strongly_correlated_1000-rnduniform-rnduniform-50-20-3,feasible,0.0049259662628173,50,20,3,1000,span_strongly_correlated,True
compact,6183311.0,strongly_correlated_10000-rnduniform-rnduniform-2000-20-4,feasible,3600.00138092041,2000,20,4,10000,strongly_correlated,False
compact,878408.0,span_uncorrelated_1000-rnduniform-rnduniform-2000-100-0,feasible,0.5070979595184326,2000,100,0,1000,span_uncorrelated,True
compact,16134.0,uncorrelated_1000-rnduniform-rnduniform-50-20-7,feasible,0.0017120838165283,50,20,7,1000,uncorrelated,True
compact,612413.0,strongly_correlated_10000-rnduniform-rnduniform-200-20-4,feasible,0.1180360317230224,200,20,4,10000,strongly_correlated,True
compact,60789.0,span_weakly_correlated_1000-rnduniform-rnduniform-500-20-0,feasible,0.2326290607452392,500,20,0,1000,span_weakly_correlated,True
mckp,428390.0,span_weakly_correlated_1000-rnduniform-rnduniform-1000-20-2,feasible,19.472193469,1000,20,2,1000,span_weakly_correlated,True
mckp,5372688.0,profit_ceiling_10000-rnduniform-rnduniform-2000-20-9,feasible,3629.944993108,2000,20,9,10000,profit_ceiling,False
mckp,140940.0,weakly_correlated_1000-rnduniform-rnduniform-500-20-7,feasible,5.151983376,500,20,7,1000,weakly_correlated,True
compact,369240.0,span_strongly_correlated_1000-rnduniform-rnduniform-1000-100-0,feasible,3600.0013132095337,1000,100,0,1000,span_strongly_correlated,False
mckp,100135.0,circle_1000-rnduniform-rnduniform-200-20-9,feasible,0.308194452,200,20,9,1000,circle,True
compact,156246.0,strongly_correlated_1000-rnduniform-rnduniform-500-20-4,feasible,0.1304700374603271,500,20,4,1000,strongly_correlated,True
mckp,5620397.0,weakly_correlated_10000-rnduniform-rnduniform-2000-100-7,feasible,105.803930942,2000,100,7,10000,weakly_correlated,True
compact,9583655.0,circle_10000-rnduniform-rnduniform-2000-20-3,feasible,3600.001384973526,2000,20,3,10000,circle,False
mckp,157548.0,almost_strongly_correlated_1000-rnduniform-rnduniform-500-20-6,feasible,6.35137826,500,20,6,1000,almost_strongly_correlated,True
compact,225264.0,profit_ceiling_1000-rnduniform-rnduniform-1000-100-0,feasible,0.0548899173736572,1000,100,0,1000,profit_ceiling,True
compact,4454640.0,profit_ceiling_10000-rnduniform-rnduniform-2000-20-0,feasible,0.0196709632873535,2000,20,0,10000,profit_ceiling,False
mckp,4640784.0,subset_sum_10000-rnduniform-rnduniform-2000-20-2,feasible,549.8602283690001,2000,20,2,10000,subset_sum,True
compact,4048144.0,span_weakly_correlated_10000-rnduniform-rnduniform-1000-20-8,feasible,0.0147609710693359,1000,20,8,10000,span_weakly_correlated,False
mckp,45471.0,profit_ceiling_1000-rnduniform-rnduniform-200-20-2,feasible,0.3122270159999999,200,20,2,1000,profit_ceiling,True
compact,58655.0,strongly_correlated_1000-rnduniform-rnduniform-200-20-2,feasible,0.0260829925537109,200,20,2,1000,strongly_correlated,True
compact,4517904.0,span_strongly_correlated_10000-rnduniform-rnduniform-1000-20-8,feasible,0.0186460018157959,1000,20,8,10000,span_strongly_correlated,True
compact,442288.0,circle_10000-rnduniform-rnduniform-100-20-3,feasible,0.0263218879699707,100,20,3,10000,circle,True
mckp,16134.0,uncorrelated_1000-rnduniform-rnduniform-50-20-7,feasible,0.113735798,50,20,7,1000,uncorrelated,True
compact,9076788.0,span_strongly_correlated_10000-rnduniform-rnduniform-2000-20-2,feasible,3600.0015330314636,2000,20,2,10000,span_strongly_correlated,False
compact,478487.0,subset_sum_1000-rnduniform-rnduniform-2000-100-4,feasible,0.0271589756011962,2000,100,4,1000,subset_sum,True
mckp,657699.0,almost_strongly_correlated_1000-rnduniform-rnduniform-2000-20-7,feasible,218.761660188,2000,20,7,1000,almost_strongly_correlated,True
compact,28215.0,inverse_strongly_correlated_1000-rnduniform-rnduniform-100-20-7,feasible,0.0293309688568115,100,20,7,1000,inverse_strongly_correlated,True
mckp,501898.0,weakly_correlated_10000-rnduniform-rnduniform-200-20-3,feasible,4.419508362,200,20,3,10000,weakly_correlated,True
mckp,10139171.0,circle_10000-rnduniform-rnduniform-2000-100-8,feasible,75.13186393,2000,100,8,10000,circle,True
compact,865999.0,span_uncorrelated_1000-rnduniform-rnduniform-2000-20-4,feasible,0.0125589370727539,2000,20,4,1000,span_uncorrelated,True
compact,3276305.0,strongly_correlated_10000-rnduniform-rnduniform-1000-20-8,feasible,14.77169680595398,1000,20,8,10000,strongly_correlated,False
mckp,580298.0,weakly_correlated_10000-rnduniform-rnduniform-200-20-9,feasible,3.617997967,200,20,9,10000,weakly_correlated,True
mckp,294276.0,weakly_correlated_1000-rnduniform-rnduniform-1000-20-9,feasible,34.140032172,1000,20,9,1000,weakly_correlated,True
compact,1193750.0,inverse_strongly_correlated_10000-rnduniform-rnduniform-500-20-0,feasible,108.10758900642396,500,20,0,10000,inverse_strongly_correlated,False
mckp,6362582.0,strongly_correlated_10000-rnduniform-rnduniform-2000-20-5,feasible,1547.130328894,2000,20,5,10000,strongly_correlated,True
mckp,205573.0,uncorrelated_1000-rnduniform-rnduniform-500-20-6,feasible,5.968810424,500,20,6,1000,uncorrelated,True
compact,731893.0,uncorrelated_10000-rnduniform-rnduniform-200-20-3,feasible,0.0159180164337158,200,20,3,10000,uncorrelated,True
mckp,387438.0,uncorrelated_1000-rnduniform-rnduniform-1000-100-3,feasible,1.631353211,1000,100,3,1000,uncorrelated,True
compact,2503888.0,mstr_10000-rnduniform-rnduniform-1000-20-3,feasible,3600.0006968975067,1000,20,3,10000,mstr,False
mckp,2598150.0,subset_sum_10000-rnduniform-rnduniform-1000-20-8,feasible,180.537496352,1000,20,8,10000,subset_sum,True
mckp,5148212.0,mstr_10000-rnduniform-rnduniform-2000-20-4,feasible,1364.0023851259998,2000,20,4,10000,mstr,True
mckp,265724.0,subset_sum_1000-rnduniform-rnduniform-1000-20-8,feasible,22.234459462,1000,20,8,1000,subset_sum,True
compact,232393.0,subset_sum_10000-rnduniform-rnduniform-100-20-5,feasible,0.2244448661804199,100,20,5,10000,subset_sum,True
mckp,391108.0,uncorrelated_1000-rnduniform-rnduniform-1000-100-5,feasible,1.463954018,1000,100,5,1000,uncorrelated,True
compact,2547057.0,profit_ceiling_10000-rnduniform-rnduniform-1000-20-7,feasible,0.0200350284576416,1000,20,7,10000,profit_ceiling,True
mckp,301480.0,strongly_correlated_10000-rnduniform-rnduniform-100-20-5,feasible,2.49388471,100,20,5,10000,strongly_correlated,True
compact,2779455.0,weakly_correlated_10000-rnduniform-rnduniform-1000-20-4,feasible,0.1535639762878418,1000,20,4,10000,weakly_correlated,False
mckp,203192.0,span_weakly_correlated_1000-rnduniform-rnduniform-1000-100-2,feasible,0.99355618,1000,100,2,1000,span_weakly_correlated,True
mckp,4681260.0,profit_ceiling_10000-rnduniform-rnduniform-2000-20-2,feasible,1309.499311238,2000,20,2,10000,profit_ceiling,True
mckp,3301921.0,almost_strongly_correlated_10000-rnduniform-rnduniform-1000-100-8,feasible,22.958793269,1000,100,8,10000,almost_strongly_correlated,True
compact,154355.0,span_uncorrelated_1000-rnduniform-rnduniform-500-20-0,feasible,0.0152602195739746,500,20,0,1000,span_uncorrelated,True
mckp,58720.0,strongly_correlated_1000-rnduniform-rnduniform-200-20-0,feasible,0.347161809,200,20,0,1000,strongly_correlated,True
compact,475592.0,circle_1000-rnduniform-rnduniform-1000-20-3,feasible,3600.000872850418,1000,20,3,1000,circle,False
compact,45909.0,profit_ceiling_1000-rnduniform-rnduniform-200-20-3,feasible,0.008984088897705,200,20,3,1000,profit_ceiling,True
mckp,3910993.0,uncorrelated_10000-rnduniform-rnduniform-1000-100-5,feasible,26.744857746,1000,100,5,10000,uncorrelated,True
mckp,256722.0,profit_ceiling_10000-rnduniform-rnduniform-100-20-5,feasible,2.8206322239999997,100,20,5,10000,profit_ceiling,True
compact,22981.0,subset_sum_1000-rnduniform-rnduniform-100-20-3,feasible,0.0061359405517578,100,20,3,1000,subset_sum,True
mckp,307998.0,strongly_correlated_10000-rnduniform-rnduniform-100-20-8,feasible,2.6272761310000003,100,20,8,10000,strongly_correlated,True
compact,126668.0,weakly_correlated_1000-rnduniform-rnduniform-500-20-2,feasible,0.0177581310272216,500,20,2,1000,weakly_correlated,True
compact,52968.0,profit_ceiling_1000-rnduniform-rnduniform-200-20-8,feasible,0.0095870494842529,200,20,8,1000,profit_ceiling,True
mckp,474904.0,span_strongly_correlated_1000-rnduniform-rnduniform-2000-100-7,feasible,4.310180515,2000,100,7,1000,span_strongly_correlated,True
compact,262848.0,weakly_correlated_1000-rnduniform-rnduniform-1000-20-3,feasible,0.0473308563232421,1000,20,3,1000,weakly_correlated,True
mckp,242892.0,profit_ceiling_1000-rnduniform-rnduniform-1000-100-5,feasible,1.45874192,1000,100,5,1000,profit_ceiling,True
compact,2834058.0,inverse_strongly_correlated_10000-rnduniform-rnduniform-1000-100-8,feasible,0.207881212234497,1000,100,8,10000,inverse_strongly_correlated,False
compact,1252106.0,inverse_strongly_correlated_10000-rnduniform-rnduniform-500-20-1,feasible,3600.0007059574127,500,20,1,10000,inverse_strongly_correlated,False
compact,446709.0,circle_1000-rnduniform-rnduniform-1000-100-2,feasible,0.3567349910736084,1000,100,2,1000,circle,True
mckp,6165487.0,strongly_correlated_10000-rnduniform-rnduniform-2000-20-3,feasible,933.126768614,2000,20,3,10000,strongly_correlated,True
compact,4143915.0,span_uncorrelated_10000-rnduniform-rnduniform-1000-20-8,feasible,3600.0009620189667,1000,20,8,10000,span_uncorrelated,False
compact,2224296.0,subset_sum_10000-rnduniform-rnduniform-1000-100-1,feasible,0.0148839950561523,1000,100,1,10000,subset_sum,True
compact,833802.0,mstr_1000-rnduniform-rnduniform-2000-20-8,feasible,3600.001300096512,2000,20,8,1000,mstr,False
mckp,318570.0,span_weakly_correlated_10000-rnduniform-rnduniform-200-100-1,feasible,3.12470334,200,100,1,10000,span_weakly_correlated,True
compact,310275.0,span_weakly_correlated_1000-rnduniform-rnduniform-2000-20-0,feasible,3600.001317024231,2000,20,0,1000,span_weakly_correlated,False
compact,2466281.0,subset_sum_10000-rnduniform-rnduniform-1000-100-5,feasible,0.0193729400634765,1000,100,5,10000,subset_sum,False
mckp,352075.0,uncorrelated_similar-rnduniform-rnduniform-1000-100-2,feasible,485.569378089,1000,100,2,100000,uncorrelated_similar,True
mckp,2586135.0,profit_ceiling_10000-rnduniform-rnduniform-1000-100-9,feasible,17.439103882,1000,100,9,10000,profit_ceiling,True
mckp,407104.0,uncorrelated_1000-rnduniform-rnduniform-1000-100-9,feasible,1.789110011,1000,100,9,1000,uncorrelated,True
mckp,462064.0,subset_sum_1000-rnduniform-rnduniform-2000-20-1,feasible,50.402937752,2000,20,1,1000,subset_sum,True
mckp,939508.0,circle_10000-rnduniform-rnduniform-200-20-4,feasible,3.907328302,200,20,4,10000,circle,True
mckp,846248.0,span_strongly_correlated_10000-rnduniform-rnduniform-200-20-4,feasible,5.77425917,200,20,4,10000,span_strongly_correlated,True
mckp,640576.0,almost_strongly_correlated_1000-rnduniform-rnduniform-2000-100-6,feasible,11.159587772,2000,100,6,1000,almost_strongly_correlated,True
compact,110394.0,profit_ceiling_1000-rnduniform-rnduniform-500-100-0,feasible,0.0254020690917968,500,100,0,1000,profit_ceiling,True
mckp,647877.0,strongly_correlated_10000-rnduniform-rnduniform-200-20-7,feasible,3.390781935,200,20,7,10000,strongly_correlated,True
compact,257256.0,inverse_strongly_correlated_1000-rnduniform-rnduniform-1000-20-3,feasible,3600.000741958618,1000,20,3,1000,inverse_strongly_correlated,False
compact,2519172.0,weakly_correlated_10000-rnduniform-rnduniform-1000-20-1,feasible,0.1632599830627441,1000,20,1,10000,weakly_correlated,False
mckp,2855721.0,weakly_correlated_10000-rnduniform-rnduniform-1000-100-8,feasible,23.339155791,1000,100,8,10000,weakly_correlated,True
compact,2414207.0,weakly_correlated_10000-rnduniform-rnduniform-1000-500-1,feasible,0.0189011096954345,1000,500,1,10000,weakly_correlated,True
mckp,4876098.0,span_strongly_correlated_10000-rnduniform-rnduniform-1000-500-0,feasible,42.196981774,1000,500,0,10000,span_strongly_correlated,True
mckp,2615100.0,inverse_strongly_correlated_10000-rnduniform-rnduniform-1000-20-5,feasible,302.0271145,1000,20,5,10000,inverse_strongly_correlated,True
mckp,2283225.0,profit_ceiling_10000-rnduniform-rnduniform-1000-100-1,feasible,23.487984832,1000,100,1,10000,profit_ceiling,True
mckp,3798079.0,uncorrelated_10000-rnduniform-rnduniform-1000-100-2,feasible,17.830812959000003,1000,100,2,10000,uncorrelated,True
compact,56622.0,weakly_correlated_1000-rnduniform-rnduniform-200-20-6,feasible,0.0299088954925537,200,20,6,1000,weakly_correlated,True
mckp,1343337.0,profit_ceiling_10000-rnduniform-rnduniform-500-20-8,feasible,51.911823774,500,20,8,10000,profit_ceiling,True
mckp,1326813.0,weakly_correlated_10000-rnduniform-rnduniform-500-20-4,feasible,33.766818326,500,20,4,10000,weakly_correlated,True
mckp,550296.0,inverse_strongly_correlated_1000-rnduniform-rnduniform-2000-100-7,feasible,13.452999703,2000,100,7,1000,inverse_strongly_correlated,True
mckp,6207276.0,strongly_correlated_10000-rnduniform-rnduniform-2000-100-4,feasible,88.82012705,2000,100,4,10000,strongly_correlated,True
mckp,6621399.0,almost_strongly_correlated_10000-rnduniform-rnduniform-2000-100-8,feasible,103.377369695,2000,100,8,10000,almost_strongly_correlated,True
compact,245785.0,inverse_strongly_correlated_10000-rnduniform-rnduniform-100-20-2,feasible,0.0794920921325683,100,20,2,10000,inverse_strongly_correlated,True
compact,93506.0,circle_1000-rnduniform-rnduniform-200-20-5,feasible,0.1240780353546142,200,20,5,1000,circle,True
compact,1039948.0001771472,span_weakly_correlated_10000-rnduniform-rnduniform-500-20-8,feasible,1.4850940704345703,500,20,8,10000,span_weakly_correlated,True
mckp,4788749.0,circle_10000-rnduniform-rnduniform-1000-20-4,feasible,234.699681669,1000,20,4,10000,circle,True
compact,750744.0,uncorrelated_similar-rnduniform-rnduniform-2000-100-6,feasible,0.0904650688171386,2000,100,6,100000,uncorrelated_similar,True
mckp,515643.0,inverse_strongly_correlated_10000-rnduniform-rnduniform-200-20-5,feasible,6.6657569389999995,200,20,5,10000,inverse_strongly_correlated,True
mckp,2819842.0,mstr_10000-rnduniform-rnduniform-1000-20-8,feasible,399.112543309,1000,20,8,10000,mstr,True
mckp,1420816.0,span_weakly_correlated_10000-rnduniform-rnduniform-1000-20-6,feasible,52.760078578000005,1000,20,6,10000,span_weakly_correlated,True
mckp,395881.0,mstr_1000-rnduniform-rnduniform-1000-100-6,feasible,1.4607785910000002,1000,100,6,1000,mstr,True
compact,2917874.0,strongly_correlated_10000-rnduniform-rnduniform-1000-20-1,feasible,3600.0007269382477,1000,20,1,10000,strongly_correlated,False
mckp,326244.0,strongly_correlated_1000-rnduniform-rnduniform-1000-20-7,feasible,18.4730638,1000,20,7,1000,strongly_correlated,True
compact,2428047.0,subset_sum_10000-rnduniform-rnduniform-1000-20-3,feasible,0.0100548267364501,1000,20,3,10000,subset_sum,True
mckp,2351094.0,span_strongly_correlated_10000-rnduniform-rnduniform-1000-20-2,feasible,55.548429600000006,1000,20,2,10000,span_strongly_correlated,True
mckp,216276.0,span_strongly_correlated_10000-rnduniform-rnduniform-50-20-1,feasible,1.853407779,50,20,1,10000,span_strongly_correlated,True
mckp,2869725.0,almost_strongly_correlated_10000-rnduniform-rnduniform-1000-20-0,feasible,439.530945336,1000,20,0,10000,almost_strongly_correlated,True
compact,1917679.0,uncorrelated_10000-rnduniform-rnduniform-500-20-2,feasible,0.0392420291900634,500,20,2,10000,uncorrelated,True
compact,501898.0,weakly_correlated_10000-rnduniform-rnduniform-200-20-3,feasible,0.0330779552459716,200,20,3,10000,weakly_correlated,True
mckp,153686.0,almost_strongly_correlated_10000-rnduniform-rnduniform-50-20-4,feasible,1.36814404,50,20,4,10000,almost_strongly_correlated,True
compact,4825769.999999996,circle_10000-rnduniform-rnduniform-1000-20-5,feasible,6.144988059997559,1000,20,5,10000,circle,False
compact,8116190.0,uncorrelated_10000-rnduniform-rnduniform-2000-20-5,feasible,0.0328938961029052,2000,20,5,10000,uncorrelated,True
mckp,8302580.0,uncorrelated_10000-rnduniform-rnduniform-2000-100-9,feasible,78.746331223,2000,100,9,10000,uncorrelated,True
compact,868270.0,span_weakly_correlated_10000-rnduniform-rnduniform-500-20-3,feasible,3600.0010380744934,500,20,3,10000,span_weakly_correlated,False
mckp,851176.0,span_weakly_correlated_1000-rnduniform-rnduniform-2000-100-4,feasible,9.488350487,2000,100,4,1000,span_weakly_correlated,True
mckp,617380.0,almost_strongly_correlated_1000-rnduniform-rnduniform-2000-20-3,feasible,184.026825794,2000,20,3,1000,almost_strongly_correlated,True
compact,4423932.0,span_uncorrelated_10000-rnduniform-rnduniform-1000-20-3,feasible,0.0166850090026855,1000,20,3,10000,span_uncorrelated,True
compact,35405.0,span_strongly_correlated_1000-rnduniform-rnduniform-100-20-7,feasible,0.6244781017303467,100,20,7,1000,span_strongly_correlated,True
compact,546390.0,inverse_strongly_correlated_10000-rnduniform-rnduniform-200-20-8,feasible,0.8912010192871094,200,20,8,10000,inverse_strongly_correlated,True
compact,6636378.0,almost_strongly_correlated_10000-rnduniform-rnduniform-2000-100-7,feasible,3600.0015041828156,2000,100,7,10000,almost_strongly_correlated,False
compact,2723792.0,mstr_10000-rnduniform-rnduniform-1000-100-7,feasible,0.1901369094848632,1000,100,7,10000,mstr,True
compact,74961.0,uncorrelated_similar-rnduniform-rnduniform-200-20-6,feasible,0.0196790695190429,200,20,6,100000,uncorrelated_similar,True
compact,324212.9999999999,almost_strongly_correlated_1000-rnduniform-rnduniform-1000-100-8,feasible,1.4097719192504885,1000,100,8,1000,almost_strongly_correlated,True
compact,6448197.0,strongly_correlated_10000-rnduniform-rnduniform-2000-100-6,feasible,3600.0015358924866,2000,100,6,10000,strongly_correlated,False
compact,2616178.0,mstr_10000-rnduniform-rnduniform-1000-20-5,feasible,3600.0009200572968,1000,20,5,10000,mstr,False
compact,448395.0,span_strongly_correlated_1000-rnduniform-rnduniform-1000-100-3,feasible,3600.000918149948,1000,100,3,1000,span_strongly_correlated,False
compact,5301722.0,subset_sum_10000-rnduniform-rnduniform-2000-20-8,feasible,0.0125000476837158,2000,20,8,10000,subset_sum,False
mckp,3171035.0,almost_strongly_correlated_10000-rnduniform-rnduniform-1000-100-7,feasible,26.027475603,1000,100,7,10000,almost_strongly_correlated,True
compact,62863.0,strongly_correlated_1000-rnduniform-rnduniform-200-20-4,feasible,3600.0007009506226,200,20,4,1000,strongly_correlated,False
mckp,481264.0,circle_1000-rnduniform-rnduniform-1000-100-6,feasible,2.472076742,1000,100,6,1000,circle,True
mckp,179616.0,span_uncorrelated_1000-rnduniform-rnduniform-2000-100-1,feasible,10.936379089,2000,100,1,1000,span_uncorrelated,True
mckp,756620.0,span_strongly_correlated_10000-rnduniform-rnduniform-200-20-5,feasible,7.1133042170000005,200,20,5,10000,span_strongly_correlated,True
mckp,2962165.0,almost_strongly_correlated_10000-rnduniform-rnduniform-1000-20-2,feasible,396.462870507,1000,20,2,10000,almost_strongly_correlated,True
compact,70341.0,uncorrelated_similar-rnduniform-rnduniform-200-20-7,feasible,0.0123329162597656,200,20,7,100000,uncorrelated_similar,True
compact,1815283.0,span_weakly_correlated_10000-rnduniform-rnduniform-1000-100-9,feasible,3600.001042842865,1000,100,9,10000,span_weakly_correlated,False
mckp,197204.0,span_strongly_correlated_1000-rnduniform-rnduniform-1000-20-2,feasible,8.030587785,1000,20,2,1000,span_strongly_correlated,True
compact,8302580.0,uncorrelated_10000-rnduniform-rnduniform-2000-100-9,feasible,0.1001098155975341,2000,100,9,10000,uncorrelated,False
mckp,755234.0,mstr_1000-rnduniform-rnduniform-2000-20-2,feasible,224.452328811,2000,20,2,1000,mstr,True
mckp,307028.0,span_uncorrelated_1000-rnduniform-rnduniform-500-20-4,feasible,3.5155742869999997,500,20,4,1000,span_uncorrelated,True
mckp,26946.0,weakly_correlated_1000-rnduniform-rnduniform-100-20-1,feasible,0.203825008,100,20,1,1000,weakly_correlated,True
compact,1049290.0,span_uncorrelated_10000-rnduniform-rnduniform-200-20-9,feasible,0.0085020065307617,200,20,9,10000,span_uncorrelated,True
compact,2615100.0,inverse_strongly_correlated_10000-rnduniform-rnduniform-1000-20-5,feasible,3600.001322984695,1000,20,5,10000,inverse_strongly_correlated,False
mckp,1230564.0,profit_ceiling_10000-rnduniform-rnduniform-500-20-6,feasible,51.204664631,500,20,6,10000,profit_ceiling,True
mckp,792932.0,uncorrelated_1000-rnduniform-rnduniform-2000-20-2,feasible,392.543085353,2000,20,2,1000,uncorrelated,True
compact,346993.0,uncorrelated_10000-rnduniform-rnduniform-100-20-2,feasible,0.0052340030670166,100,20,2,10000,uncorrelated,True
compact,4704795.0,circle_10000-rnduniform-rnduniform-1000-20-1,feasible,0.1466009616851806,1000,20,1,10000,circle,False
compact,502582.0,circle_1000-rnduniform-rnduniform-1000-100-8,feasible,0.0858070850372314,1000,100,8,1000,circle,True
compact,1488285.0,strongly_correlated_10000-rnduniform-rnduniform-500-20-2,feasible,65.69897699356079,500,20,2,10000,strongly_correlated,False
compact,2366053.0,span_strongly_correlated_10000-rnduniform-rnduniform-500-20-7,feasible,3600.0009808540344,500,20,7,10000,span_strongly_correlated,False
compact,2446335.0,circle_10000-rnduniform-rnduniform-500-20-5,feasible,0.1764099597930908,500,20,5,10000,circle,False
mckp,4988420.0,weakly_correlated_10000-rnduniform-rnduniform-2000-100-0,feasible,73.77566267600001,2000,100,0,10000,weakly_correlated,True
compact,252699.0,circle_1000-rnduniform-rnduniform-500-20-7,feasible,3.8782379627227783,500,20,7,1000,circle,True
compact,10425299.0,circle_10000-rnduniform-rnduniform-2000-100-9,feasible,0.2389428615570068,2000,100,9,10000,circle,True
mckp,260383.0,span_uncorrelated_1000-rnduniform-rnduniform-500-20-7,feasible,3.655111193,500,20,7,1000,span_uncorrelated,True
compact,216689.0,span_strongly_correlated_1000-rnduniform-rnduniform-1000-20-5,feasible,0.0170669555664062,1000,20,5,1000,span_strongly_correlated,True
mckp,22981.0,subset_sum_1000-rnduniform-rnduniform-100-20-3,feasible,0.190584205,100,20,3,1000,subset_sum,True
mckp,9923163.0,circle_10000-rnduniform-rnduniform-2000-100-7,feasible,74.41772475399999,2000,100,7,10000,circle,True
compact,2737664.0,mstr_10000-rnduniform-rnduniform-1000-100-8,feasible,1.3715779781341553,1000,100,8,10000,mstr,False
compact,469427.0,subset_sum_1000-rnduniform-rnduniform-2000-20-2,feasible,0.0198359489440917,2000,20,2,1000,subset_sum,True
mckp,23776.0,subset_sum_1000-rnduniform-rnduniform-100-20-6,feasible,0.2206496999999999,100,20,6,1000,subset_sum,True
mckp,270441.0,profit_ceiling_1000-rnduniform-rnduniform-1000-20-9,feasible,34.040204851,1000,20,9,1000,profit_ceiling,True
compact,2776630.0,inverse_strongly_correlated_10000-rnduniform-rnduniform-1000-20-7,feasible,3600.000685930252,1000,20,7,10000,inverse_strongly_correlated,False
compact,5721947.0,strongly_correlated_10000-rnduniform-rnduniform-2000-100-0,feasible,3600.0017120838165,2000,100,0,10000,strongly_correlated,False
mckp,640908.0,span_uncorrelated_1000-rnduniform-rnduniform-1000-100-7,feasible,1.303705679,1000,100,7,1000,span_uncorrelated,True
compact,288572.0,span_strongly_correlated_1000-rnduniform-rnduniform-1000-100-1,feasible,3600.00070810318,1000,100,1,1000,span_strongly_correlated,False
mckp,263257.0,inverse_strongly_correlated_1000-rnduniform-rnduniform-1000-100-6,feasible,1.77040654,1000,100,6,1000,inverse_strongly_correlated,True
compact,505560.0,profit_ceiling_1000-rnduniform-rnduniform-2000-20-7,feasible,0.0337698459625244,2000,20,7,1000,profit_ceiling,True
mckp,872227.0,span_uncorrelated_1000-rnduniform-rnduniform-2000-20-5,feasible,40.879863348,2000,20,5,1000,span_uncorrelated,True
mckp,254631.0,profit_ceiling_10000-rnduniform-rnduniform-100-20-6,feasible,2.0711579870000003,100,20,6,10000,profit_ceiling,True
compact,8078515.0,uncorrelated_10000-rnduniform-rnduniform-2000-20-4,feasible,0.0374979972839355,2000,20,4,10000,uncorrelated,False
compact,321395.0,almost_strongly_correlated_1000-rnduniform-rnduniform-1000-20-6,feasible,3600.001009941101,1000,20,6,1000,almost_strongly_correlated,False
mckp,763313.0,span_uncorrelated_10000-rnduniform-rnduniform-200-20-5,feasible,4.505213364,200,20,5,10000,span_uncorrelated,True
compact,1211044.0,subset_sum_10000-rnduniform-rnduniform-500-20-4,feasible,0.005706787109375,500,20,4,10000,subset_sum,True
mckp,12454.0,span_uncorrelated_1000-rnduniform-rnduniform-200-20-7,feasible,0.30902142,200,20,7,1000,span_uncorrelated,True
compact,1890577.0,span_uncorrelated_10000-rnduniform-rnduniform-500-20-6,feasible,0.1124458312988281,500,20,6,10000,span_uncorrelated,True
compact,847061.0,circle_10000-rnduniform-rnduniform-200-100-2,feasible,0.0064220428466796,200,100,2,10000,circle,True
compact,47070.0,profit_ceiling_1000-rnduniform-rnduniform-200-100-1,feasible,0.0022559165954589,200,100,1,1000,profit_ceiling,True
compact,694212.0,span_strongly_correlated_10000-rnduniform-rnduniform-200-20-8,feasible,3600.000335931778,200,20,8,10000,span_strongly_correlated,False
compact,825483.0,uncorrelated_10000-rnduniform-rnduniform-200-20-8,feasible,0.0079569816589355,200,20,8,10000,uncorrelated,True
mckp,7403475.0,span_weakly_correlated_10000-rnduniform-rnduniform-2000-20-7,feasible,456.3648126629999,2000,20,7,10000,span_weakly_correlated,True
compact,5126225.0,inverse_strongly_correlated_10000-rnduniform-rnduniform-2000-100-3,feasible,3600.001446962357,2000,100,3,10000,inverse_strongly_correlated,False
compact,546372.0,weakly_correlated_1000-rnduniform-rnduniform-2000-100-6,feasible,0.1416940689086914,2000,100,6,1000,weakly_correlated,False
compact,1107165.0,span_weakly_correlated_1000-rnduniform-rnduniform-2000-20-4,feasible,3600.001466989517,2000,20,4,1000,span_weakly_correlated,False
compact,12121905.0,span_uncorrelated_10000-rnduniform-rnduniform-2000-20-3,feasible,0.0154600143432617,2000,20,3,10000,span_uncorrelated,True
compact,5105465.0,inverse_strongly_correlated_10000-rnduniform-rnduniform-2000-20-4,feasible,3600.0015420913696,2000,20,4,10000,inverse_strongly_correlated,False
compact,5038695.0,profit_ceiling_10000-rnduniform-rnduniform-2000-100-5,feasible,0.1292030811309814,2000,100,5,10000,profit_ceiling,False
compact,276193.0,span_strongly_correlated_1000-rnduniform-rnduniform-500-20-9,feasible,3600.001466035843,500,20,9,1000,span_strongly_correlated,False
compact,263726.0,inverse_strongly_correlated_1000-rnduniform-rnduniform-1000-100-5,feasible,0.3685479164123535,1000,100,5,1000,inverse_strongly_correlated,True
compact,8985529.0,circle_10000-rnduniform-rnduniform-2000-100-1,feasible,0.3120908737182617,2000,100,1,10000,circle,False
mckp,2440452.0,subset_sum_10000-rnduniform-rnduniform-1000-20-4,feasible,162.11020431,1000,20,4,10000,subset_sum,True
compact,528547.0,inverse_strongly_correlated_1000-rnduniform-rnduniform-2000-100-6,feasible,3600.0015318393707,2000,100,6,1000,inverse_strongly_correlated,False
mckp,3259048.0,uncorrelated_10000-rnduniform-rnduniform-1000-500-2,feasible,23.09452107,1000,500,2,10000,uncorrelated,True
compact,236593.0,inverse_strongly_correlated_1000-rnduniform-rnduniform-1000-100-0,feasible,0.910736083984375,1000,100,0,1000,inverse_strongly_correlated,True
mckp,2881643.0,weakly_correlated_10000-rnduniform-rnduniform-1000-20-9,feasible,336.618363364,1000,20,9,10000,weakly_correlated,True
compact,679346.0,almost_strongly_correlated_1000-rnduniform-rnduniform-2000-100-8,feasible,3600.0014691352844,2000,100,8,1000,almost_strongly_correlated,False
mckp,229731.0,profit_ceiling_1000-rnduniform-rnduniform-1000-20-1,feasible,23.033225064000003,1000,20,1,1000,profit_ceiling,True
mckp,6183311.0,strongly_correlated_10000-rnduniform-rnduniform-2000-20-4,feasible,1725.286807191,2000,20,4,10000,strongly_correlated,True
mckp,311920.0,span_weakly_correlated_1000-rnduniform-rnduniform-1000-20-0,feasible,11.64990355,1000,20,0,1000,span_weakly_correlated,True
mckp,498413.0,subset_sum_1000-rnduniform-rnduniform-2000-100-6,feasible,9.755707003,2000,100,6,1000,subset_sum,True
mckp,5149130.0,span_weakly_correlated_10000-rnduniform-rnduniform-2000-100-0,feasible,133.393360486,2000,100,0,10000,span_weakly_correlated,True
mckp,1460742.0,almost_strongly_correlated_10000-rnduniform-rnduniform-500-20-1,feasible,35.542117479,500,20,1,10000,almost_strongly_correlated,True
mckp,168272.0,strongly_correlated_1000-rnduniform-rnduniform-500-20-9,feasible,7.753130944,500,20,9,1000,strongly_correlated,True
compact,7403475.0,span_weakly_correlated_10000-rnduniform-rnduniform-2000-20-7,feasible,3600.00119805336,2000,20,7,10000,span_weakly_correlated,False
compact,4991430.0,circle_10000-rnduniform-rnduniform-1000-100-8,feasible,0.1972138881683349,1000,100,8,10000,circle,False
mckp,125712.0,profit_ceiling_1000-rnduniform-rnduniform-500-20-5,feasible,4.98465049,500,20,5,1000,profit_ceiling,True
compact,1130159.0,mstr_10000-rnduniform-rnduniform-500-20-0,feasible,1.308487892150879,500,20,0,10000,mstr,False
mckp,2455293.0,circle_10000-rnduniform-rnduniform-500-20-6,feasible,50.863180269,500,20,6,10000,circle,True
compact,581319.0,almost_strongly_correlated_10000-rnduniform-rnduniform-200-20-2,feasible,1.7135889530181885,200,20,2,10000,almost_strongly_correlated,False
mckp,57872.0,strongly_correlated_1000-rnduniform-rnduniform-200-20-1,feasible,0.330804289,200,20,1,1000,strongly_correlated,True
compact,596706.0,almost_strongly_correlated_1000-rnduniform-rnduniform-2000-100-2,feasible,46.61631798744202,2000,100,2,1000,almost_strongly_correlated,False
mckp,147850.0,almost_strongly_correlated_1000-rnduniform-rnduniform-500-20-2,feasible,4.972474359,500,20,2,1000,almost_strongly_correlated,True
compact,772313.0,mstr_1000-rnduniform-rnduniform-2000-20-3,feasible,3600.001744031906,2000,20,3,1000,mstr,False
compact,1326813.0,weakly_correlated_10000-rnduniform-rnduniform-500-20-4,feasible,0.0410959720611572,500,20,4,10000,weakly_correlated,True
mckp,6029244.0,strongly_correlated_10000-rnduniform-rnduniform-2000-100-2,feasible,87.255980372,2000,100,2,10000,strongly_correlated,True
compact,3128470.0,strongly_correlated_10000-rnduniform-rnduniform-1000-20-4,feasible,3600.0009899139404,1000,20,4,10000,strongly_correlated,False
compact,7921358.0,uncorrelated_10000-rnduniform-rnduniform-2000-20-2,feasible,0.2097430229187011,2000,20,2,10000,uncorrelated,False
mckp,2178680.0,span_weakly_correlated_10000-rnduniform-rnduniform-500-20-6,feasible,35.789133624,500,20,6,10000,span_weakly_correlated,True
compact,2433832.0,span_uncorrelated_10000-rnduniform-rnduniform-2000-100-9,feasible,0.1010921001434326,2000,100,9,10000,span_uncorrelated,True
mckp,833552.0,mstr_1000-rnduniform-rnduniform-2000-100-7,feasible,14.625813934,2000,100,7,1000,mstr,True
compact,457729.0,circle_1000-rnduniform-rnduniform-1000-100-3,feasible,0.3659780025482178,1000,100,3,1000,circle,True
mckp,1543575.0,almost_strongly_correlated_10000-rnduniform-rnduniform-500-20-4,feasible,45.931335511,500,20,4,10000,almost_strongly_correlated,True
mckp,355072.0,span_weakly_correlated_1000-rnduniform-rnduniform-1000-20-3,feasible,12.243186438,1000,20,3,1000,span_weakly_correlated,True
mckp,509162.0,weakly_correlated_1000-rnduniform-rnduniform-2000-20-2,feasible,313.363623895,2000,20,2,1000,weakly_correlated,True
compact,358086.0,span_uncorrelated_10000-rnduniform-rnduniform-100-20-7,feasible,0.008207082748413,100,20,7,10000,span_uncorrelated,True
mckp,4704795.0,circle_10000-rnduniform-rnduniform-1000-20-1,feasible,318.686645472,1000,20,1,10000,circle,True
mckp,6318592.0,strongly_correlated_10000-rnduniform-rnduniform-2000-100-5,feasible,107.852314134,2000,100,5,10000,strongly_correlated,True
mckp,94836.0,circle_1000-rnduniform-rnduniform-200-20-4,feasible,0.319282986,200,20,4,1000,circle,True
mckp,4914368.0,inverse_strongly_correlated_10000-rnduniform-rnduniform-2000-100-2,feasible,89.898711374,2000,100,2,10000,inverse_strongly_correlated,True
compact,521554.0,inverse_strongly_correlated_1000-rnduniform-rnduniform-2000-20-5,feasible,3600.0018470287323,2000,20,5,1000,inverse_strongly_correlated,False
compact,380976.0,mstr_1000-rnduniform-rnduniform-1000-20-2,feasible,3600.000939130783,1000,20,2,1000,mstr,False
mckp,123673.0,weakly_correlated_1000-rnduniform-rnduniform-500-20-0,feasible,5.318667920999999,500,20,0,1000,weakly_correlated,True
compact,8812774.0,circle_10000-rnduniform-rnduniform-2000-100-0,feasible,1.4625098705291748,2000,100,0,10000,circle,False
compact,2283225.0,profit_ceiling_10000-rnduniform-rnduniform-1000-100-1,feasible,0.0730311870574951,1000,100,1,10000,profit_ceiling,False
compact,1750357.0,span_strongly_correlated_10000-rnduniform-rnduniform-1000-100-1,feasible,3600.000766992569,1000,100,1,10000,span_strongly_correlated,False
mckp,337239.0,span_strongly_correlated_1000-rnduniform-rnduniform-1000-20-3,feasible,11.896653606,1000,20,3,1000,span_strongly_correlated,True
compact,645244.0,span_strongly_correlated_1000-rnduniform-rnduniform-2000-100-1,feasible,3600.001350879669,2000,100,1,1000,span_strongly_correlated,False
compact,484422.0,span_uncorrelated_1000-rnduniform-rnduniform-1000-20-2,feasible,0.0143311023712158,1000,20,2,1000,span_uncorrelated,True
compact,3652829.0,uncorrelated_10000-rnduniform-rnduniform-1000-100-0,feasible,0.0664000511169433,1000,100,0,10000,uncorrelated,True
compact,1468078.0,span_uncorrelated_10000-rnduniform-rnduniform-2000-100-8,feasible,3600.0013151168823,2000,100,8,10000,span_uncorrelated,False
mckp,462510.0,span_weakly_correlated_10000-rnduniform-rnduniform-100-20-7,feasible,5.367151291,100,20,7,10000,span_weakly_correlated,True
compact,83159.0,uncorrelated_1000-rnduniform-rnduniform-200-20-7,feasible,0.0694880485534668,200,20,7,1000,uncorrelated,True
mckp,1450595.0,strongly_correlated_10000-rnduniform-rnduniform-500-20-1,feasible,35.794851575,500,20,1,10000,strongly_correlated,True
mckp,322604.0,almost_strongly_correlated_1000-rnduniform-rnduniform-1000-20-7,feasible,33.359241358000006,1000,20,7,1000,almost_strongly_correlated,True
compact,641267.0,almost_strongly_correlated_10000-rnduniform-rnduniform-200-20-5,feasible,0.2821888923645019,200,20,5,10000,almost_strongly_correlated,False
mckp,2412519.0,inverse_strongly_correlated_10000-rnduniform-rnduniform-1000-100-2,feasible,29.892544973,1000,100,2,10000,inverse_strongly_correlated,True
compact,7164504.0,span_weakly_correlated_10000-rnduniform-rnduniform-2000-20-0,feasible,3600.0016300678253,2000,20,0,10000,span_weakly_correlated,False
compact,4796736.0,profit_ceiling_10000-rnduniform-rnduniform-2000-20-4,feasible,0.0296299457550048,2000,20,4,10000,profit_ceiling,False
mckp,797766.0,circle_10000-rnduniform-rnduniform-200-100-0,feasible,6.469332201,200,100,0,10000,circle,True
mckp,23838.0,subset_sum_1000-rnduniform-rnduniform-100-20-2,feasible,0.189460857,100,20,2,1000,subset_sum,True
mckp,5835654.0,weakly_correlated_10000-rnduniform-rnduniform-2000-100-9,feasible,95.286901823,2000,100,9,10000,weakly_correlated,True
mckp,2418107.0,circle_10000-rnduniform-rnduniform-500-20-4,feasible,36.191932951,500,20,4,10000,circle,True
mckp,327025.0,almost_strongly_correlated_10000-rnduniform-rnduniform-100-20-6,feasible,2.35585965,100,20,6,10000,almost_strongly_correlated,True
compact,344584.0,span_weakly_correlated_1000-rnduniform-rnduniform-1000-20-6,feasible,0.1331567764282226,1000,20,6,1000,span_weakly_correlated,True
mckp,676104.0,span_strongly_correlated_10000-rnduniform-rnduniform-200-100-1,feasible,5.247240142,200,100,1,10000,span_strongly_correlated,True
mckp,285062.0,weakly_correlated_10000-rnduniform-rnduniform-100-20-8,feasible,2.059309216,100,20,8,10000,weakly_correlated,True
mckp,39551.0,mstr_1000-rnduniform-rnduniform-100-20-6,feasible,0.165674966,100,20,6,1000,mstr,True
mckp,123203.0,span_weakly_correlated_1000-rnduniform-rnduniform-500-20-2,feasible,3.2068989720000003,500,20,2,1000,span_weakly_correlated,True
mckp,2522385.0,subset_sum_10000-rnduniform-rnduniform-1000-100-7,feasible,25.858137328,1000,100,7,10000,subset_sum,True
mckp,38107.0,span_weakly_correlated_1000-rnduniform-rnduniform-100-20-3,feasible,0.323784314,100,20,3,1000,span_weakly_correlated,True
mckp,74961.0,uncorrelated_similar-rnduniform-rnduniform-200-20-6,feasible,77.695300524,200,20,6,100000,uncorrelated_similar,True
compact,1105290.0,span_strongly_correlated_10000-rnduniform-rnduniform-1000-100-7,feasible,0.4909660816192627,1000,100,7,10000,span_strongly_correlated,True
compact,311920.0,span_weakly_correlated_1000-rnduniform-rnduniform-1000-20-0,feasible,3600.000902891159,1000,20,0,1000,span_weakly_correlated,False
mckp,1317071.0,subset_sum_10000-rnduniform-rnduniform-500-20-9,feasible,34.763436679,500,20,9,10000,subset_sum,True
mckp,672914.0,uncorrelated_similar-rnduniform-rnduniform-2000-100-0,feasible,1656.9479699990002,2000,100,0,100000,uncorrelated_similar,True
mckp,316071.0,span_weakly_correlated_1000-rnduniform-rnduniform-1000-100-3,feasible,2.084386212,1000,100,3,1000,span_weakly_correlated,True
mckp,915739.0,circle_1000-rnduniform-rnduniform-2000-20-0,feasible,98.07307926,2000,20,0,1000,circle,True
compact,394916.0,uncorrelated_1000-rnduniform-rnduniform-1000-20-2,feasible,0.0203258991241455,1000,20,2,1000,uncorrelated,True
mckp,3253190.0,strongly_correlated_10000-rnduniform-rnduniform-1000-20-9,feasible,466.930878664,1000,20,9,10000,strongly_correlated,True
compact,489350.0,weakly_correlated_10000-rnduniform-rnduniform-200-100-0,feasible,0.0055811405181884,200,100,0,10000,weakly_correlated,True
compact,558720.0,almost_strongly_correlated_10000-rnduniform-rnduniform-200-20-3,feasible,0.1728541851043701,200,20,3,10000,almost_strongly_correlated,False
mckp,204244.0,mstr_1000-rnduniform-rnduniform-500-20-7,feasible,5.928889374000001,500,20,7,1000,mstr,True
mckp,305220.0,strongly_correlated_1000-rnduniform-rnduniform-1000-20-3,feasible,20.56052166,1000,20,3,1000,strongly_correlated,True
compact,2744396.0,almost_strongly_correlated_10000-rnduniform-rnduniform-1000-100-0,feasible,0.6694650650024414,1000,100,0,10000,almost_strongly_correlated,False
mckp,73179.0,mstr_1000-rnduniform-rnduniform-200-20-2,feasible,0.3127715689999999,200,20,2,1000,mstr,True
mckp,576340.0,span_uncorrelated_1000-rnduniform-rnduniform-2000-100-5,feasible,12.21078385,2000,100,5,1000,span_uncorrelated,True
mckp,2731454.0,span_strongly_correlated_10000-rnduniform-rnduniform-500-20-4,feasible,44.593828186,500,20,4,10000,span_strongly_correlated,True
compact,65590.0,span_strongly_correlated_1000-rnduniform-rnduniform-200-20-6,feasible,0.0137310028076171,200,20,6,1000,span_strongly_correlated,True
compact,915739.0,circle_1000-rnduniform-rnduniform-2000-20-0,feasible,0.5927219390869141,2000,20,0,1000,circle,False
mckp,782464.0,uncorrelated_1000-rnduniform-rnduniform-2000-100-4,feasible,12.154312166,2000,100,4,1000,uncorrelated,True
compact,495390.0,profit_ceiling_1000-rnduniform-rnduniform-2000-100-5,feasible,0.0750520229339599,2000,100,5,1000,profit_ceiling,True
mckp,731893.0,uncorrelated_10000-rnduniform-rnduniform-200-20-3,feasible,3.552325015,200,20,3,10000,uncorrelated,True
compact,1031711.0,circle_1000-rnduniform-rnduniform-2000-100-9,feasible,0.277224063873291,2000,100,9,1000,circle,True
mckp,50502.0,profit_ceiling_1000-rnduniform-rnduniform-200-20-4,feasible,0.365027665,200,20,4,1000,profit_ceiling,True
compact,232330.0,span_uncorrelated_1000-rnduniform-rnduniform-1000-100-6,feasible,3600.0007181167603,1000,100,6,1000,span_uncorrelated,False
mckp,43612.0,span_uncorrelated_1000-rnduniform-rnduniform-1000-100-8,feasible,1.726000096,1000,100,8,1000,span_uncorrelated,True
compact,6667408.0,span_weakly_correlated_10000-rnduniform-rnduniform-2000-100-5,feasible,3600.0011641979218,2000,100,5,10000,span_weakly_correlated,False
mckp,309423.0,almost_strongly_correlated_1000-rnduniform-rnduniform-1000-100-6,feasible,1.465516478,1000,100,6,1000,almost_strongly_correlated,True
compact,794932.0,uncorrelated_1000-rnduniform-rnduniform-2000-100-5,feasible,0.0890700817108154,2000,100,5,1000,uncorrelated,False
mckp,393133.0,uncorrelated_1000-rnduniform-rnduniform-1000-20-4,feasible,68.87309296699999,1000,20,4,1000,uncorrelated,True
mckp,406615.0,span_strongly_correlated_1000-rnduniform-rnduniform-2000-100-0,feasible,3.977799975,2000,100,0,1000,span_strongly_correlated,True
compact,441876.0,profit_ceiling_10000-rnduniform-rnduniform-200-20-2,feasible,0.0098521709442138,200,20,2,10000,profit_ceiling,True
compact,4705327.0,mstr_10000-rnduniform-rnduniform-2000-20-1,feasible,3600.001850128174,2000,20,1,10000,mstr,False
mckp,845195.0,circle_10000-rnduniform-rnduniform-200-100-5,feasible,4.477073059,200,100,5,10000,circle,True
compact,76357.0,span_weakly_correlated_1000-rnduniform-rnduniform-500-20-5,feasible,3600.0004630088806,500,20,5,1000,span_weakly_correlated,False
compact,50229.0,profit_ceiling_1000-rnduniform-rnduniform-200-20-7,feasible,0.0196638107299804,200,20,7,1000,profit_ceiling,True
mckp,435344.0,subset_sum_1000-rnduniform-rnduniform-2000-20-0,feasible,47.537519793,2000,20,0,1000,subset_sum,True
mckp,4927803.0,profit_ceiling_10000-rnduniform-rnduniform-2000-100-6,feasible,119.600712436,2000,100,6,10000,profit_ceiling,True
mckp,5726997.0,almost_strongly_correlated_10000-rnduniform-rnduniform-2000-100-0,feasible,75.157582281,2000,100,0,10000,almost_strongly_correlated,True
mckp,276552.0,span_weakly_correlated_1000-rnduniform-rnduniform-1000-100-9,feasible,1.70211107,1000,100,9,1000,span_weakly_correlated,True
compact,780937.0,uncorrelated_1000-rnduniform-rnduniform-2000-100-3,feasible,0.0958669185638427,2000,100,3,1000,uncorrelated,False
mckp,2781703.0,inverse_strongly_correlated_10000-rnduniform-rnduniform-1000-100-9,feasible,26.784958579,1000,100,9,10000,inverse_strongly_correlated,True
compact,129501.0,weakly_correlated_1000-rnduniform-rnduniform-500-20-3,feasible,0.0150351524353027,500,20,3,1000,weakly_correlated,True
compact,89875.0,circle_1000-rnduniform-rnduniform-200-20-1,feasible,0.1990790367126464,200,20,1,1000,circle,True
mckp,180812.0,uncorrelated_similar-rnduniform-rnduniform-500-20-5,feasible,312.879375316,500,20,5,100000,uncorrelated_similar,True
mckp,2500860.0,subset_sum_10000-rnduniform-rnduniform-1000-100-6,feasible,23.100350236,1000,100,6,10000,subset_sum,True
compact,1430170.0,weakly_correlated_10000-rnduniform-rnduniform-500-20-7,feasible,0.0320148468017578,500,20,7,10000,weakly_correlated,False
compact,120798.0,span_strongly_correlated_1000-rnduniform-rnduniform-1000-20-4,feasible,0.0131409168243408,1000,20,4,1000,span_strongly_correlated,True
compact,123203.0,span_weakly_correlated_1000-rnduniform-rnduniform-500-20-2,feasible,2.084817886352539,500,20,2,1000,span_weakly_correlated,True
compact,39074.0,span_weakly_correlated_1000-rnduniform-rnduniform-100-20-4,feasible,0.0183331966400146,100,20,4,1000,span_weakly_correlated,True
compact,2173446.0,span_weakly_correlated_10000-rnduniform-rnduniform-500-20-9,feasible,0.0227138996124267,500,20,9,10000,span_weakly_correlated,True
mckp,613651.0,span_weakly_correlated_1000-rnduniform-rnduniform-2000-100-5,feasible,6.567269893000001,2000,100,5,1000,span_weakly_correlated,True
compact,253108.0,circle_1000-rnduniform-rnduniform-500-20-8,feasible,0.7370350360870361,500,20,8,1000,circle,True
compact,882867.0,span_weakly_correlated_1000-rnduniform-rnduniform-2000-100-2,feasible,3600.0014729499817,2000,100,2,1000,span_weakly_correlated,False
mckp,260703.0,circle_1000-rnduniform-rnduniform-500-20-9,feasible,5.117171426,500,20,9,1000,circle,True
compact,766339.0,uncorrelated_similar-rnduniform-rnduniform-2000-20-9,feasible,0.0631160736083984,2000,20,9,100000,uncorrelated_similar,True
compact,2586135.0,profit_ceiling_10000-rnduniform-rnduniform-1000-100-9,feasible,0.0578839778900146,1000,100,9,10000,profit_ceiling,True
mckp,379473.0,uncorrelated_similar-rnduniform-rnduniform-1000-100-8,feasible,534.332700725,1000,100,8,100000,uncorrelated_similar,True
compact,6833671.0,almost_strongly_correlated_10000-rnduniform-rnduniform-2000-100-9,feasible,2.342910051345825,2000,100,9,10000,almost_strongly_correlated,False
mckp,407956.0,mstr_1000-rnduniform-rnduniform-1000-20-5,feasible,31.516923557,1000,20,5,1000,mstr,True
mckp,2384878.0,subset_sum_10000-rnduniform-rnduniform-1000-100-3,feasible,22.695934965,1000,100,3,10000,subset_sum,True
mckp,586159.0,weakly_correlated_1000-rnduniform-rnduniform-2000-20-9,feasible,335.294218548,2000,20,9,1000,weakly_correlated,True
mckp,1253059.0,weakly_correlated_10000-rnduniform-rnduniform-500-20-2,feasible,50.286997278,500,20,2,10000,weakly_correlated,True
mckp,52968.0,profit_ceiling_1000-rnduniform-rnduniform-200-20-8,feasible,0.281968244,200,20,8,1000,profit_ceiling,True
mckp,4423932.0,span_uncorrelated_10000-rnduniform-rnduniform-1000-20-3,feasible,64.319218542,1000,20,3,10000,span_uncorrelated,True
compact,513939.0,profit_ceiling_10000-rnduniform-rnduniform-200-20-7,feasible,0.007030963897705,200,20,7,10000,profit_ceiling,True
compact,32972.0,almost_strongly_correlated_1000-rnduniform-rnduniform-100-20-5,feasible,0.0654740333557128,100,20,5,1000,almost_strongly_correlated,True
mckp,4412157.0,span_strongly_correlated_10000-rnduniform-rnduniform-1000-20-7,feasible,84.47121776,1000,20,7,10000,span_strongly_correlated,True
mckp,4916591.0,inverse_strongly_correlated_10000-rnduniform-rnduniform-2000-20-3,feasible,2802.30913125,2000,20,3,10000,inverse_strongly_correlated,True
mckp,240901.0,inverse_strongly_correlated_1000-rnduniform-rnduniform-1000-20-0,feasible,30.000236713,1000,20,0,1000,inverse_strongly_correlated,True
mckp,2893118.0,almost_strongly_correlated_10000-rnduniform-rnduniform-1000-20-1,feasible,376.162355038,1000,20,1,10000,almost_strongly_correlated,True
mckp,641267.0,almost_strongly_correlated_10000-rnduniform-rnduniform-200-20-5,feasible,4.933933259,200,20,5,10000,almost_strongly_correlated,True
compact,113420.0,weakly_correlated_10000-rnduniform-rnduniform-50-20-0,feasible,0.0061020851135253,50,20,0,10000,weakly_correlated,True
compact,162959.0,almost_strongly_correlated_1000-rnduniform-rnduniform-500-20-7,feasible,0.1942031383514404,500,20,7,1000,almost_strongly_correlated,True
compact,1277864.0,inverse_strongly_correlated_10000-rnduniform-rnduniform-500-20-5,feasible,3600.000519990921,500,20,5,10000,inverse_strongly_correlated,False
mckp,5875875.0,almost_strongly_correlated_10000-rnduniform-rnduniform-2000-20-1,feasible,2510.415498714,2000,20,1,10000,almost_strongly_correlated,True
compact,74651.0,uncorrelated_similar-rnduniform-rnduniform-200-20-5,feasible,0.0059149265289306,200,20,5,100000,uncorrelated_similar,True
mckp,320632.0,almost_strongly_correlated_1000-rnduniform-rnduniform-1000-20-5,feasible,28.365204124,1000,20,5,1000,almost_strongly_correlated,True
mckp,338262.0,almost_strongly_correlated_1000-rnduniform-rnduniform-1000-20-8,feasible,30.395869056,1000,20,8,1000,almost_strongly_correlated,True
mckp,4554759.0,circle_10000-rnduniform-rnduniform-1000-100-2,feasible,17.345952883000002,1000,100,2,10000,circle,True
compact,756620.0,span_strongly_correlated_10000-rnduniform-rnduniform-200-20-5,feasible,0.336871862411499,200,20,5,10000,span_strongly_correlated,True
mckp,856320.0,mstr_1000-rnduniform-rnduniform-2000-20-9,feasible,203.679747675,2000,20,9,1000,mstr,True
mckp,118077.0,subset_sum_1000-rnduniform-rnduniform-500-20-2,feasible,4.4971265460000005,500,20,2,1000,subset_sum,True
mckp,4524087.0,profit_ceiling_10000-rnduniform-rnduniform-2000-20-1,feasible,1231.780071893,2000,20,1,10000,profit_ceiling,True
mckp,55146.0,profit_ceiling_1000-rnduniform-rnduniform-200-20-9,feasible,0.363810623,200,20,9,1000,profit_ceiling,True
compact,549319.0,weakly_correlated_1000-rnduniform-rnduniform-2000-20-5,feasible,0.0594339370727539,2000,20,5,1000,weakly_correlated,False
compact,155005.0,uncorrelated_10000-rnduniform-rnduniform-50-20-2,feasible,0.0007250308990478,50,20,2,10000,uncorrelated,True
mckp,2464918.0,weakly_correlated_10000-rnduniform-rnduniform-1000-100-2,feasible,16.653279387,1000,100,2,10000,weakly_correlated,True
mckp,449866.0,mstr_10000-rnduniform-rnduniform-200-20-1,feasible,3.460937261,200,20,1,10000,mstr,True
mckp,357664.0,uncorrelated_similar-rnduniform-rnduniform-1000-100-4,feasible,954.715546075,1000,100,4,100000,uncorrelated_similar,True
mckp,4990317.0,span_strongly_correlated_10000-rnduniform-rnduniform-2000-100-3,feasible,45.384609164,2000,100,3,10000,span_strongly_correlated,True
compact,395881.0,mstr_1000-rnduniform-rnduniform-1000-100-6,feasible,0.5397870540618896,1000,100,6,1000,mstr,True
mckp,1458025.0,weakly_correlated_10000-rnduniform-rnduniform-500-20-6,feasible,58.195313070000005,500,20,6,10000,weakly_correlated,True
mckp,2684495.0,mstr_10000-rnduniform-rnduniform-1000-100-6,feasible,18.04908453,1000,100,6,10000,mstr,True
mckp,50229.0,profit_ceiling_1000-rnduniform-rnduniform-200-20-7,feasible,0.294736672,200,20,7,1000,profit_ceiling,True
mckp,571502.0,weakly_correlated_1000-rnduniform-rnduniform-2000-20-8,feasible,274.45275822400004,2000,20,8,1000,weakly_correlated,True
compact,27280.0,span_weakly_correlated_1000-rnduniform-rnduniform-200-20-0,feasible,0.0273959636688232,200,20,0,1000,span_weakly_correlated,True
mckp,4736842.0,subset_sum_10000-rnduniform-rnduniform-2000-20-1,feasible,737.406640665,2000,20,1,10000,subset_sum,True
mckp,743790.0,mstr_1000-rnduniform-rnduniform-2000-20-0,feasible,139.09010892,2000,20,0,1000,mstr,True
compact,76989.0,uncorrelated_1000-rnduniform-rnduniform-200-20-4,feasible,0.025033950805664,200,20,4,1000,uncorrelated,True
compact,400036.0,uncorrelated_1000-rnduniform-rnduniform-1000-100-7,feasible,0.0502200126647949,1000,100,7,1000,uncorrelated,True
compact,153686.0,almost_strongly_correlated_10000-rnduniform-rnduniform-50-20-4,feasible,0.0040700435638427,50,20,4,10000,almost_strongly_correlated,True
compact,63102.0,span_strongly_correlated_1000-rnduniform-rnduniform-200-20-7,feasible,0.8905830383300781,200,20,7,1000,span_strongly_correlated,True
mckp,190741.0,uncorrelated_1000-rnduniform-rnduniform-500-20-1,feasible,5.200488219,500,20,1,1000,uncorrelated,True
mckp,307066.0,strongly_correlated_1000-rnduniform-rnduniform-1000-20-4,feasible,42.604866468,1000,20,4,1000,strongly_correlated,True
compact,462641.0,span_weakly_correlated_10000-rnduniform-rnduniform-100-20-2,feasible,11.388136863708496,100,20,2,10000,span_weakly_correlated,True
mckp,149444.0,almost_strongly_correlated_1000-rnduniform-rnduniform-500-20-1,feasible,9.310642917,500,20,1,1000,almost_strongly_correlated,True
compact,685363.0,span_strongly_correlated_1000-rnduniform-rnduniform-2000-100-2,feasible,3600.0012249946594,2000,100,2,1000,span_strongly_correlated,False
mckp,2066499.0,span_strongly_correlated_10000-rnduniform-rnduniform-500-20-2,feasible,38.240356146,500,20,2,10000,span_strongly_correlated,True
compact,42414.0,circle_1000-rnduniform-rnduniform-100-20-1,feasible,0.0037639141082763,100,20,1,1000,circle,True
mckp,62863.0,strongly_correlated_1000-rnduniform-rnduniform-200-20-4,feasible,0.367029973,200,20,4,1000,strongly_correlated,True
mckp,129936.0,profit_ceiling_1000-rnduniform-rnduniform-500-20-7,feasible,5.570687315000001,500,20,7,1000,profit_ceiling,True
mckp,5301726.0,subset_sum_10000-rnduniform-rnduniform-2000-20-8,feasible,595.7777722960001,2000,20,8,10000,subset_sum,True
compact,116163.0,inverse_strongly_correlated_1000-rnduniform-rnduniform-500-100-0,feasible,0.0681290626525878,500,100,0,1000,inverse_strongly_correlated,True
compact,498800.0,weakly_correlated_10000-rnduniform-rnduniform-200-20-2,feasible,0.1126539707183837,200,20,2,10000,weakly_correlated,False
mckp,61683.0,span_uncorrelated_1000-rnduniform-rnduniform-200-20-1,feasible,0.347563841,200,20,1,1000,span_uncorrelated,True
compact,655397.0,uncorrelated_10000-rnduniform-rnduniform-200-100-2,feasible,0.0020830631256103,200,100,2,10000,uncorrelated,True
mckp,82811.0,circle_1000-rnduniform-rnduniform-200-20-0,feasible,0.298901548,200,20,0,1000,circle,True
mckp,120798.0,span_strongly_correlated_1000-rnduniform-rnduniform-1000-20-4,feasible,2.8599541,1000,20,4,1000,span_strongly_correlated,True
compact,384780.0,uncorrelated_1000-rnduniform-rnduniform-1000-100-4,feasible,0.0540151596069335,1000,100,4,1000,uncorrelated,True
mckp,678322.0,uncorrelated_10000-rnduniform-rnduniform-200-100-5,feasible,4.547304068,200,100,5,10000,uncorrelated,True
mckp,165447.0,almost_strongly_correlated_1000-rnduniform-rnduniform-500-20-8,feasible,6.620699447000001,500,20,8,1000,almost_strongly_correlated,True
mckp,228303.0,profit_ceiling_10000-rnduniform-rnduniform-100-20-0,feasible,2.281471256,100,20,0,10000,profit_ceiling,True
mckp,73433.0,span_strongly_correlated_1000-rnduniform-rnduniform-200-20-9,feasible,0.3242855879999999,200,20,9,1000,span_strongly_correlated,True
mckp,118326.0,span_weakly_correlated_1000-rnduniform-rnduniform-500-20-6,feasible,1.849886292,500,20,6,1000,span_weakly_correlated,True
compact,1543532.0,almost_strongly_correlated_10000-rnduniform-rnduniform-500-20-4,feasible,3600.000604867935,500,20,4,10000,almost_strongly_correlated,False
compact,111328.0,span_strongly_correlated_1000-rnduniform-rnduniform-200-20-3,feasible,0.1382770538330078,200,20,3,1000,span_strongly_correlated,True
compact,614972.0,almost_strongly_correlated_10000-rnduniform-rnduniform-200-20-6,feasible,0.6778621673583984,200,20,6,10000,almost_strongly_correlated,False
mckp,469675.0,span_strongly_correlated_10000-rnduniform-rnduniform-100-20-5,feasible,3.5951012650000003,100,20,5,10000,span_strongly_correlated,True
compact,6313594.0,span_weakly_correlated_10000-rnduniform-rnduniform-2000-100-4,feasible,3600.001538991928,2000,100,4,10000,span_weakly_correlated,False
mckp,12341.0,weakly_correlated_1000-rnduniform-rnduniform-50-20-1,feasible,0.070473512,50,20,1,1000,weakly_correlated,True
compact,47568.0,weakly_correlated_1000-rnduniform-rnduniform-200-20-3,feasible,0.0158970355987548,200,20,3,1000,weakly_correlated,True
mckp,247708.0,circle_1000-rnduniform-rnduniform-500-20-6,feasible,5.351942516,500,20,6,1000,circle,True
compact,1005629.0,span_weakly_correlated_10000-rnduniform-rnduniform-200-20-8,feasible,0.5797128677368164,200,20,8,10000,span_weakly_correlated,True
compact,25167.0,profit_ceiling_1000-rnduniform-rnduniform-100-20-8,feasible,0.0061149597167968,100,20,8,1000,profit_ceiling,True
mckp,2362720.0,inverse_strongly_correlated_10000-rnduniform-rnduniform-1000-100-0,feasible,33.396799692,1000,100,0,10000,inverse_strongly_correlated,True
compact,247683.0,subset_sum_1000-rnduniform-rnduniform-1000-20-5,feasible,0.0105152130126953,1000,20,5,1000,subset_sum,True
compact,519924.0,mstr_10000-rnduniform-rnduniform-200-20-5,feasible,0.4807779788970947,200,20,5,10000,mstr,True
mckp,974125.0,circle_1000-rnduniform-rnduniform-2000-100-5,feasible,15.681892135999998,2000,100,5,1000,circle,True
compact,38961.0,mstr_1000-rnduniform-rnduniform-100-20-9,feasible,0.046724796295166,100,20,9,1000,mstr,True
compact,67719.0,uncorrelated_similar-rnduniform-rnduniform-200-20-3,feasible,0.0080339908599853,200,20,3,100000,uncorrelated_similar,True
compact,143501.0,inverse_strongly_correlated_1000-rnduniform-rnduniform-500-20-9,feasible,0.3276309967041015,500,20,9,1000,inverse_strongly_correlated,True
compact,563794.0,span_strongly_correlated_1000-rnduniform-rnduniform-2000-20-9,feasible,3600.0014550685883,2000,20,9,1000,span_strongly_correlated,False
compact,536568.0,profit_ceiling_1000-rnduniform-rnduniform-2000-100-9,feasible,0.0376350879669189,2000,100,9,1000,profit_ceiling,True
mckp,352500.0,span_weakly_correlated_10000-rnduniform-rnduniform-100-20-8,feasible,3.821483607,100,20,8,10000,span_weakly_correlated,True
compact,12454.0,span_uncorrelated_1000-rnduniform-rnduniform-200-20-7,feasible,2.305518865585327,200,20,7,1000,span_uncorrelated,True
mckp,1144104.0,subset_sum_10000-rnduniform-rnduniform-500-20-1,feasible,33.519709702,500,20,1,10000,subset_sum,True
compact,2589713.0,inverse_strongly_correlated_10000-rnduniform-rnduniform-1000-20-4,feasible,3600.002769947052,1000,20,4,10000,inverse_strongly_correlated,False
compact,605486.0,almost_strongly_correlated_10000-rnduniform-rnduniform-200-20-4,feasible,0.1391239166259765,200,20,4,10000,almost_strongly_correlated,True
mckp,777142.0,uncorrelated_similar-rnduniform-rnduniform-2000-100-9,feasible,1362.1063620050002,2000,100,9,100000,uncorrelated_similar,True
compact,71690.0,mstr_1000-rnduniform-rnduniform-200-100-2,feasible,0.0027501583099365,200,100,2,1000,mstr,True
compact,2448969.0,profit_ceiling_10000-rnduniform-rnduniform-1000-100-6,feasible,0.4084019660949707,1000,100,6,10000,profit_ceiling,True
mckp,159453.0,almost_strongly_correlated_10000-rnduniform-rnduniform-50-20-6,feasible,1.1217069359999998,50,20,6,10000,almost_strongly_correlated,True
mckp,243877.0,subset_sum_10000-rnduniform-rnduniform-100-20-2,feasible,3.012144495,100,20,2,10000,subset_sum,True
compact,328547.0,span_weakly_correlated_10000-rnduniform-rnduniform-100-20-5,feasible,0.0103402137756347,100,20,5,10000,span_weakly_correlated,True
mckp,6191126.0,span_uncorrelated_10000-rnduniform-rnduniform-1000-20-2,feasible,53.455977721,1000,20,2,10000,span_uncorrelated,True
compact,565542.0,weakly_correlated_1000-rnduniform-rnduniform-2000-20-6,feasible,0.1720290184020996,2000,20,6,1000,weakly_correlated,True
compact,7630980.0,span_strongly_correlated_10000-rnduniform-rnduniform-2000-100-7,feasible,3600.0015680789948,2000,100,7,10000,span_strongly_correlated,False
compact,3409493.0,almost_strongly_correlated_10000-rnduniform-rnduniform-1000-20-9,feasible,3600.000713825226,1000,20,9,10000,almost_strongly_correlated,False
compact,73433.0,span_strongly_correlated_1000-rnduniform-rnduniform-200-20-9,feasible,0.990311861038208,200,20,9,1000,span_strongly_correlated,True
mckp,3531579.0,span_weakly_correlated_10000-rnduniform-rnduniform-1000-100-7,feasible,23.799604540999997,1000,100,7,10000,span_weakly_correlated,True
mckp,233974.0,subset_sum_1000-rnduniform-rnduniform-1000-100-1,feasible,1.563142248,1000,100,1,1000,subset_sum,True
mckp,4746091.0,span_uncorrelated_10000-rnduniform-rnduniform-2000-20-0,feasible,109.082647076,2000,20,0,10000,span_uncorrelated,True
mckp,9345120.0,span_strongly_correlated_10000-rnduniform-rnduniform-2000-20-7,feasible,376.617420162,2000,20,7,10000,span_strongly_correlated,True
compact,415854.0,subset_sum_10000-rnduniform-rnduniform-200-20-0,feasible,0.0169720649719238,200,20,0,10000,subset_sum,True
mckp,836890.0,circle_10000-rnduniform-rnduniform-200-100-3,feasible,4.546625767,200,100,3,10000,circle,True
mckp,2917874.0,strongly_correlated_10000-rnduniform-rnduniform-1000-20-1,feasible,196.843910593,1000,20,1,10000,strongly_correlated,True
mckp,6506045.0,strongly_correlated_10000-rnduniform-rnduniform-2000-100-7,feasible,89.964047919,2000,100,7,10000,strongly_correlated,True
mckp,787009.0,uncorrelated_1000-rnduniform-rnduniform-2000-20-5,feasible,343.560263821,2000,20,5,1000,uncorrelated,True
compact,489030.0,mstr_10000-rnduniform-rnduniform-200-100-2,feasible,0.0145559310913085,200,100,2,10000,mstr,True
compact,571372.0,almost_strongly_correlated_1000-rnduniform-rnduniform-2000-100-0,feasible,37.11906695365906,2000,100,0,1000,almost_strongly_correlated,False
mckp,113420.0,weakly_correlated_10000-rnduniform-rnduniform-50-20-0,feasible,1.300983661,50,20,0,10000,weakly_correlated,True
mckp,4907732.0,inverse_strongly_correlated_10000-rnduniform-rnduniform-2000-20-2,feasible,1682.496091445,2000,20,2,10000,inverse_strongly_correlated,True
mckp,5011546.0,span_strongly_correlated_10000-rnduniform-rnduniform-1000-100-8,feasible,39.476598219,1000,100,8,10000,span_strongly_correlated,True
mckp,508900.0,inverse_strongly_correlated_1000-rnduniform-rnduniform-2000-100-3,feasible,15.396686571,2000,100,3,1000,inverse_strongly_correlated,True
mckp,5053567.0,mstr_10000-rnduniform-rnduniform-2000-20-3,feasible,2117.3533607120003,2000,20,3,10000,mstr,True
compact,575749.0,strongly_correlated_10000-rnduniform-rnduniform-200-100-4,feasible,0.0043458938598632,200,100,4,10000,strongly_correlated,True
mckp,1300669.0,subset_sum_10000-rnduniform-rnduniform-500-20-8,feasible,188.671672922,500,20,8,10000,subset_sum,True
compact,557706.0,span_uncorrelated_1000-rnduniform-rnduniform-2000-100-9,feasible,0.4496479034423828,2000,100,9,1000,span_uncorrelated,True
compact,2515803.0,weakly_correlated_10000-rnduniform-rnduniform-1000-100-1,feasible,0.1555018424987793,1000,100,1,10000,weakly_correlated,False
mckp,464818.0,inverse_strongly_correlated_1000-rnduniform-rnduniform-2000-100-0,feasible,11.990815781,2000,100,0,1000,inverse_strongly_correlated,True
compact,472513.0,inverse_strongly_correlated_1000-rnduniform-rnduniform-2000-20-0,feasible,0.0464551448822021,2000,20,0,1000,inverse_strongly_correlated,True
mckp,318386.0,span_weakly_correlated_1000-rnduniform-rnduniform-2000-20-1,feasible,38.774751126000005,2000,20,1,1000,span_weakly_correlated,True
mckp,1391623.0,mstr_10000-rnduniform-rnduniform-500-20-6,feasible,37.414005407,500,20,6,10000,mstr,True
mckp,4397251.0,circle_10000-rnduniform-rnduniform-1000-100-1,feasible,21.618318114999997,1000,100,1,10000,circle,True
compact,275889.0,inverse_strongly_correlated_1000-rnduniform-rnduniform-1000-100-8,feasible,3600.000715970993,1000,100,8,1000,inverse_strongly_correlated,False
mckp,195510.0,mstr_1000-rnduniform-rnduniform-500-100-6,feasible,0.846490704,500,100,6,1000,mstr,True
compact,4914904.0,weakly_correlated_10000-rnduniform-rnduniform-2000-20-0,feasible,0.0795629024505615,2000,20,0,10000,weakly_correlated,False
mckp,262088.0,weakly_correlated_1000-rnduniform-rnduniform-1000-100-4,feasible,1.567549951,1000,100,4,1000,weakly_correlated,True
compact,531560.0,weakly_correlated_1000-rnduniform-rnduniform-2000-100-3,feasible,0.1383500099182129,2000,100,3,1000,weakly_correlated,True
compact,471952.0,circle_1000-rnduniform-rnduniform-1000-20-1,feasible,3600.0008170604706,1000,20,1,1000,circle,False
mckp,6407055.0,almost_strongly_correlated_10000-rnduniform-rnduniform-2000-20-5,feasible,4491.998264948999,2000,20,5,10000,almost_strongly_correlated,False
compact,4681260.0,profit_ceiling_10000-rnduniform-rnduniform-2000-20-2,feasible,0.0872049331665039,2000,20,2,10000,profit_ceiling,False
compact,2440452.0,subset_sum_10000-rnduniform-rnduniform-1000-20-4,feasible,0.0044779777526855,1000,20,4,10000,subset_sum,True
mckp,36122.0,uncorrelated_1000-rnduniform-rnduniform-100-20-2,feasible,0.186107108,100,20,2,1000,uncorrelated,True
compact,541662.0,weakly_correlated_10000-rnduniform-rnduniform-200-20-4,feasible,0.0904130935668945,200,20,4,10000,weakly_correlated,True
mckp,334537.0,span_uncorrelated_1000-rnduniform-rnduniform-1000-100-0,feasible,7.233219203,1000,100,0,1000,span_uncorrelated,True
compact,31322.0,span_strongly_correlated_1000-rnduniform-rnduniform-200-20-4,feasible,0.2994799613952636,200,20,4,1000,span_strongly_correlated,True
compact,102988.0,circle_1000-rnduniform-rnduniform-200-20-8,feasible,0.0143067836761474,200,20,8,1000,circle,True
compact,5793012.0,strongly_correlated_10000-rnduniform-rnduniform-2000-20-0,feasible,0.3212518692016601,2000,20,0,10000,strongly_correlated,True
compact,547116.0,weakly_correlated_1000-rnduniform-rnduniform-2000-100-5,feasible,0.1036419868469238,2000,100,5,1000,weakly_correlated,True
compact,477266.0,inverse_strongly_correlated_10000-rnduniform-rnduniform-200-20-2,feasible,230.87007212638855,200,20,2,10000,inverse_strongly_correlated,True
compact,2938978.0,weakly_correlated_10000-rnduniform-rnduniform-1000-20-8,feasible,0.3126659393310547,1000,20,8,10000,weakly_correlated,False
mckp,47070.0,profit_ceiling_1000-rnduniform-rnduniform-200-100-1,feasible,0.330275615,200,100,1,1000,profit_ceiling,True
mckp,28238.0,subset_sum_1000-rnduniform-rnduniform-100-20-7,feasible,0.201223796,100,20,7,1000,subset_sum,True
mckp,114687.0,profit_ceiling_1000-rnduniform-rnduniform-500-20-2,feasible,4.298016099,500,20,2,1000,profit_ceiling,True
mckp,2812188.0,span_uncorrelated_10000-rnduniform-rnduniform-500-20-7,feasible,32.19306004,500,20,7,10000,span_uncorrelated,True
compact,340217.0,span_uncorrelated_1000-rnduniform-rnduniform-1000-100-4,feasible,0.0557711124420166,1000,100,4,1000,span_uncorrelated,True
compact,58503.0,weakly_correlated_1000-rnduniform-rnduniform-200-20-8,feasible,0.1108078956604003,200,20,8,1000,weakly_correlated,True
compact,368093.0,uncorrelated_similar-rnduniform-rnduniform-1000-20-4,feasible,0.0234091281890869,1000,20,4,100000,uncorrelated_similar,True
compact,256082.0,weakly_correlated_10000-rnduniform-rnduniform-100-20-3,feasible,0.0594649314880371,100,20,3,10000,weakly_correlated,True
compact,72223.0,mstr_1000-rnduniform-rnduniform-200-20-0,feasible,0.1673979759216308,200,20,0,1000,mstr,True
compact,4125178.0,uncorrelated_10000-rnduniform-rnduniform-1000-20-8,feasible,0.0310859680175781,1000,20,8,10000,uncorrelated,False
compact,5491094.0,mstr_10000-rnduniform-rnduniform-2000-100-7,feasible,3600.0012550354004,2000,100,7,10000,mstr,False
compact,19515.0,mstr_1000-rnduniform-rnduniform-50-20-6,feasible,0.0412650108337402,50,20,6,1000,mstr,True
mckp,559731.0,inverse_strongly_correlated_1000-rnduniform-rnduniform-2000-100-8,feasible,10.913367272,2000,100,8,1000,inverse_strongly_correlated,True
compact,5546250.0,mstr_10000-rnduniform-rnduniform-2000-20-8,feasible,3600.0011689662933,2000,20,8,10000,mstr,False
mckp,485280.0,span_uncorrelated_10000-rnduniform-rnduniform-200-20-6,feasible,0.671640739,200,20,6,10000,span_uncorrelated,True
mckp,143501.0,inverse_strongly_correlated_1000-rnduniform-rnduniform-500-20-9,feasible,5.011254863,500,20,9,1000,inverse_strongly_correlated,True
compact,77981.0,uncorrelated_1000-rnduniform-rnduniform-200-20-1,feasible,0.047947883605957,200,20,1,1000,uncorrelated,True
mckp,2433832.0,span_uncorrelated_10000-rnduniform-rnduniform-2000-100-9,feasible,71.060298947,2000,100,9,10000,span_uncorrelated,True
mckp,1975219.0,uncorrelated_10000-rnduniform-rnduniform-500-20-0,feasible,55.060461794,500,20,0,10000,uncorrelated,True
compact,180175.0,span_uncorrelated_1000-rnduniform-rnduniform-500-20-3,feasible,0.0163531303405761,500,20,3,1000,span_uncorrelated,True
mckp,325310.0,strongly_correlated_1000-rnduniform-rnduniform-1000-20-6,feasible,20.118408014,1000,20,6,1000,strongly_correlated,True
compact,1282575.0,subset_sum_10000-rnduniform-rnduniform-500-20-6,feasible,0.0068609714508056,500,20,6,10000,subset_sum,True
mckp,4672435.0,inverse_strongly_correlated_10000-rnduniform-rnduniform-2000-20-0,feasible,1424.669096397,2000,20,0,10000,inverse_strongly_correlated,True
mckp,3355858.0,almost_strongly_correlated_10000-rnduniform-rnduniform-1000-20-8,feasible,291.549679723,1000,20,8,10000,almost_strongly_correlated,True
mckp,558318.0,weakly_correlated_1000-rnduniform-rnduniform-2000-20-7,feasible,274.321096955,2000,20,7,1000,weakly_correlated,True
mckp,489350.0,weakly_correlated_10000-rnduniform-rnduniform-200-100-0,feasible,7.746665931,200,100,0,10000,weakly_correlated,True
compact,377813.0,uncorrelated_similar-rnduniform-rnduniform-1000-20-6,feasible,0.0360419750213623,1000,20,6,100000,uncorrelated_similar,True
mckp,585847.0,strongly_correlated_1000-rnduniform-rnduniform-2000-20-1,feasible,79.69000997299999,2000,20,1,1000,strongly_correlated,True
compact,2455293.0,circle_10000-rnduniform-rnduniform-500-20-6,feasible,0.2256999015808105,500,20,6,10000,circle,False
compact,217529.0,circle_1000-rnduniform-rnduniform-500-20-0,feasible,0.222020149230957,500,20,0,1000,circle,True
compact,155543.0,strongly_correlated_1000-rnduniform-rnduniform-500-20-3,feasible,3600.0005548000336,500,20,3,1000,strongly_correlated,False
mckp,3409496.0,almost_strongly_correlated_10000-rnduniform-rnduniform-1000-20-9,feasible,405.749896415,1000,20,9,10000,almost_strongly_correlated,True
mckp,290017.0,weakly_correlated_1000-rnduniform-rnduniform-1000-20-7,feasible,30.045726692,1000,20,7,1000,weakly_correlated,True
mckp,324213.0,almost_strongly_correlated_1000-rnduniform-rnduniform-1000-100-8,feasible,2.516630277,1000,100,8,1000,almost_strongly_correlated,True
mckp,865999.0,span_uncorrelated_1000-rnduniform-rnduniform-2000-20-4,feasible,67.399248405,2000,20,4,1000,span_uncorrelated,True
mckp,1191471.0,span_weakly_correlated_10000-rnduniform-rnduniform-500-20-0,feasible,15.930363018,500,20,0,10000,span_weakly_correlated,True
compact,5004970.0,mstr_10000-rnduniform-rnduniform-2000-100-2,feasible,3600.0013930797577,2000,100,2,10000,mstr,False
mckp,2632140.0,inverse_strongly_correlated_10000-rnduniform-rnduniform-1000-20-6,feasible,314.521106428,1000,20,6,10000,inverse_strongly_correlated,True
compact,33383.0,mstr_1000-rnduniform-rnduniform-100-20-0,feasible,0.0158240795135498,100,20,0,1000,mstr,True
compact,309423.0,almost_strongly_correlated_1000-rnduniform-rnduniform-1000-100-6,feasible,0.1648380756378173,1000,100,6,1000,almost_strongly_correlated,True
mckp,47412.0,weakly_correlated_1000-rnduniform-rnduniform-200-100-0,feasible,0.263682842,200,100,0,1000,weakly_correlated,True
mckp,191377.0,uncorrelated_similar-rnduniform-rnduniform-500-20-6,feasible,383.589617094,500,20,6,100000,uncorrelated_similar,True
mckp,679737.0,strongly_correlated_1000-rnduniform-rnduniform-2000-20-9,feasible,83.77519538700001,2000,20,9,1000,strongly_correlated,True
compact,2684495.0,mstr_10000-rnduniform-rnduniform-1000-100-6,feasible,0.8433120250701904,1000,100,6,10000,mstr,False
mckp,33877.0,uncorrelated_similar-rnduniform-rnduniform-100-20-2,feasible,45.032434951,100,20,2,100000,uncorrelated_similar,True
compact,256406.0,inverse_strongly_correlated_1000-rnduniform-rnduniform-1000-20-2,feasible,3600.000879049301,1000,20,2,1000,inverse_strongly_correlated,False
mckp,1270154.0,subset_sum_10000-rnduniform-rnduniform-500-20-5,feasible,35.852543116,500,20,5,10000,subset_sum,True
mckp,243150.0,subset_sum_1000-rnduniform-rnduniform-1000-100-5,feasible,2.282149917,1000,100,5,1000,subset_sum,True
compact,588364.0,span_weakly_correlated_1000-rnduniform-rnduniform-2000-20-6,feasible,0.0319459438323974,2000,20,6,1000,span_weakly_correlated,True
mckp,2712901.0,almost_strongly_correlated_10000-rnduniform-rnduniform-1000-500-0,feasible,28.939738011000003,1000,500,0,10000,almost_strongly_correlated,True
mckp,7164504.0,span_weakly_correlated_10000-rnduniform-rnduniform-2000-20-0,feasible,360.695800763,2000,20,0,10000,span_weakly_correlated,True
compact,954625.0,circle_1000-rnduniform-rnduniform-2000-100-4,feasible,2.000978946685791,2000,100,4,1000,circle,False
mckp,154237.0,almost_strongly_correlated_1000-rnduniform-rnduniform-500-20-5,feasible,4.355595024,500,20,5,1000,almost_strongly_correlated,True
mckp,461682.0,profit_ceiling_10000-rnduniform-rnduniform-200-20-3,feasible,4.632755113,200,20,3,10000,profit_ceiling,True
compact,5726997.0,almost_strongly_correlated_10000-rnduniform-rnduniform-2000-100-0,feasible,1.2956480979919434,2000,100,0,10000,almost_strongly_correlated,False
mckp,41940.0,inverse_strongly_correlated_1000-rnduniform-rnduniform-200-100-0,feasible,0.397322717,200,100,0,1000,inverse_strongly_correlated,True
compact,465891.0,subset_sum_10000-rnduniform-rnduniform-200-20-1,feasible,0.0600349903106689,200,20,1,10000,subset_sum,True
compact,1457107.0,strongly_correlated_10000-rnduniform-rnduniform-500-20-3,feasible,3600.0009779930115,500,20,3,10000,strongly_correlated,False
mckp,148811.0,weakly_correlated_10000-rnduniform-rnduniform-50-20-9,feasible,1.063843834,50,20,9,10000,weakly_correlated,True
mckp,23014.0,inverse_strongly_correlated_1000-rnduniform-rnduniform-100-20-1,feasible,0.205495441,100,20,1,1000,inverse_strongly_correlated,True
mckp,273846.0,inverse_strongly_correlated_1000-rnduniform-rnduniform-1000-100-7,feasible,1.978322574,1000,100,7,1000,inverse_strongly_correlated,True
compact,355072.0,span_weakly_correlated_1000-rnduniform-rnduniform-1000-20-3,feasible,0.1127340793609619,1000,20,3,1000,span_weakly_correlated,True
compact,56418.0,almost_strongly_correlated_1000-rnduniform-rnduniform-200-100-4,feasible,0.0032169818878173,200,100,4,1000,almost_strongly_correlated,True
compact,72374.0,mstr_1000-rnduniform-rnduniform-200-100-1,feasible,0.0027589797973632,200,100,1,1000,mstr,True
mckp,49637.0,subset_sum_1000-rnduniform-rnduniform-200-20-3,feasible,0.334719767,200,20,3,1000,subset_sum,True
mckp,560142.0,mstr_10000-rnduniform-rnduniform-200-100-4,feasible,5.412288959,200,100,4,10000,mstr,True
mckp,4760793.0,inverse_strongly_correlated_10000-rnduniform-rnduniform-2000-100-1,feasible,118.617421335,2000,100,1,10000,inverse_strongly_correlated,True
compact,1911830.0,span_strongly_correlated_10000-rnduniform-rnduniform-1000-20-5,feasible,0.0300250053405761,1000,20,5,10000,span_strongly_correlated,True
compact,6407180.0,almost_strongly_correlated_10000-rnduniform-rnduniform-2000-20-5,feasible,3600.001755952835,2000,20,5,10000,almost_strongly_correlated,False
compact,8249415.0,uncorrelated_10000-rnduniform-rnduniform-2000-100-8,feasible,0.0946218967437744,2000,100,8,10000,uncorrelated,False
compact,137035.0,strongly_correlated_1000-rnduniform-rnduniform-500-20-0,feasible,25.977081775665283,500,20,0,1000,strongly_correlated,True
compact,7709069.0,uncorrelated_10000-rnduniform-rnduniform-2000-20-0,feasible,0.0889439582824707,2000,20,0,10000,uncorrelated,False
compact,583144.0,weakly_correlated_1000-rnduniform-rnduniform-2000-100-9,feasible,0.1131479740142822,2000,100,9,1000,weakly_correlated,False
mckp,5630952.0,weakly_correlated_10000-rnduniform-rnduniform-2000-20-8,feasible,2427.459148864,2000,20,8,10000,weakly_correlated,True
compact,1888446.0,span_weakly_correlated_10000-rnduniform-rnduniform-500-20-4,feasible,3600.000524044037,500,20,4,10000,span_weakly_correlated,False
compact,327025.0,almost_strongly_correlated_10000-rnduniform-rnduniform-100-20-6,feasible,0.239311933517456,100,20,6,10000,almost_strongly_correlated,True
compact,45471.0,profit_ceiling_1000-rnduniform-rnduniform-200-20-2,feasible,0.0067379474639892,200,20,2,1000,profit_ceiling,True
compact,715003.0,span_weakly_correlated_10000-rnduniform-rnduniform-200-100-4,feasible,0.002979040145874,200,100,4,10000,span_weakly_correlated,True
compact,448498.0,circle_10000-rnduniform-rnduniform-100-20-2,feasible,0.0183219909667968,100,20,2,10000,circle,True
compact,4435930.0,subset_sum_10000-rnduniform-rnduniform-2000-20-0,feasible,0.0185739994049072,2000,20,0,10000,subset_sum,False
mckp,495120.0,profit_ceiling_1000-rnduniform-rnduniform-2000-20-5,feasible,126.575949917,2000,20,5,1000,profit_ceiling,True
mckp,2318634.0,subset_sum_10000-rnduniform-rnduniform-1000-20-2,feasible,156.84345704,1000,20,2,10000,subset_sum,True
compact,2855721.0,weakly_correlated_10000-rnduniform-rnduniform-1000-100-8,feasible,0.0483272075653076,1000,100,8,10000,weakly_correlated,True
mckp,993088.0,circle_1000-rnduniform-rnduniform-2000-100-6,feasible,10.44804628,2000,100,6,1000,circle,True
compact,292985.99999999994,almost_strongly_correlated_1000-rnduniform-rnduniform-1000-20-0,feasible,0.2322759628295898,1000,20,0,1000,almost_strongly_correlated,True
mckp,706057.0,uncorrelated_similar-rnduniform-rnduniform-2000-20-1,feasible,5682.554163518,2000,20,1,100000,uncorrelated_similar,False
compact,61005.0,almost_strongly_correlated_1000-rnduniform-rnduniform-200-20-2,feasible,1.0964958667755127,200,20,2,1000,almost_strongly_correlated,True
compact,290017.0,weakly_correlated_1000-rnduniform-rnduniform-1000-20-7,feasible,0.0857501029968261,1000,20,7,1000,weakly_correlated,True
compact,3014493.0,strongly_correlated_10000-rnduniform-rnduniform-1000-20-2,feasible,3600.000805854798,1000,20,2,10000,strongly_correlated,False
compact,5015544.0,subset_sum_10000-rnduniform-rnduniform-2000-100-5,feasible,0.0217628479003906,2000,100,5,10000,subset_sum,True
mckp,236851.0,subset_sum_1000-rnduniform-rnduniform-1000-100-4,feasible,1.617783689,1000,100,4,1000,subset_sum,True
mckp,2414207.0,weakly_correlated_10000-rnduniform-rnduniform-1000-500-1,feasible,27.594729108,1000,500,1,10000,weakly_correlated,True
mckp,2517755.0,circle_10000-rnduniform-rnduniform-500-20-7,feasible,48.82146353,500,20,7,10000,circle,True
compact,71566.0,uncorrelated_similar-rnduniform-rnduniform-200-20-4,feasible,0.0072059631347656,200,20,4,100000,uncorrelated_similar,True
mckp,81931.0,mstr_1000-rnduniform-rnduniform-200-20-7,feasible,0.3447654029999999,200,20,7,1000,mstr,True
compact,5661564.0,weakly_correlated_10000-rnduniform-rnduniform-2000-20-7,feasible,0.4125130176544189,2000,20,7,10000,weakly_correlated,False
mckp,225264.0,profit_ceiling_1000-rnduniform-rnduniform-1000-100-0,feasible,1.531773237,1000,100,0,1000,profit_ceiling,True
compact,3780219.0,span_weakly_correlated_10000-rnduniform-rnduniform-1000-20-9,feasible,1.2604761123657229,1000,20,9,10000,span_weakly_correlated,True
compact,6243248.0,span_weakly_correlated_10000-rnduniform-rnduniform-2000-100-8,feasible,3600.001417160034,2000,100,8,10000,span_weakly_correlated,False
mckp,6134588.0,strongly_correlated_10000-rnduniform-rnduniform-2000-20-2,feasible,1956.036498529,2000,20,2,10000,strongly_correlated,True
mckp,1346978.0,inverse_strongly_correlated_10000-rnduniform-rnduniform-500-20-9,feasible,48.549741824,500,20,9,10000,inverse_strongly_correlated,True
mckp,490899.0,mstr_10000-rnduniform-rnduniform-200-20-0,feasible,5.6145311829999995,200,20,0,10000,mstr,True
mckp,367223.0,span_weakly_correlated_1000-rnduniform-rnduniform-1000-100-1,feasible,2.38862089,1000,100,1,1000,span_weakly_correlated,True
compact,364747.0,uncorrelated_similar-rnduniform-rnduniform-1000-100-5,feasible,0.0375359058380126,1000,100,5,100000,uncorrelated_similar,True
compact,2500860.0,subset_sum_10000-rnduniform-rnduniform-1000-100-6,feasible,0.0130088329315185,1000,100,6,10000,subset_sum,True
mckp,59069.0,inverse_strongly_correlated_1000-rnduniform-rnduniform-200-20-9,feasible,0.472878747,200,20,9,1000,inverse_strongly_correlated,True
compact,2712901.0,almost_strongly_correlated_10000-rnduniform-rnduniform-1000-500-0,feasible,0.0702791213989257,1000,500,0,10000,almost_strongly_correlated,True
compact,175445.0,almost_strongly_correlated_1000-rnduniform-rnduniform-500-20-9,feasible,0.0478730201721191,500,20,9,1000,almost_strongly_correlated,True
mckp,2541870.0,weakly_correlated_10000-rnduniform-rnduniform-1000-20-2,feasible,331.760778379,1000,20,2,10000,weakly_correlated,True
mckp,3028974.0,span_uncorrelated_10000-rnduniform-rnduniform-500-20-8,feasible,32.039517758,500,20,8,10000,span_uncorrelated,True
compact,2517755.0,circle_10000-rnduniform-rnduniform-500-20-7,feasible,4.091846942901611,500,20,7,10000,circle,False
compact,4397251.0,circle_10000-rnduniform-rnduniform-1000-100-1,feasible,0.1278231143951416,1000,100,1,10000,circle,False
compact,4432.0,span_weakly_correlated_1000-rnduniform-rnduniform-100-20-5,feasible,0.0148031711578369,100,20,5,1000,span_weakly_correlated,True
mckp,2793220.0,weakly_correlated_10000-rnduniform-rnduniform-1000-20-6,feasible,354.692601838,1000,20,6,10000,weakly_correlated,True
compact,559731.0,inverse_strongly_correlated_1000-rnduniform-rnduniform-2000-100-8,feasible,0.6949539184570312,2000,100,8,1000,inverse_strongly_correlated,False
mckp,763697.0,uncorrelated_1000-rnduniform-rnduniform-2000-100-1,feasible,14.873935904,2000,100,1,1000,uncorrelated,True
mckp,623348.0,strongly_correlated_10000-rnduniform-rnduniform-200-20-8,feasible,3.403157236,200,20,8,10000,strongly_correlated,True
compact,573261.9999999971,almost_strongly_correlated_10000-rnduniform-rnduniform-200-20-1,feasible,0.558074951171875,200,20,1,10000,almost_strongly_correlated,False
compact,4868702.0,circle_10000-rnduniform-rnduniform-1000-100-6,feasible,0.3644609451293945,1000,100,6,10000,circle,False
compact,335202.0,uncorrelated_10000-rnduniform-rnduniform-100-20-0,feasible,0.0067269802093505,100,20,0,10000,uncorrelated,True
mckp,30325.0,almost_strongly_correlated_1000-rnduniform-rnduniform-100-20-6,feasible,0.20187603,100,20,6,1000,almost_strongly_correlated,True
compact,7953386.0,uncorrelated_10000-rnduniform-rnduniform-2000-100-5,feasible,0.1315119266510009,2000,100,5,10000,uncorrelated,False
compact,405479.0,uncorrelated_1000-rnduniform-rnduniform-1000-100-6,feasible,0.0500710010528564,1000,100,6,1000,uncorrelated,True
compact,2542998.0,inverse_strongly_correlated_10000-rnduniform-rnduniform-1000-20-3,feasible,3600.000808954239,1000,20,3,10000,inverse_strongly_correlated,False
compact,278199.0,inverse_strongly_correlated_1000-rnduniform-rnduniform-1000-20-7,feasible,3600.000648021698,1000,20,7,1000,inverse_strongly_correlated,False
mckp,7691905.0,uncorrelated_10000-rnduniform-rnduniform-2000-100-2,feasible,73.546769317,2000,100,2,10000,uncorrelated,True
mckp,3918574.0,uncorrelated_10000-rnduniform-rnduniform-1000-100-3,feasible,23.914657856,1000,100,3,10000,uncorrelated,True
mckp,177813.0,uncorrelated_similar-rnduniform-rnduniform-500-20-2,feasible,395.683914126,500,20,2,100000,uncorrelated_similar,True
compact,8115763.0,uncorrelated_10000-rnduniform-rnduniform-2000-20-6,feasible,0.0549788475036621,2000,20,6,10000,uncorrelated,False
compact,5053607.0,mstr_10000-rnduniform-rnduniform-2000-100-3,feasible,3600.0010528564453,2000,100,3,10000,mstr,False
mckp,5212134.0,weakly_correlated_10000-rnduniform-rnduniform-2000-20-2,feasible,3343.823608191,2000,20,2,10000,weakly_correlated,True
compact,33877.0,uncorrelated_similar-rnduniform-rnduniform-100-20-2,feasible,0.0039019584655761,100,20,2,100000,uncorrelated_similar,True
compact,2615661.0,profit_ceiling_10000-rnduniform-rnduniform-1000-100-7,feasible,0.032520055770874,1000,100,7,10000,profit_ceiling,False
compact,759470.0,uncorrelated_similar-rnduniform-rnduniform-2000-100-8,feasible,0.0580999851226806,2000,100,8,100000,uncorrelated_similar,True
mckp,85102.0,mstr_1000-rnduniform-rnduniform-200-20-8,feasible,0.325756924,200,20,8,1000,mstr,True
mckp,101446.0,span_weakly_correlated_1000-rnduniform-rnduniform-500-20-1,feasible,2.25981097,500,20,1,1000,span_weakly_correlated,True
compact,42306.0,profit_ceiling_1000-rnduniform-rnduniform-200-20-0,feasible,0.0111751556396484,200,20,0,1000,profit_ceiling,True
mckp,5536948.0,mstr_10000-rnduniform-rnduniform-2000-100-8,feasible,73.953735054,2000,100,8,10000,mstr,True
compact,75651.0,span_uncorrelated_1000-rnduniform-rnduniform-200-20-6,feasible,1.6604821681976318,200,20,6,1000,span_uncorrelated,True
mckp,65079.0,uncorrelated_1000-rnduniform-rnduniform-200-100-1,feasible,0.240701437,200,100,1,1000,uncorrelated,True
compact,2364569.0,subset_sum_10000-rnduniform-rnduniform-1000-100-2,feasible,0.0239229202270507,1000,100,2,10000,subset_sum,True
mckp,24333.0,profit_ceiling_1000-rnduniform-rnduniform-100-20-2,feasible,0.225406177,100,20,2,1000,profit_ceiling,True
compact,2464918.0,weakly_correlated_10000-rnduniform-rnduniform-1000-100-2,feasible,0.1603100299835205,1000,100,2,10000,weakly_correlated,False
compact,2881643.0,weakly_correlated_10000-rnduniform-rnduniform-1000-20-9,feasible,0.1997261047363281,1000,20,9,10000,weakly_correlated,False
compact,344778.0,almost_strongly_correlated_1000-rnduniform-rnduniform-1000-20-9,feasible,3600.000744819641,1000,20,9,1000,almost_strongly_correlated,False
compact,226304.0,span_weakly_correlated_1000-rnduniform-rnduniform-2000-100-0,feasible,3600.0017528533936,2000,100,0,1000,span_weakly_correlated,False
compact,676104.0,span_strongly_correlated_10000-rnduniform-rnduniform-200-100-1,feasible,0.0297410488128662,200,100,1,10000,span_strongly_correlated,True
mckp,443920.0,circle_1000-rnduniform-rnduniform-1000-100-1,feasible,1.550388646,1000,100,1,1000,circle,True
compact,144806.0,inverse_strongly_correlated_1000-rnduniform-rnduniform-500-20-8,feasible,3600.0004999637604,500,20,8,1000,inverse_strongly_correlated,False
mckp,1130160.0,mstr_10000-rnduniform-rnduniform-500-20-0,feasible,46.243261968,500,20,0,10000,mstr,True
mckp,470477.0,circle_10000-rnduniform-rnduniform-100-20-4,feasible,2.236502546,100,20,4,10000,circle,True
compact,5199187.0,inverse_strongly_correlated_10000-rnduniform-rnduniform-2000-100-5,feasible,3600.002305984497,2000,100,5,10000,inverse_strongly_correlated,False
compact,384982.0,uncorrelated_similar-rnduniform-rnduniform-1000-20-9,feasible,0.0314619541168212,1000,20,9,100000,uncorrelated_similar,True
compact,380785.0,uncorrelated_1000-rnduniform-rnduniform-1000-20-0,feasible,0.0621910095214843,1000,20,0,1000,uncorrelated,True
mckp,6603958.0,almost_strongly_correlated_10000-rnduniform-rnduniform-2000-20-7,feasible,2082.595680054,2000,20,7,10000,almost_strongly_correlated,True
compact,481756.0,subset_sum_1000-rnduniform-rnduniform-2000-20-4,feasible,0.0140070915222167,2000,20,4,1000,subset_sum,True
mckp,2974363.0,strongly_correlated_10000-rnduniform-rnduniform-1000-100-3,feasible,17.251038479,1000,100,3,10000,strongly_correlated,True
compact,530628.0,profit_ceiling_10000-rnduniform-rnduniform-200-20-8,feasible,0.0190999507904052,200,20,8,10000,profit_ceiling,True
compact,296321.0,almost_strongly_correlated_1000-rnduniform-rnduniform-1000-100-3,feasible,2.757075071334839,1000,100,3,1000,almost_strongly_correlated,True
mckp,571372.0,almost_strongly_correlated_1000-rnduniform-rnduniform-2000-100-0,feasible,9.803470971,2000,100,0,1000,almost_strongly_correlated,True
compact,1335131.9999999937,mstr_10000-rnduniform-rnduniform-500-20-5,feasible,1.038139820098877,500,20,5,10000,mstr,False
mckp,57575.0,span_strongly_correlated_1000-rnduniform-rnduniform-500-20-6,feasible,0.598073945,500,20,6,1000,span_strongly_correlated,True
compact,3312535.0,strongly_correlated_10000-rnduniform-rnduniform-1000-100-6,feasible,3600.0007610321045,1000,100,6,10000,strongly_correlated,False
mckp,340217.0,span_uncorrelated_1000-rnduniform-rnduniform-1000-100-4,feasible,3.072674549,1000,100,4,1000,span_uncorrelated,True
mckp,117344.0,subset_sum_1000-rnduniform-rnduniform-500-20-4,feasible,4.414243158,500,20,4,1000,subset_sum,True
mckp,1607645.0,span_uncorrelated_10000-rnduniform-rnduniform-500-100-8,feasible,12.697311718,500,100,8,10000,span_uncorrelated,True
mckp,640461.0,strongly_correlated_1000-rnduniform-rnduniform-2000-20-4,feasible,92.523985217,2000,20,4,1000,strongly_correlated,True
compact,233447.0,weakly_correlated_10000-rnduniform-rnduniform-100-20-0,feasible,0.0128381252288818,100,20,0,10000,weakly_correlated,True
compact,5148212.0,mstr_10000-rnduniform-rnduniform-2000-20-4,feasible,3600.001270055771,2000,20,4,10000,mstr,False
compact,275868.0,almost_strongly_correlated_10000-rnduniform-rnduniform-100-20-0,feasible,0.1835579872131347,100,20,0,10000,almost_strongly_correlated,True
mckp,1031904.0,span_uncorrelated_1000-rnduniform-rnduniform-2000-100-8,feasible,9.186219008,2000,100,8,1000,span_uncorrelated,True
compact,537712.0,weakly_correlated_10000-rnduniform-rnduniform-200-20-6,feasible,0.0773060321807861,200,20,6,10000,weakly_correlated,True
compact,475216.0,span_strongly_correlated_1000-rnduniform-rnduniform-1000-100-6,feasible,0.5564959049224854,1000,100,6,1000,span_strongly_correlated,True
mckp,319128.0,strongly_correlated_10000-rnduniform-rnduniform-100-20-9,feasible,1.991752367,100,20,9,10000,strongly_correlated,True
mckp,537712.0,weakly_correlated_10000-rnduniform-rnduniform-200-20-6,feasible,5.441208976,200,20,6,10000,weakly_correlated,True
mckp,2696052.0,span_weakly_correlated_10000-rnduniform-rnduniform-1000-100-0,feasible,23.268166159,1000,100,0,10000,span_weakly_correlated,True
mckp,455736.0,profit_ceiling_1000-rnduniform-rnduniform-2000-100-2,feasible,11.787889301,2000,100,2,1000,profit_ceiling,True
compact,387438.0,uncorrelated_1000-rnduniform-rnduniform-1000-100-3,feasible,0.0545189380645751,1000,100,3,1000,uncorrelated,True
compact,513776.0,inverse_strongly_correlated_1000-rnduniform-rnduniform-2000-100-5,feasible,3600.002701997757,2000,100,5,1000,inverse_strongly_correlated,False
mckp,381070.0,uncorrelated_similar-rnduniform-rnduniform-1000-100-7,feasible,475.224139565,1000,100,7,100000,uncorrelated_similar,True
mckp,9969508.0,span_uncorrelated_10000-rnduniform-rnduniform-2000-20-2,feasible,376.069639853,2000,20,2,10000,span_uncorrelated,True
compact,2294886.0,profit_ceiling_10000-rnduniform-rnduniform-1000-20-3,feasible,3600.0016508102417,1000,20,3,10000,profit_ceiling,False
compact,4990317.0,span_strongly_correlated_10000-rnduniform-rnduniform-2000-100-3,feasible,3600.0012991428375,2000,100,3,10000,span_strongly_correlated,False
compact,49637.0,subset_sum_1000-rnduniform-rnduniform-200-20-3,feasible,0.0051219463348388,200,20,3,1000,subset_sum,True
mckp,604382.0,almost_strongly_correlated_1000-rnduniform-rnduniform-2000-20-2,feasible,219.161131701,2000,20,2,1000,almost_strongly_correlated,True
compact,243973.0,span_uncorrelated_1000-rnduniform-rnduniform-1000-20-7,feasible,0.2998640537261963,1000,20,7,1000,span_uncorrelated,True
compact,130224.0,weakly_correlated_1000-rnduniform-rnduniform-500-20-1,feasible,0.0435290336608886,500,20,1,1000,weakly_correlated,True
mckp,2383276.0,span_uncorrelated_10000-rnduniform-rnduniform-1000-100-3,feasible,6.98503536,1000,100,3,10000,span_uncorrelated,True
mckp,446709.0,circle_1000-rnduniform-rnduniform-1000-100-2,feasible,1.375607565,1000,100,2,1000,circle,True
mckp,234975.0,profit_ceiling_1000-rnduniform-rnduniform-1000-20-3,feasible,24.133028472000003,1000,20,3,1000,profit_ceiling,True
mckp,3128470.0,strongly_correlated_10000-rnduniform-rnduniform-1000-20-4,feasible,260.849791547,1000,20,4,10000,strongly_correlated,True
mckp,2818066.0,weakly_correlated_10000-rnduniform-rnduniform-1000-100-5,feasible,17.906765917,1000,100,5,10000,weakly_correlated,True
compact,28200.0,almost_strongly_correlated_1000-rnduniform-rnduniform-100-20-2,feasible,0.0527889728546142,100,20,2,1000,almost_strongly_correlated,True
compact,417968.0,span_strongly_correlated_1000-rnduniform-rnduniform-1000-20-1,feasible,0.0246191024780273,1000,20,1,1000,span_strongly_correlated,True
compact,576340.0,span_uncorrelated_1000-rnduniform-rnduniform-2000-100-5,feasible,3600.001909017563,2000,100,5,1000,span_uncorrelated,False
mckp,132538.0,mstr_10000-rnduniform-rnduniform-50-20-9,feasible,1.023898431,50,20,9,10000,mstr,True
mckp,310275.0,span_weakly_correlated_1000-rnduniform-rnduniform-2000-20-0,feasible,40.442371516,2000,20,0,1000,span_weakly_correlated,True
compact,5057658.0,span_uncorrelated_10000-rnduniform-rnduniform-1000-100-2,feasible,3600.000783920288,1000,100,2,10000,span_uncorrelated,False
compact,5214858.0,mstr_10000-rnduniform-rnduniform-2000-20-5,feasible,3600.0018861293793,2000,20,5,10000,mstr,False
mckp,453504.0,profit_ceiling_10000-rnduniform-rnduniform-200-20-0,feasible,3.525829188,200,20,0,10000,profit_ceiling,True
mckp,488226.0,circle_1000-rnduniform-rnduniform-1000-20-5,feasible,24.411067402,1000,20,5,1000,circle,True
mckp,8249415.0,uncorrelated_10000-rnduniform-rnduniform-2000-100-8,feasible,104.257713201,2000,100,8,10000,uncorrelated,True
mckp,642316.0,span_strongly_correlated_1000-rnduniform-rnduniform-2000-100-5,feasible,9.074839722,2000,100,5,1000,span_strongly_correlated,True
mckp,3669053.0,span_strongly_correlated_10000-rnduniform-rnduniform-1000-20-1,feasible,117.036235987,1000,20,1,10000,span_strongly_correlated,True
mckp,1106862.0,profit_ceiling_10000-rnduniform-rnduniform-500-20-0,feasible,32.867564021,500,20,0,10000,profit_ceiling,True
compact,207148.0,span_uncorrelated_1000-rnduniform-rnduniform-1000-20-8,feasible,0.0388238430023193,1000,20,8,1000,span_uncorrelated,True
mckp,665678.0,strongly_correlated_1000-rnduniform-rnduniform-2000-20-8,feasible,97.805434151,2000,20,8,1000,strongly_correlated,True
mckp,2849431.0,almost_strongly_correlated_10000-rnduniform-rnduniform-1000-100-1,feasible,23.510297643,1000,100,1,10000,almost_strongly_correlated,True
compact,913500.0,span_uncorrelated_10000-rnduniform-rnduniform-500-20-4,feasible,0.275331974029541,500,20,4,10000,span_uncorrelated,True
compact,3531579.0,span_weakly_correlated_10000-rnduniform-rnduniform-1000-100-7,feasible,3600.0010018348694,1000,100,7,10000,span_weakly_correlated,False
mckp,39447.0,uncorrelated_1000-rnduniform-rnduniform-100-20-5,feasible,0.2073460879999999,100,20,5,1000,uncorrelated,True
compact,509003.0,span_strongly_correlated_10000-rnduniform-rnduniform-100-20-7,feasible,0.0099179744720458,100,20,7,10000,span_strongly_correlated,True
compact,14884.0,span_weakly_correlated_1000-rnduniform-rnduniform-50-20-0,feasible,0.0762169361114502,50,20,0,1000,span_weakly_correlated,True
compact,503855.0,weakly_correlated_1000-rnduniform-rnduniform-2000-20-1,feasible,0.1620619297027588,2000,20,1,1000,weakly_correlated,True
mckp,182766.0,span_strongly_correlated_1000-rnduniform-rnduniform-500-20-0,feasible,3.915108755,500,20,0,1000,span_strongly_correlated,True
mckp,340976.0,uncorrelated_similar-rnduniform-rnduniform-1000-100-0,feasible,538.274753331,1000,100,0,100000,uncorrelated_similar,True
mckp,7032295.0,span_strongly_correlated_10000-rnduniform-rnduniform-2000-20-0,feasible,376.975455056,2000,20,0,10000,span_strongly_correlated,True
mckp,2325267.0,inverse_strongly_correlated_10000-rnduniform-rnduniform-1000-20-0,feasible,225.497899838,1000,20,0,10000,inverse_strongly_correlated,True
mckp,6400766.0,almost_strongly_correlated_10000-rnduniform-rnduniform-2000-100-6,feasible,92.731481189,2000,100,6,10000,almost_strongly_correlated,True
compact,513010.0,subset_sum_10000-rnduniform-rnduniform-200-20-3,feasible,0.0364751815795898,200,20,3,10000,subset_sum,True
mckp,9995728.0,span_strongly_correlated_10000-rnduniform-rnduniform-2000-100-6,feasible,94.48747393,2000,100,6,10000,span_strongly_correlated,True
compact,1719521.0,almost_strongly_correlated_10000-rnduniform-rnduniform-500-20-9,feasible,3600.0003929138184,500,20,9,10000,almost_strongly_correlated,False
compact,4137964.0,span_strongly_correlated_10000-rnduniform-rnduniform-1000-100-4,feasible,3600.000890016556,1000,100,4,10000,span_strongly_correlated,False
mckp,3985643.0,uncorrelated_10000-rnduniform-rnduniform-1000-100-8,feasible,22.464810641,1000,100,8,10000,uncorrelated,True
mckp,377813.0,uncorrelated_similar-rnduniform-rnduniform-1000-20-6,feasible,1182.4526684260002,1000,20,6,100000,uncorrelated_similar,True
compact,259053.0,profit_ceiling_1000-rnduniform-rnduniform-1000-20-7,feasible,0.0484459400177001,1000,20,7,1000,profit_ceiling,True
compact,153221.0,strongly_correlated_10000-rnduniform-rnduniform-50-20-9,feasible,0.1386280059814453,50,20,9,10000,strongly_correlated,True
compact,225253.0,span_weakly_correlated_1000-rnduniform-rnduniform-500-20-8,feasible,0.0526840686798095,500,20,8,1000,span_weakly_correlated,True
mckp,642240.0,span_strongly_correlated_10000-rnduniform-rnduniform-200-20-0,feasible,5.675854396999999,200,20,0,10000,span_strongly_correlated,True
mckp,214689.0,span_uncorrelated_10000-rnduniform-rnduniform-200-100-0,feasible,1.957408507,200,100,0,10000,span_uncorrelated,True
compact,2528201.0,weakly_correlated_10000-rnduniform-rnduniform-1000-20-0,feasible,0.1302080154418945,1000,20,0,10000,weakly_correlated,False
mckp,256919.0,span_weakly_correlated_1000-rnduniform-rnduniform-1000-20-4,feasible,11.314130308,1000,20,4,1000,span_weakly_correlated,True
compact,168272.0,strongly_correlated_1000-rnduniform-rnduniform-500-20-9,feasible,3600.0008070468903,500,20,9,1000,strongly_correlated,False
compact,1247631.0,inverse_strongly_correlated_10000-rnduniform-rnduniform-500-20-2,feasible,3600.000557899475,500,20,2,10000,inverse_strongly_correlated,False
mckp,5423147.0,inverse_strongly_correlated_10000-rnduniform-rnduniform-2000-20-6,feasible,2219.996909995,2000,20,6,10000,inverse_strongly_correlated,True
compact,71411.0,uncorrelated_similar-rnduniform-rnduniform-200-20-2,feasible,0.0040240287780761,200,20,2,100000,uncorrelated_similar,True
compact,89760.0,span_weakly_correlated_1000-rnduniform-rnduniform-200-20-7,feasible,0.0978128910064697,200,20,7,1000,span_weakly_correlated,True
compact,123254.0,inverse_strongly_correlated_1000-rnduniform-rnduniform-500-20-2,feasible,3600.0004410743713,500,20,2,1000,inverse_strongly_correlated,False
compact,305805.0,almost_strongly_correlated_1000-rnduniform-rnduniform-1000-20-3,feasible,3600.000859975815,1000,20,3,1000,almost_strongly_correlated,False
compact,91884.0,span_strongly_correlated_1000-rnduniform-rnduniform-200-20-5,feasible,3600.000344991684,200,20,5,1000,span_strongly_correlated,False
mckp,358782.0,uncorrelated_similar-rnduniform-rnduniform-1000-20-2,feasible,1690.604658196,1000,20,2,100000,uncorrelated_similar,True
compact,4645180.0,span_uncorrelated_10000-rnduniform-rnduniform-1000-20-0,feasible,0.0472950935363769,1000,20,0,10000,span_uncorrelated,True
mckp,61281.0,strongly_correlated_1000-rnduniform-rnduniform-200-20-5,feasible,0.3145410119999999,200,20,5,1000,strongly_correlated,True
compact,509856.0,profit_ceiling_1000-rnduniform-rnduniform-2000-20-6,feasible,0.0196800231933593,2000,20,6,1000,profit_ceiling,True
mckp,245785.0,inverse_strongly_correlated_10000-rnduniform-rnduniform-100-20-2,feasible,3.5602875590000003,100,20,2,10000,inverse_strongly_correlated,True
mckp,612413.0,strongly_correlated_10000-rnduniform-rnduniform-200-20-4,feasible,3.672682881,200,20,4,10000,strongly_correlated,True
compact,814193.0,uncorrelated_10000-rnduniform-rnduniform-200-20-5,feasible,0.0069570541381835,200,20,5,10000,uncorrelated,True
compact,48798.0,inverse_strongly_correlated_1000-rnduniform-rnduniform-200-20-2,feasible,0.0106871128082275,200,20,2,1000,inverse_strongly_correlated,True
compact,100707.0,span_weakly_correlated_1000-rnduniform-rnduniform-200-20-9,feasible,3600.0002720355988,200,20,9,1000,span_weakly_correlated,False
compact,285991.0,almost_strongly_correlated_1000-rnduniform-rnduniform-1000-100-0,feasible,0.2207758426666259,1000,100,0,1000,almost_strongly_correlated,True
mckp,5025657.0,subset_sum_10000-rnduniform-rnduniform-2000-20-7,feasible,718.1459268790001,2000,20,7,10000,subset_sum,True
mckp,4406596.0,subset_sum_10000-rnduniform-rnduniform-2000-100-0,feasible,105.686780924,2000,100,0,10000,subset_sum,True
compact,785998.0,uncorrelated_1000-rnduniform-rnduniform-2000-20-1,feasible,0.0500497817993164,2000,20,1,1000,uncorrelated,False
compact,72429.0,mstr_1000-rnduniform-rnduniform-200-20-1,feasible,0.0482239723205566,200,20,1,1000,mstr,True
compact,8277330.0,uncorrelated_10000-rnduniform-rnduniform-2000-100-7,feasible,0.1041889190673828,2000,100,7,10000,uncorrelated,False
compact,3838531.0,uncorrelated_10000-rnduniform-rnduniform-1000-20-0,feasible,0.0615160465240478,1000,20,0,10000,uncorrelated,True
compact,6608899.0,strongly_correlated_10000-rnduniform-rnduniform-2000-20-7,feasible,3600.0011899471283,2000,20,7,10000,strongly_correlated,False
mckp,243866.0,span_uncorrelated_1000-rnduniform-rnduniform-2000-20-2,feasible,54.572425124,2000,20,2,1000,span_uncorrelated,True
mckp,892479.0,circle_1000-rnduniform-rnduniform-2000-100-1,feasible,10.919939251,2000,100,1,1000,circle,True
compact,21718.0,inverse_strongly_correlated_1000-rnduniform-rnduniform-100-20-0,feasible,0.0164110660552978,100,20,0,1000,inverse_strongly_correlated,True
mckp,2827783.0,weakly_correlated_10000-rnduniform-rnduniform-1000-100-7,feasible,28.004681919,1000,100,7,10000,weakly_correlated,True
mckp,1120108.0,subset_sum_10000-rnduniform-rnduniform-500-100-1,feasible,10.533723191,500,100,1,10000,subset_sum,True
mckp,7629974.0,uncorrelated_10000-rnduniform-rnduniform-2000-100-1,feasible,97.904801737,2000,100,1,10000,uncorrelated,True
mckp,6858790.0,strongly_correlated_10000-rnduniform-rnduniform-2000-20-9,feasible,1131.610185024,2000,20,9,10000,strongly_correlated,True
mckp,1495244.0,span_strongly_correlated_10000-rnduniform-rnduniform-500-20-0,feasible,22.166536768,500,20,0,10000,span_strongly_correlated,True
compact,519780.0,profit_ceiling_1000-rnduniform-rnduniform-2000-100-7,feasible,0.0706448554992675,2000,100,7,1000,profit_ceiling,True
compact,6101417.0,strongly_correlated_10000-rnduniform-rnduniform-2000-100-3,feasible,3600.0011308193207,2000,100,3,10000,strongly_correlated,False
compact,216276.0,span_strongly_correlated_10000-rnduniform-rnduniform-50-20-1,feasible,0.1027140617370605,50,20,1,10000,span_strongly_correlated,True
mckp,531083.0,weakly_correlated_10000-rnduniform-rnduniform-200-20-5,feasible,3.653863856,200,20,5,10000,weakly_correlated,True
mckp,254541.0,profit_ceiling_1000-rnduniform-rnduniform-1000-20-6,feasible,35.960897880000005,1000,20,6,1000,profit_ceiling,True
mckp,113601.0,subset_sum_1000-rnduniform-rnduniform-500-20-3,feasible,3.4554716009999997,500,20,3,1000,subset_sum,True
compact,508708.0,span_weakly_correlated_1000-rnduniform-rnduniform-1000-20-9,feasible,0.0244419574737548,1000,20,9,1000,span_weakly_correlated,True
mckp,2512945.0,span_strongly_correlated_10000-rnduniform-rnduniform-2000-20-8,feasible,90.827840787,2000,20,8,10000,span_strongly_correlated,True
mckp,62357.0,almost_strongly_correlated_1000-rnduniform-rnduniform-200-20-4,feasible,0.381939959,200,20,4,1000,almost_strongly_correlated,True
compact,253902.0,inverse_strongly_correlated_1000-rnduniform-rnduniform-1000-20-4,feasible,9.476089000701904,1000,20,4,1000,inverse_strongly_correlated,True
compact,678817.0,almost_strongly_correlated_10000-rnduniform-rnduniform-200-20-7,feasible,3600.000258207321,200,20,7,10000,almost_strongly_correlated,False
mckp,489234.0,profit_ceiling_1000-rnduniform-rnduniform-2000-100-4,feasible,14.569772755,2000,100,4,1000,profit_ceiling,True
mckp,723839.0,uncorrelated_10000-rnduniform-rnduniform-200-20-1,feasible,8.848950441,200,20,1,10000,uncorrelated,True
compact,470975.0,circle_1000-rnduniform-rnduniform-1000-100-4,feasible,0.1368451118469238,1000,100,4,1000,circle,True
compact,260802.0,profit_ceiling_1000-rnduniform-rnduniform-1000-100-7,feasible,0.0310661792755126,1000,100,7,1000,profit_ceiling,True
compact,390897.0,span_uncorrelated_1000-rnduniform-rnduniform-500-20-8,feasible,0.1466050148010254,500,20,8,1000,span_uncorrelated,True
mckp,5657811.0,mstr_10000-rnduniform-rnduniform-2000-100-9,feasible,90.5155122,2000,100,9,10000,mstr,True
mckp,232330.0,span_uncorrelated_1000-rnduniform-rnduniform-1000-100-6,feasible,0.5257071560000001,1000,100,6,1000,span_uncorrelated,True
mckp,1560975.0,almost_strongly_correlated_10000-rnduniform-rnduniform-500-20-3,feasible,55.388752671000006,500,20,3,10000,almost_strongly_correlated,True
compact,334004.0,almost_strongly_correlated_1000-rnduniform-rnduniform-1000-100-7,feasible,0.0688879489898681,1000,100,7,1000,almost_strongly_correlated,True
compact,191377.0,uncorrelated_similar-rnduniform-rnduniform-500-20-6,feasible,0.0151820182800292,500,20,6,100000,uncorrelated_similar,True
mckp,536568.0,profit_ceiling_1000-rnduniform-rnduniform-2000-100-9,feasible,10.329970821,2000,100,9,1000,profit_ceiling,True
mckp,77981.0,uncorrelated_1000-rnduniform-rnduniform-200-20-1,feasible,0.380405393,200,20,1,1000,uncorrelated,True
compact,1140915.0,span_uncorrelated_1000-rnduniform-rnduniform-2000-100-3,feasible,0.6004650592803955,2000,100,3,1000,span_uncorrelated,True
mckp,395555.0,uncorrelated_10000-rnduniform-rnduniform-100-20-9,feasible,3.059950336,100,20,9,10000,uncorrelated,True
mckp,255877.0,weakly_correlated_1000-rnduniform-rnduniform-1000-100-2,feasible,2.246967686,1000,100,2,1000,weakly_correlated,True
mckp,2565009.0,inverse_strongly_correlated_10000-rnduniform-rnduniform-1000-100-3,feasible,21.109408858,1000,100,3,10000,inverse_strongly_correlated,True
mckp,82946.0,circle_1000-rnduniform-rnduniform-200-100-0,feasible,0.337521479,200,100,0,1000,circle,True
compact,125712.0,profit_ceiling_1000-rnduniform-rnduniform-500-20-5,feasible,0.0058729648590087,500,20,5,1000,profit_ceiling,True
compact,4640784.0,subset_sum_10000-rnduniform-rnduniform-2000-20-2,feasible,0.0131299495697021,2000,20,2,10000,subset_sum,True
compact,55987.0,weakly_correlated_1000-rnduniform-rnduniform-200-20-7,feasible,0.1289300918579101,200,20,7,1000,weakly_correlated,True
compact,63928.0,span_strongly_correlated_1000-rnduniform-rnduniform-200-100-1,feasible,0.0118360519409179,200,100,1,1000,span_strongly_correlated,True
mckp,679347.0,almost_strongly_correlated_1000-rnduniform-rnduniform-2000-100-8,feasible,11.836693173,2000,100,8,1000,almost_strongly_correlated,True
compact,613651.0,span_weakly_correlated_1000-rnduniform-rnduniform-2000-100-5,feasible,3600.0012950897217,2000,100,5,1000,span_weakly_correlated,False
compact,1489590.0,span_weakly_correlated_10000-rnduniform-rnduniform-500-20-2,feasible,3600.000496864319,500,20,2,10000,span_weakly_correlated,False
compact,2731454.0,span_strongly_correlated_10000-rnduniform-rnduniform-500-20-4,feasible,3600.000506162643,500,20,4,10000,span_strongly_correlated,False
compact,11866.0,span_uncorrelated_1000-rnduniform-rnduniform-50-20-1,feasible,0.004127025604248,50,20,1,1000,span_uncorrelated,True
compact,355529.0,uncorrelated_similar-rnduniform-rnduniform-1000-100-3,feasible,0.0345790386199951,1000,100,3,100000,uncorrelated_similar,True
mckp,285991.0,almost_strongly_correlated_1000-rnduniform-rnduniform-1000-100-0,feasible,1.536440875,1000,100,0,1000,almost_strongly_correlated,True
mckp,274203.0,weakly_correlated_1000-rnduniform-rnduniform-1000-100-6,feasible,2.374037466,1000,100,6,1000,weakly_correlated,True
compact,61683.0,span_uncorrelated_1000-rnduniform-rnduniform-200-20-1,feasible,0.0155720710754394,200,20,1,1000,span_uncorrelated,True
mckp,253378.0,subset_sum_1000-rnduniform-rnduniform-1000-20-6,feasible,14.935339566,1000,20,6,1000,subset_sum,True
compact,352075.0,uncorrelated_similar-rnduniform-rnduniform-1000-100-2,feasible,0.0428049564361572,1000,100,2,100000,uncorrelated_similar,True
mckp,78330.0,uncorrelated_1000-rnduniform-rnduniform-200-20-9,feasible,0.2673613749999999,200,20,9,1000,uncorrelated,True
mckp,364747.0,uncorrelated_similar-rnduniform-rnduniform-1000-100-5,feasible,545.937092236,1000,100,5,100000,uncorrelated_similar,True
compact,474136.0,span_strongly_correlated_1000-rnduniform-rnduniform-2000-20-5,feasible,0.0148868560791015,2000,20,5,1000,span_strongly_correlated,True
mckp,91597.0,span_strongly_correlated_1000-rnduniform-rnduniform-500-20-4,feasible,1.585567729,500,20,4,1000,span_strongly_correlated,True
compact,205573.0,uncorrelated_1000-rnduniform-rnduniform-500-20-6,feasible,0.061378002166748,500,20,6,1000,uncorrelated,True
compact,752250.0,mstr_1000-rnduniform-rnduniform-2000-100-2,feasible,539.2882649898529,2000,100,2,1000,mstr,False
mckp,326828.0,span_weakly_correlated_1000-rnduniform-rnduniform-1000-100-0,feasible,2.076770467,1000,100,0,1000,span_weakly_correlated,True
mckp,105092.0,span_uncorrelated_1000-rnduniform-rnduniform-200-100-1,feasible,0.507738492,200,100,1,1000,span_uncorrelated,True
compact,501250.0,circle_1000-rnduniform-rnduniform-1000-20-7,feasible,23.629474878311157,1000,20,7,1000,circle,False
compact,769714.0,span_uncorrelated_1000-rnduniform-rnduniform-2000-20-6,feasible,0.0243079662322998,2000,20,6,1000,span_uncorrelated,True
compact,642240.0,span_strongly_correlated_10000-rnduniform-rnduniform-200-20-0,feasible,3600.0004160404205,200,20,0,10000,span_strongly_correlated,False
mckp,51915.0,profit_ceiling_1000-rnduniform-rnduniform-200-20-6,feasible,0.317594306,200,20,6,1000,profit_ceiling,True
mckp,462641.0,span_weakly_correlated_10000-rnduniform-rnduniform-100-20-2,feasible,5.579302944,100,20,2,10000,span_weakly_correlated,True
compact,4782816.0,circle_10000-rnduniform-rnduniform-1000-100-5,feasible,0.2056119441986084,1000,100,5,10000,circle,False
mckp,5340497.0,subset_sum_10000-rnduniform-rnduniform-2000-20-9,feasible,882.43978821,2000,20,9,10000,subset_sum,True
mckp,3825355.0,uncorrelated_10000-rnduniform-rnduniform-1000-20-1,feasible,501.916449213,1000,20,1,10000,uncorrelated,True
mckp,802750.0,span_weakly_correlated_10000-rnduniform-rnduniform-500-100-0,feasible,6.478436786,500,100,0,10000,span_weakly_correlated,True
mckp,210782.0,mstr_1000-rnduniform-rnduniform-500-20-8,feasible,4.329600793,500,20,8,1000,mstr,True
compact,99424.0,span_uncorrelated_1000-rnduniform-rnduniform-500-20-5,feasible,1.812506914138794,500,20,5,1000,span_uncorrelated,True
mckp,2224296.0,subset_sum_10000-rnduniform-rnduniform-1000-100-1,feasible,21.624772469,1000,100,1,10000,subset_sum,True
compact,2648202.0,profit_ceiling_10000-rnduniform-rnduniform-1000-100-8,feasible,0.1322550773620605,1000,100,8,10000,profit_ceiling,True
compact,295952.0,strongly_correlated_1000-rnduniform-rnduniform-1000-20-2,feasible,3600.000702857971,1000,20,2,1000,strongly_correlated,False
mckp,124621.0,span_weakly_correlated_10000-rnduniform-rnduniform-100-20-6,feasible,1.374364786,100,20,6,10000,span_weakly_correlated,True
mckp,10357916.0,circle_10000-rnduniform-rnduniform-2000-20-9,feasible,1705.583394161,2000,20,9,10000,circle,True
mckp,1143636.0,profit_ceiling_10000-rnduniform-rnduniform-500-20-1,feasible,57.648075751,500,20,1,10000,profit_ceiling,True
compact,5504866.0,inverse_strongly_correlated_10000-rnduniform-rnduniform-2000-100-7,feasible,3600.0010731220245,2000,100,7,10000,inverse_strongly_correlated,False
mckp,248823.0,profit_ceiling_1000-rnduniform-rnduniform-1000-100-4,feasible,1.585729861,1000,100,4,1000,profit_ceiling,True
mckp,47272.0,inverse_strongly_correlated_1000-rnduniform-rnduniform-200-20-0,feasible,0.3956930409999999,200,20,0,1000,inverse_strongly_correlated,True
compact,1295700.0,profit_ceiling_10000-rnduniform-rnduniform-500-20-5,feasible,3600.000587940216,500,20,5,10000,profit_ceiling,False
compact,444031.0,circle_10000-rnduniform-rnduniform-100-20-0,feasible,0.0840129852294921,100,20,0,10000,circle,True
mckp,4432.0,span_weakly_correlated_1000-rnduniform-rnduniform-100-20-5,feasible,0.038278263,100,20,5,1000,span_weakly_correlated,True
compact,2066499.0,span_strongly_correlated_10000-rnduniform-rnduniform-500-20-2,feasible,3600.000473022461,500,20,2,10000,span_strongly_correlated,False
mckp,2826343.0,mstr_10000-rnduniform-rnduniform-1000-20-9,feasible,260.07703234900004,1000,20,9,10000,mstr,True
compact,247708.0,circle_1000-rnduniform-rnduniform-500-20-6,feasible,715.1293051242828,500,20,6,1000,circle,True
compact,275721.0,weakly_correlated_1000-rnduniform-rnduniform-1000-100-7,feasible,0.0457007884979248,1000,100,7,1000,weakly_correlated,True
mckp,394916.0,uncorrelated_1000-rnduniform-rnduniform-1000-20-2,feasible,55.770153490999995,1000,20,2,1000,uncorrelated,True
mckp,379863.0,uncorrelated_similar-rnduniform-rnduniform-1000-100-6,feasible,352.729861749,1000,100,6,100000,uncorrelated_similar,True
mckp,501995.0,inverse_strongly_correlated_10000-rnduniform-rnduniform-200-20-3,feasible,6.101867325000001,200,20,3,10000,inverse_strongly_correlated,True
compact,2256909.0,profit_ceiling_10000-rnduniform-rnduniform-1000-20-2,feasible,0.0289850234985351,1000,20,2,10000,profit_ceiling,False
mckp,4807128.0,span_uncorrelated_10000-rnduniform-rnduniform-1000-100-6,feasible,33.155481064,1000,100,6,10000,span_uncorrelated,True
compact,503526.0,circle_1000-rnduniform-rnduniform-1000-20-6,feasible,0.2029681205749511,1000,20,6,1000,circle,True
mckp,367368.0,uncorrelated_similar-rnduniform-rnduniform-1000-20-3,feasible,1158.790868493,1000,20,3,100000,uncorrelated_similar,True
mckp,527507.0,subset_sum_1000-rnduniform-rnduniform-2000-100-9,feasible,11.365854445,2000,100,9,1000,subset_sum,True
compact,81515.0,circle_1000-rnduniform-rnduniform-200-100-1,feasible,0.0043811798095703,200,100,1,1000,circle,True
compact,1247732.0,weakly_correlated_10000-rnduniform-rnduniform-500-20-0,feasible,0.044543981552124,500,20,0,10000,weakly_correlated,False
mckp,3357445.0,almost_strongly_correlated_10000-rnduniform-rnduniform-1000-100-9,feasible,0.25062170859808475,1000,100,9,10000,almost_strongly_correlated,False
mckp,911842.0,circle_1000-rnduniform-rnduniform-2000-100-2,feasible,1.4207948213582038,2000,100,2,1000,circle,False
mckp,790041.0,mstr_1000-rnduniform-rnduniform-2000-100-4,feasible,0.6050962203017335,2000,100,4,1000,mstr,False
mckp,10000184.0,circle_10000-rnduniform-rnduniform-2000-100-6,feasible,0.5193917758350074,2000,100,6,10000,circle,False
mckp,21085.0,span_uncorrelated_1000-rnduniform-rnduniform-50-20-9,feasible,0.0008855517405829648,50,20,9,1000,span_uncorrelated,True
mckp,845179.0,mstr_1000-rnduniform-rnduniform-2000-100-9,feasible,41.466891120113104,2000,100,9,1000,mstr,False
mckp,8377680.0,uncorrelated_10000-rnduniform-rnduniform-2000-20-7,feasible,0.03742081146538439,2000,20,7,10000,uncorrelated,True
mckp,746501.0,uncorrelated_similar-rnduniform-rnduniform-2000-20-6,feasible,0.07090247806918669,2000,20,6,100000,uncorrelated_similar,True
mckp,5374294.999999994,inverse_strongly_correlated_10000-rnduniform-rnduniform-2000-100-6,feasible,1.1144852640988603,2000,100,6,10000,inverse_strongly_correlated,False
mckp,9670916.0,circle_10000-rnduniform-rnduniform-2000-100-5,feasible,0.8452125230204999,2000,100,5,10000,circle,False
mckp,155005.0,uncorrelated_10000-rnduniform-rnduniform-50-20-2,feasible,0.0007436482394172564,50,20,2,10000,uncorrelated,True
